INSERT INTO Movie(Movie_ID, Title, Poster, Description, Release_Date, IMDB_ID) VALUES
(1, 'Whiplash', 'lIv1QinFqz4dlp5U4lQ6HaiskOZ.jpg', 'Under the direction of a ruthless instructor, a talented young drummer begins to pursue perfection at any cost, even his humanity.', to_date('2014-10-10', 'YYYY-MM-DD'), 'tt2582802'),
(2, 'The Shawshank Redemption', '9O7gLzmreU0nGkIB6K3BsJbzvNv.jpg', 'Framed in the 1940s for the double murder of his wife and her lover, upstanding banker Andy Dufresne begins a new life at the Shawshank prison, where he puts his accounting skills to work for an amoral warden. During his long stretch in prison, Dufresne comes to be admired by the other inmates -- including an older prisoner named Red -- for his integrity and unquenchable sense of hope.', to_date('1994-09-10', 'YYYY-MM-DD'), 'tt0111161'),
(3, 'Interstellar', 'nBNZadXqJSdt05SHLqgT0HuC5Gm.jpg', 'Interstellar chronicles the adventures of a group of explorers who make use of a newly discovered wormhole to surpass the limitations on human space travel and conquer the vast distances involved in an interstellar voyage.', to_date('2014-11-05', 'YYYY-MM-DD'), 'tt0816692'),
(4, 'The Godfather', 'd4KNaTrltq6bpkFS01pYtyXa09m.jpg', 'The story spans the years from 1945 to 1955 and chronicles the fictional Italian-American Corleone crime family. When organized crime family patriarch Vito Corleone barely survives an attempt on his life, his youngest son, Michael, steps in to take care of the would-be killers, launching a campaign of bloody revenge.', to_date('1972-03-15', 'YYYY-MM-DD'), 'tt0068646'),
(5, 'Intouchables', '4mFsNQwbD0F237Tx7gAPotd0nbJ.jpg', 'A true story of two men who should never have met - a quadriplegic aristocrat who was injured in a paragliding accident and a young man from the projects.', to_date('2011-11-02', 'YYYY-MM-DD'), 'tt1675434'),
(6, '千と千尋の神隠し', 'dL11DBPcRhWWnJcFXl9A07MrqTI.jpg', 'Spirited Away is an Oscar winning Japanese animated film about a ten year old girl who wanders away from her parents along a path that leads to a world ruled by strange and unusual monster-like animals. Her parents have been changed into pigs along with others inside a bathhouse full of these creatures. Will she ever see the world how it once was?', to_date('2001-07-20', 'YYYY-MM-DD'), 'tt0245429'),
(7, 'La vita è bella', 'f7DImXDebOs148U4uPjI61iDvaK.jpg', 'A touching story of an Italian book seller of Jewish ancestry who lives in his own little fairy tale. His creative and happy life would come to an abrupt halt when his entire family is deported to a concentration camp during World War II. While locked up he tries to convince his son that the whole thing is just a game.', to_date('1997-12-20', 'YYYY-MM-DD'), 'tt0118799'),
(8, 'Inside Out', 'aAmfIX3TT40zUHGcCKrlOZRKC7u.jpg', 'Growing up can be a bumpy road, and it''s no exception for Riley, who is uprooted from her Midwest life when her father starts a new job in San Francisco. Like all of us, Riley is guided by her emotions - Joy, Fear, Anger, Disgust and Sadness. The emotions live in Headquarters, the control center inside Riley''s mind, where they help advise her through everyday life. As Riley and her emotions struggle to adjust to a new life in San Francisco, turmoil ensues in Headquarters. Although Joy, Riley''s main and most important emotion, tries to keep things positive, the emotions conflict on how best to navigate a new city, house and school.', to_date('2015-06-09', 'YYYY-MM-DD'), 'tt2096673'),
(9, 'The Godfather: Part II', 'tHbMIIF51rguMNSastqoQwR0sBs.jpg', 'The continuing saga of the Corleone crime family tells the story of a young Vito Corleone growing up in Sicily and in 1910s New York; and follows Michael Corleone in the 1950s as he attempts to expand the family business into Las Vegas, Hollywood and Cuba', to_date('1974-12-20', 'YYYY-MM-DD'), 'tt0071562'),
(10, 'Guardians of the Galaxy', 'y31QB9kn3XSudA15tV7UWQ9XLuW.jpg', 'Light years from Earth, 26 years after being abducted, Peter Quill finds himself the prime target of a manhunt after discovering an orb wanted by Ronan the Accuser.', to_date('2014-07-30', 'YYYY-MM-DD'), 'tt2015381'),
(11, 'The Dark Knight', '1hRoyzDtpgMU7Dz4JF22RANzQO7.jpg', 'Batman raises the stakes in his war on crime. With the help of Lt. Jim Gordon and District Attorney Harvey Dent, Batman sets out to dismantle the remaining criminal organizations that plague the streets. The partnership proves to be effective, but they soon find themselves prey to a reign of chaos unleashed by a rising criminal mastermind known to the terrified citizens of Gotham as the Joker.', to_date('2008-07-16', 'YYYY-MM-DD'), 'tt0468569'),
(12, 'Fight Club', '811DjJTon9gD6hZ8nCjSitaIXFQ.jpg', 'A ticking-time-bomb insomniac and a slippery soap salesman channel primal male aggression into a shocking new form of therapy. Their concept catches on, with underground "fight clubs" forming in every town, until an eccentric gets in the way and ignites an out-of-control spiral toward oblivion.', to_date('1999-10-14', 'YYYY-MM-DD'), 'tt0137523'),
(13, 'Schindler''s List', 'yPisjyLweCl1tbgwgtzBCNCBle.jpg', 'Told from the perspective of businessman Oskar Schindler who saved over a thousand Jewish lives from the Nazis while they worked as slaves in his factory. Schindler’s List is based on a true story, illustrated in black and white and controversially filmed in many original locations.', to_date('1993-11-29', 'YYYY-MM-DD'), 'tt0108052'),
(14, 'The Imitation Game', 'noUp0XOqIcmgefRnRZa1nhtRvWO.jpg', 'Based on the real life story of legendary cryptanalyst Alan Turing, the film portrays the nail-biting race against time by Turing and his brilliant team of code-breakers at Britain''s top-secret Government Code and Cypher School at Bletchley Park, during the darkest days of World War II.', to_date('2014-11-14', 'YYYY-MM-DD'), 'tt2084970'),
(15, 'Pulp Fiction', 'dM2w364MScsjFf8pfMbaWUcWrR.jpg', 'A burger-loving hit man, his philosophical partner, a drug-addled gangster''s moll and a washed-up boxer converge in this sprawling, comedic crime caper. Their adventures unfurl in three stories that ingeniously trip back and forth in time.', to_date('1994-10-14', 'YYYY-MM-DD'), 'tt0110912'),
(16, 'Forrest Gump', 'z4ROnCrL77ZMzT0MsNXY5j25wS2.jpg', 'A man with a low IQ has accomplished great things in his life and been present during significant historic events - in each case, far exceeding what anyone imagined he could do. Yet, despite all the things he has attained, his one true love eludes him. ''Forrest Gump'' is the story of a man who rose above his challenges, and who proved that determination, courage, and love are more important than ability.', to_date('1994-06-22', 'YYYY-MM-DD'), 'tt0109830'),
(17, 'Gone Girl', 'gdiLTof3rbPDAmPaCf4g6op46bj.jpg', 'With his wife''s disappearance having become the focus of an intense media circus, a man sees the spotlight turned on him when it''s suspected that he may not be innocent.', to_date('2014-10-01', 'YYYY-MM-DD'), 'tt2267998'),
(18, 'Goodfellas', 'ckDwlkT8V71rQxqmxFgzS91rjlR.jpg', 'Henry Hill is a small time gangster, who takes part in a robbery with Jimmy Conway and Tommy De Vito, two other gangsters who have set their sights a bit higher. His two partners kill off everyone else involved in the robbery, and slowly start to climb up through the hierarchy of the Mob. Henry, however, is badly affected by his partners success, but will he stoop low enough to bring about the downfall of Jimmy and Tommy?', to_date('1990-09-12', 'YYYY-MM-DD'), 'tt0099685'),
(19, 'Star Wars: Episode V - The Empire Strikes Back', '6u1fYtxG5eqjhtCPDx04pJphQRW.jpg', 'The epic saga continues as Luke Skywalker, in hopes of defeating the evil Galactic Empire, learns the ways of the Jedi from aging master Yoda. But Darth Vader is more determined than ever to capture Luke. Meanwhile, rebel leader Princess Leia, cocky Han Solo, Chewbacca, and droids C-3PO and R2-D2 are thrown into various stages of capture, betrayal and despair.', to_date('1980-01-01', 'YYYY-MM-DD'), 'tt0080684'),
(20, 'The Wolf of Wall Street', 'vK1o5rZGqxyovfIhZyMELhk03wO.jpg', 'A New York stockbroker refuses to cooperate in a large securities fraud case involving corruption on Wall Street, corporate banking world and mob infiltration. Based on Jordan Belfort''s autobiography.', to_date('2013-12-25', 'YYYY-MM-DD'), 'tt0993846');

INSERT INTO Director(Director_ID, Name) VALUES
(1, 'Damien Chazelle'),
(2, 'Frank Darabont'),
(3, 'Christopher Nolan'),
(4, 'Francis Ford Coppola'),
(5, 'Eric Toledano'),
(6, 'Olivier Nakache'),
(7, 'Hayao Miyazaki'),
(8, 'Roberto Benigni'),
(9, 'Pete Docter'),
(10, 'Ronaldo Del Carmen'),
(11, 'James Gunn'),
(12, 'David Fincher'),
(13, 'Steven Spielberg'),
(14, 'Morten Tyldum'),
(15, 'Quentin Tarantino'),
(16, 'Robert Zemeckis'),
(17, 'Martin Scorsese'),
(18, 'Irvin Kershner');

INSERT INTO MovieDirector(Movie_ID, Director_ID) VALUES
(1, 1),
(2, 2),
(3, 3),
(4, 4),
(5, 5),
(5, 6),
(6, 7),
(7, 8),
(8, 9),
(8, 10),
(9, 4),
(10, 11),
(11, 3),
(12, 12),
(13, 13),
(14, 14),
(15, 15),
(16, 16),
(17, 12),
(18, 17),
(19, 18),
(20, 17);

INSERT INTO Actor(Actor_ID, Name, DOB) VALUES
(1, 'Miles Teller', to_date('1987-02-20', 'YYYY-MM-DD')),
(2, 'J.K. Simmons', to_date('1955-01-09', 'YYYY-MM-DD')),
(3, 'Melissa Benoist', to_date('1988-10-04', 'YYYY-MM-DD')),
(4, 'Austin Stowell', to_date('1984-12-24', 'YYYY-MM-DD')),
(5, 'Jayson Blair', null),
(6, 'Kavita Patil', null),
(7, 'Paul Reiser', to_date('1957-03-30', 'YYYY-MM-DD')),
(8, 'Nate Lang', null),
(9, 'Chris Mulkey', to_date('1948-05-03', 'YYYY-MM-DD')),
(10, 'Damon Gupton', null),
(11, 'Suanne Spoke', null),
(12, 'Max Kasch', to_date('1985-12-06', 'YYYY-MM-DD')),
(13, 'Charlie Ian', null),
(14, 'Kofi Siriboe', null),
(15, 'C.J. Vana', null),
(16, 'Tarik Lowe', null),
(17, 'Tyler Kimball', null),
(18, 'Rogelio Douglas Jr.', null),
(19, 'Adrian Burks', null),
(20, 'Joseph Bruno', null),
(21, 'Michael D. Cohen', null),
(22, 'Jocelyn Ayanna', null),
(23, 'Keenan Henson', null),
(24, 'Janet Hoskins', null),
(25, 'April Grace', to_date('1962-05-12', 'YYYY-MM-DD')),
(26, 'Clifton ''Fou Fou'' Eddie', null),
(27, 'Calvin C. Winbush', null),
(28, 'Marcus Henderson', null),
(29, 'Tony Baker', null),
(30, 'Henry G. Sanders', to_date('1942-08-18', 'YYYY-MM-DD')),
(31, 'Sam Campisi', null),
(32, 'Jimmie Kirkpatrick', null),
(33, 'Keenan Allen', null),
(34, 'Ayinde Vaughan', null),
(35, 'Shai Golan', null),
(36, 'Yancey Wells', null),
(37, 'Candace Roberge', null),
(38, 'Krista Kilber', null),
(39, 'Cici Leah Campbell', null),
(40, 'Damien Coates', null),
(41, 'Kyle Julian Graham', null),
(42, 'Ellee Jane Hounsell', null),
(43, 'Stephen Hsu', null),
(44, 'Herman Johansen', null),
(45, 'Wendee Lee', to_date('1960-02-20', 'YYYY-MM-DD')),
(46, 'Dakota Lupo', null),
(47, 'Jesse Mitchell', null),
(48, 'Amanda Newman', null),
(49, 'Joseph Oliveira', null),
(50, 'Michelle Ruff', to_date('1966-09-22', 'YYYY-MM-DD')),
(51, 'Daniel Weidlein', null),
(52, 'Tim Robbins', to_date('1958-10-16', 'YYYY-MM-DD')),
(53, 'Morgan Freeman', to_date('1937-06-01', 'YYYY-MM-DD')),
(54, 'Bob Gunton', to_date('1945-11-15', 'YYYY-MM-DD')),
(55, 'William Sadler', to_date('1950-04-13', 'YYYY-MM-DD')),
(56, 'Clancy Brown', to_date('1959-01-05', 'YYYY-MM-DD')),
(57, 'Gil Bellows', to_date('1967-06-28', 'YYYY-MM-DD')),
(58, 'Mark Rolston', to_date('1956-12-07', 'YYYY-MM-DD')),
(59, 'James Whitmore', to_date('1921-10-01', 'YYYY-MM-DD')),
(60, 'Jeffrey DeMunn', to_date('1947-04-25', 'YYYY-MM-DD')),
(61, 'Larry Brandenburg', to_date('1948-05-03', 'YYYY-MM-DD')),
(62, 'Neil Giuntoli', to_date('1959-12-20', 'YYYY-MM-DD')),
(63, 'Brian Libby', null),
(64, 'David Proval', to_date('1942-05-20', 'YYYY-MM-DD')),
(65, 'Joseph Ragno', null),
(66, 'Jude Ciccolella', to_date('1947-11-30', 'YYYY-MM-DD')),
(67, 'Paul McCrane', to_date('1961-01-19', 'YYYY-MM-DD')),
(68, 'Renee Blaine', null),
(69, 'Scott Mann', null),
(70, 'John Horton', null),
(71, 'Gordon Greene', null),
(72, 'Alfonso Freeman', to_date('1959-09-13', 'YYYY-MM-DD')),
(73, 'V.J. Foster', null),
(74, 'Frank Medrano', to_date('1954-04-09', 'YYYY-MM-DD')),
(75, 'Mack Miles', null),
(76, 'Gary Lee Davis', null),
(77, 'Neil Summers', null),
(78, 'Ned Bellamy', to_date('1957-05-07', 'YYYY-MM-DD')),
(79, 'Brian Delate', to_date('1949-04-08', 'YYYY-MM-DD')),
(80, 'Don McManus', to_date('1959-11-08', 'YYYY-MM-DD')),
(81, 'Dorothy Silver', null),
(82, 'Dion Anderson', null),
(83, 'Robert Haley', null),
(84, 'Bill Bolender', null),
(85, 'John R. Woodward', null),
(86, 'Rohn Thomas', null),
(87, 'Brian Brophy', null),
(88, 'James Babson', to_date('1974-10-24', 'YYYY-MM-DD')),
(89, 'Fred Culbertson', null),
(90, 'Alonzo F. Jones', to_date('1970-06-13', 'YYYY-MM-DD')),
(91, 'Sergio Kato', to_date('1960-07-15', 'YYYY-MM-DD')),
(92, 'Philip Ettington', to_date('1966-06-04', 'YYYY-MM-DD')),
(93, 'Matthew McConaughey', to_date('1969-11-04', 'YYYY-MM-DD')),
(94, 'Anne Hathaway', to_date('1982-11-12', 'YYYY-MM-DD')),
(95, 'Jessica Chastain', to_date('1977-03-24', 'YYYY-MM-DD')),
(96, 'Michael Caine', to_date('1933-03-14', 'YYYY-MM-DD')),
(97, 'Casey Affleck', to_date('1975-08-12', 'YYYY-MM-DD')),
(98, 'Mackenzie Foy', to_date('2000-11-10', 'YYYY-MM-DD')),
(99, 'Timothée Chalamet', null),
(100, 'Bill Irwin', to_date('1950-04-11', 'YYYY-MM-DD')),
(101, 'Matt Damon', to_date('1970-10-08', 'YYYY-MM-DD')),
(102, 'Ellen Burstyn', to_date('1932-12-07', 'YYYY-MM-DD')),
(103, 'John Lithgow', to_date('1945-10-19', 'YYYY-MM-DD')),
(104, 'Wes Bentley', to_date('1978-09-04', 'YYYY-MM-DD')),
(105, 'Topher Grace', to_date('1978-07-12', 'YYYY-MM-DD')),
(106, 'David Oyelowo', to_date('1976-04-01', 'YYYY-MM-DD')),
(107, 'David Gyasi', to_date('1980-01-02', 'YYYY-MM-DD')),
(108, 'William Devane', to_date('1939-09-05', 'YYYY-MM-DD')),
(109, 'Josh Stewart', to_date('1977-02-06', 'YYYY-MM-DD')),
(110, 'Collette Wolfe', to_date('1980-04-04', 'YYYY-MM-DD')),
(111, 'Leah Cairns', to_date('1974-06-02', 'YYYY-MM-DD')),
(112, 'Russ Fega', null),
(113, 'Lena Georgas', to_date('1979-07-05', 'YYYY-MM-DD')),
(114, 'Jeff Hephner', to_date('1975-06-22', 'YYYY-MM-DD')),
(115, 'Elyes Gabel', to_date('1983-05-08', 'YYYY-MM-DD')),
(116, 'Brooke Smith', to_date('1967-05-22', 'YYYY-MM-DD')),
(117, 'Liam Dickinson', null),
(118, 'Francis X. McCarthy', to_date('1942-02-15', 'YYYY-MM-DD')),
(119, 'Andrew Borba', null),
(120, 'Flora Nolan', null),
(121, 'William Patrick Brown', null),
(122, 'Kristian Van der Heyden', null),
(123, 'Mark Casimir Dyniewicz', null),
(124, 'Marlon Brando', to_date('1924-04-03', 'YYYY-MM-DD')),
(125, 'Al Pacino', to_date('1940-04-25', 'YYYY-MM-DD')),
(126, 'James Caan', to_date('1940-03-26', 'YYYY-MM-DD')),
(127, 'Richard S. Castellano', to_date('1933-09-04', 'YYYY-MM-DD')),
(128, 'Robert Duvall', to_date('1931-01-05', 'YYYY-MM-DD')),
(129, 'Sterling Hayden', to_date('1916-03-26', 'YYYY-MM-DD')),
(130, 'John Marley', to_date('1907-10-17', 'YYYY-MM-DD')),
(131, 'Richard Conte', to_date('1910-03-24', 'YYYY-MM-DD')),
(132, 'Al Lettieri', to_date('1928-02-24', 'YYYY-MM-DD')),
(133, 'Diane Keaton', to_date('1946-01-05', 'YYYY-MM-DD')),
(134, 'Abe Vigoda', to_date('1921-02-24', 'YYYY-MM-DD')),
(135, 'Talia Shire', to_date('1946-04-25', 'YYYY-MM-DD')),
(136, 'Gianni Russo', to_date('1943-12-12', 'YYYY-MM-DD')),
(137, 'John Cazale', to_date('1935-08-12', 'YYYY-MM-DD')),
(138, 'Rudy Bond', to_date('1912-10-01', 'YYYY-MM-DD')),
(139, 'Al Martino', to_date('1927-10-07', 'YYYY-MM-DD')),
(140, 'Morgana King', to_date('1930-07-04', 'YYYY-MM-DD')),
(141, 'Lenny Montana', to_date('1926-03-13', 'YYYY-MM-DD')),
(142, 'John Martino', to_date('1937-05-05', 'YYYY-MM-DD')),
(143, 'Salvatore Corsitto', null),
(144, 'Alex Rocco', to_date('1936-02-29', 'YYYY-MM-DD')),
(145, 'Tony Giorgio', to_date('1923-09-27', 'YYYY-MM-DD')),
(146, 'Victor Rendina', null),
(147, 'Simonetta Stefanelli', to_date('1954-11-30', 'YYYY-MM-DD')),
(148, 'Saro Urzì', to_date('1913-02-24', 'YYYY-MM-DD')),
(149, 'Sofia Coppola', to_date('1971-05-14', 'YYYY-MM-DD')),
(150, 'Louis Guss', to_date('1918-01-04', 'YYYY-MM-DD')),
(151, 'Gabriele Torrei', null),
(152, 'Tony King', null),
(153, 'Richard Bright', to_date('1937-06-28', 'YYYY-MM-DD')),
(154, 'Vito Scotti', to_date('1918-01-26', 'YYYY-MM-DD')),
(155, 'Tere Livrano', null),
(156, 'Julie Gregg', to_date('1944-01-24', 'YYYY-MM-DD')),
(157, 'Angelo Infanti', to_date('1939-02-16', 'YYYY-MM-DD')),
(158, 'Corrado Gaipa', null),
(159, 'Franco Citti', to_date('1935-04-23', 'YYYY-MM-DD')),
(160, 'Max Brandt', null),
(161, 'Carmine Coppola', to_date('1910-06-11', 'YYYY-MM-DD')),
(162, 'Roman Coppola', to_date('1965-04-22', 'YYYY-MM-DD')),
(163, 'Don Costello', null),
(164, 'Robert Dahdah', null),
(165, 'Gray Frederickson', null),
(166, 'Ron Gilbert', null),
(167, 'Joe Lo Grippo', to_date('1939-04-03', 'YYYY-MM-DD')),
(168, 'Sonny Grosso', null),
(169, 'Randy Jurgensen', null),
(170, 'Tony Lip', to_date('1930-07-30', 'YYYY-MM-DD')),
(171, 'Lou Martini Jr.', null),
(172, 'Raymond Martino', null),
(173, 'Joseph Medaglia', null),
(174, 'Rick Petrucelli', null),
(175, 'Sal Richards', null),
(176, 'Tom Rosqui', null),
(177, 'Frank Sivero', to_date('1952-01-06', 'YYYY-MM-DD')),
(178, 'Filomena Spagnuolo', null),
(179, 'Joe Spinell', to_date('1936-10-28', 'YYYY-MM-DD')),
(180, 'Nick Vallelonga', to_date('1959-09-13', 'YYYY-MM-DD')),
(181, 'Conrad Yama', null),
(182, 'François Cluzet', to_date('1955-09-21', 'YYYY-MM-DD')),
(183, 'Omar Sy', to_date('1978-01-20', 'YYYY-MM-DD')),
(184, 'Anne Le Ny', to_date('1962-12-16', 'YYYY-MM-DD')),
(185, 'Audrey Fleurot', to_date('1977-07-06', 'YYYY-MM-DD')),
(186, 'Clotilde Mollet', null),
(187, 'Alba Gaïa Kraghede Bellugi', to_date('1995-03-05', 'YYYY-MM-DD')),
(188, 'Cyril Mendy', null),
(189, 'Christian Ameri', null),
(190, 'Marie-Laure Descoureaux', null),
(191, 'Salimata Kamate', null),
(192, 'Absa Diatou Toure', null),
(193, 'Dominique Daguier', null),
(194, 'François Caron', null),
(195, 'Thomas Solivéres', to_date('1990-07-11', 'YYYY-MM-DD')),
(196, 'Grégoire Oestermann', null),
(197, 'Rumi Hiiragi', to_date('1987-08-01', 'YYYY-MM-DD')),
(198, 'Miyu Irino', null),
(199, 'Mari Natsuki', to_date('1952-05-02', 'YYYY-MM-DD')),
(200, 'Takashi Naitô', to_date('1955-05-27', 'YYYY-MM-DD')),
(201, 'Yasuko Sawaguchi', to_date('1965-06-11', 'YYYY-MM-DD')),
(202, 'Tatsuya Gashûin', to_date('1950-12-10', 'YYYY-MM-DD')),
(203, 'Yumi Tamai', null),
(204, 'Yo Oizumi', null),
(205, 'Koba Hayashi', null),
(206, 'Tsunehiko Kamijô', null),
(207, 'Takehiko Ono', to_date('1942-08-01', 'YYYY-MM-DD')),
(208, 'Ryunosuke Kamiki', to_date('1993-05-19', 'YYYY-MM-DD')),
(209, 'Bunta Sugawara', null),
(210, 'Nicoletta Braschi', to_date('1960-08-10', 'YYYY-MM-DD')),
(211, 'Roberto Benigni', to_date('1952-10-27', 'YYYY-MM-DD')),
(212, 'Giorgio Cantarini', to_date('1992-12-05', 'YYYY-MM-DD')),
(213, 'Giustino Durano', to_date('1923-05-05', 'YYYY-MM-DD')),
(214, 'Amerigo Fontani', to_date('1955-06-15', 'YYYY-MM-DD')),
(215, 'Sergio Bini Bustric', null),
(216, 'Lidia Alfonsi', to_date('1928-04-28', 'YYYY-MM-DD')),
(217, 'Horst Buchholz', to_date('1933-12-04', 'YYYY-MM-DD')),
(218, 'Pietro De Silva', null),
(219, 'Marisa Paredes', to_date('1946-04-03', 'YYYY-MM-DD')),
(220, 'Giuliana Lojodice', to_date('1940-08-12', 'YYYY-MM-DD')),
(221, 'Francesco Guzzo', null),
(222, 'Adelaide Alaïs', null),
(223, 'Verena Buratti', to_date('1965-04-12', 'YYYY-MM-DD')),
(224, 'Hannes Hellmann', to_date('1954-10-25', 'YYYY-MM-DD')),
(225, 'Wolfgang Hillinger', null),
(226, 'Antonio Prester', to_date('1955-09-06', 'YYYY-MM-DD')),
(227, 'Gina Rovere', to_date('1935-05-05', 'YYYY-MM-DD')),
(228, 'Laura Susanne Ruedeberg', null),
(229, 'Richard Sammel', to_date('1960', 'YYYY-MM-DD')),
(230, 'Andrea Tidona', null),
(231, 'Dirk K. van den Berg', null),
(232, 'Omero Antonutti', to_date('1935-08-03', 'YYYY-MM-DD')),
(233, 'Amy Poehler', to_date('1971-09-16', 'YYYY-MM-DD')),
(234, 'Phyllis Smith', to_date('1951-07-10', 'YYYY-MM-DD')),
(235, 'Richard Kind', to_date('1956-11-22', 'YYYY-MM-DD')),
(236, 'Bill Hader', to_date('1978-06-07', 'YYYY-MM-DD')),
(237, 'Lewis Black', to_date('1948-08-30', 'YYYY-MM-DD')),
(238, 'Mindy Kaling', to_date('1979-06-24', 'YYYY-MM-DD')),
(239, 'Kaitlyn Dias', null),
(240, 'Diane Lane', to_date('1965-01-22', 'YYYY-MM-DD')),
(241, 'Kyle MacLachlan', to_date('1959-02-22', 'YYYY-MM-DD')),
(242, 'Paula Poundstone', to_date('1959-12-29', 'YYYY-MM-DD')),
(243, 'Bobby Moynihan', to_date('1978-01-31', 'YYYY-MM-DD')),
(244, 'Paula Pell', null),
(245, 'Dave Goelz', to_date('1946-07-16', 'YYYY-MM-DD')),
(246, 'Frank Oz', to_date('1944-05-25', 'YYYY-MM-DD')),
(247, 'Josh Cooley', null),
(248, 'Flea', to_date('1962-10-16', 'YYYY-MM-DD')),
(249, 'John Ratzenberger', to_date('1947-04-06', 'YYYY-MM-DD')),
(250, 'Carlos Alazraqui', to_date('1962-07-20', 'YYYY-MM-DD')),
(251, 'Peter Sagal', null),
(252, 'Rashida Jones', to_date('1976-02-25', 'YYYY-MM-DD')),
(253, 'Lori Alan', to_date('1966-07-18', 'YYYY-MM-DD')),
(254, 'Gregg Berger', to_date('1950-12-10', 'YYYY-MM-DD')),
(255, 'Aurora Blue', null),
(256, 'Veronika Bonell', null),
(257, 'Lola Cooley', null),
(258, 'John Cygan', null),
(259, 'Dani Dare', null),
(260, 'Andrea Datzman', null),
(261, 'Ronnie del Carmen', null),
(262, 'Pete Docter', to_date('1968-10-09', 'YYYY-MM-DD')),
(263, 'Keith Ferguson', to_date('1972-02-26', 'YYYY-MM-DD')),
(264, 'Tony Fucile', to_date('1964', 'YYYY-MM-DD')),
(265, 'Mary Gibbs', to_date('1996-01-01', 'YYYY-MM-DD')),
(266, 'Randy Hahn', null),
(267, 'Carter Hastings', null),
(268, 'Jacob Hopkins', null),
(269, 'Emma Hudak', null),
(270, 'Evan Hudak', null),
(271, 'Dara Iruka', null),
(272, 'Molly Jackson', null),
(273, 'Daniella Jones', null),
(274, 'Sophia Lee Karadi', null),
(275, 'Elissa Knight', to_date('1975-04-15', 'YYYY-MM-DD')),
(276, 'Erik Langley', null),
(277, 'Dawnn Lewis', to_date('1961-08-13', 'YYYY-MM-DD')),
(278, 'Sherry Lynn', null),
(279, 'Tony Maki', null),
(280, 'Mona Marshall', to_date('1947-08-31', 'YYYY-MM-DD')),
(281, 'Laraine Newman', to_date('1952-03-02', 'YYYY-MM-DD')),
(282, 'Bret ''Brook'' Parker', null),
(283, 'Nick Pitera', null),
(284, 'Philip Proctor', to_date('1940-07-28', 'YYYY-MM-DD')),
(285, 'Murray Pearl Schaeffer', null),
(286, 'Patrick Seitz', null),
(287, 'Paris Van Dyke', null),
(288, 'James Kevin Ward', null),
(289, 'Lennon Wynn', null),
(290, 'Dash Zamm', null),
(291, 'Robert De Niro', to_date('1943-08-17', 'YYYY-MM-DD')),
(292, 'Lee Strasberg', to_date('1901-09-17', 'YYYY-MM-DD')),
(293, 'Michael V. Gazzo', to_date('1923-04-05', 'YYYY-MM-DD')),
(294, 'G. D. Spradlin', to_date('1920-08-31', 'YYYY-MM-DD')),
(295, 'Francesca De Sapio', null),
(296, 'Oreste Baldini', null),
(297, 'Gastone Moschin', to_date('1929-06-08', 'YYYY-MM-DD')),
(298, 'Giuseppe Sillato', null),
(299, 'Bruno Kirby', to_date('1949-04-28', 'YYYY-MM-DD')),
(300, 'Marianna Hill', to_date('1941-02-09', 'YYYY-MM-DD')),
(301, 'Leopoldo Trieste', to_date('1917-05-03', 'YYYY-MM-DD')),
(302, 'Dominic Chianese', to_date('1931-02-24', 'YYYY-MM-DD')),
(303, 'Fay Spain', to_date('1932-10-06', 'YYYY-MM-DD')),
(304, 'Harry Dean Stanton', to_date('1926-07-14', 'YYYY-MM-DD')),
(305, 'Danny Aiello', to_date('1933-06-20', 'YYYY-MM-DD')),
(306, 'Roger Corman', to_date('1926-04-05', 'YYYY-MM-DD')),
(307, 'William Bowers', to_date('1916-01-17', 'YYYY-MM-DD')),
(308, 'Amerigo Tot', to_date('1909-09-27', 'YYYY-MM-DD')),
(309, 'Troy Donahue', to_date('1936-01-27', 'YYYY-MM-DD')),
(310, 'John Aprea', to_date('1941-03-04', 'YYYY-MM-DD')),
(311, 'Maria Carta', to_date('1934-06-24', 'YYYY-MM-DD')),
(312, 'Mario Cotone', null),
(313, 'Carmine Caridi', to_date('1934-01-23', 'YYYY-MM-DD')),
(314, 'Carmine Foresta', null),
(315, 'Kathleen Beller', to_date('1956-02-19', 'YYYY-MM-DD')),
(316, 'Ivonne Coll', to_date('1947-06-18', 'YYYY-MM-DD')),
(317, 'Sho Kosugi', to_date('1948-06-17', 'YYYY-MM-DD')),
(318, 'James Gounaris', null),
(319, 'Nick Discenza', null),
(320, 'Joseph Della Sorte', null),
(321, 'Carmen Argenziano', to_date('1943-10-27', 'YYYY-MM-DD')),
(322, 'Ezio Flagello', null),
(323, 'Livio Giorgi', null),
(324, 'Saveria Mazzola', null),
(325, 'Tito Alba', to_date('1924-08-24', 'YYYY-MM-DD')),
(326, 'Johnny Naranjo', null),
(327, 'Elda Maida', null),
(328, 'Salvatore Po', null),
(329, 'Ignazio Pappalardo', null),
(330, 'Andrea Maugeri', null),
(331, 'Peter LaCorte', null),
(332, 'Vincent Coppola', null),
(333, 'Peter Donat', to_date('1928-01-20', 'YYYY-MM-DD')),
(334, 'Tom Dahlgren', null),
(335, 'Phil Feldman', to_date('1922-01-22', 'YYYY-MM-DD')),
(336, 'Joe De Nicola', null),
(337, 'Edward Van Sickle', null),
(338, 'Gabriella Belloni', null),
(339, 'Venancia Grangerard', null),
(340, 'G.D. Spradlin', null),
(341, 'Erica Yohn', to_date('1930-10-01', 'YYYY-MM-DD')),
(342, 'Gary Kurtz', to_date('1940-07-27', 'YYYY-MM-DD')),
(343, 'Connie Mason', to_date('1937-08-24', 'YYYY-MM-DD')),
(344, 'Frank Pesce', null),
(345, 'Victor Pujols Faneyte', null),
(346, 'Larry Guardino', to_date('1929-08-01', 'YYYY-MM-DD')),
(347, 'Buck Houghton', null),
(348, 'Richard Matheson', to_date('1926-02-20', 'YYYY-MM-DD')),
(349, 'John Megna', to_date('1952-11-09', 'YYYY-MM-DD')),
(350, 'Jay Rasumny', null),
(351, 'Julian Voloshin', null),
(352, 'Shô Kosugi', null),
(353, 'Italia Coppola', null),
(354, 'Chris Pratt', to_date('1979-06-21', 'YYYY-MM-DD')),
(355, 'Zoe Saldana', to_date('1978-06-19', 'YYYY-MM-DD')),
(356, 'Dave Bautista', to_date('1969-01-18', 'YYYY-MM-DD')),
(357, 'Vin Diesel', to_date('1967-07-18', 'YYYY-MM-DD')),
(358, 'Bradley Cooper', to_date('1975-01-05', 'YYYY-MM-DD')),
(359, 'Lee Pace', to_date('1979-03-25', 'YYYY-MM-DD')),
(360, 'Karen Gillan', to_date('1987-11-28', 'YYYY-MM-DD')),
(361, 'Michael Rooker', to_date('1955-04-06', 'YYYY-MM-DD')),
(362, 'Benicio del Toro', to_date('1967-02-19', 'YYYY-MM-DD')),
(363, 'Djimon Hounsou', to_date('1964-04-24', 'YYYY-MM-DD')),
(364, 'John C. Reilly', to_date('1965-05-24', 'YYYY-MM-DD')),
(365, 'Glenn Close', to_date('1947-03-19', 'YYYY-MM-DD')),
(366, 'Josh Brolin', to_date('1968-02-12', 'YYYY-MM-DD')),
(367, 'Peter Serafinowicz', to_date('1972-07-10', 'YYYY-MM-DD')),
(368, 'Sean Gunn', to_date('1974-05-22', 'YYYY-MM-DD')),
(369, 'Alexis Denisof', to_date('1966-02-25', 'YYYY-MM-DD')),
(370, 'Ophelia Lovibond', to_date('1986-02-19', 'YYYY-MM-DD')),
(371, 'Laura Haddock', to_date('1985-08-21', 'YYYY-MM-DD')),
(372, 'Gregg Henry', to_date('1952-05-06', 'YYYY-MM-DD')),
(373, 'Stan Lee', to_date('1922-12-28', 'YYYY-MM-DD')),
(374, 'Nathan Fillion', to_date('1971-03-27', 'YYYY-MM-DD')),
(375, 'Rob Zombie', to_date('1965-01-12', 'YYYY-MM-DD')),
(376, 'James Gunn', to_date('1970-08-05', 'YYYY-MM-DD')),
(377, 'Tyler Bates', null),
(378, 'Seth Green', to_date('1974-02-08', 'YYYY-MM-DD')),
(379, 'Mikaela Hoover', to_date('1984-07-12', 'YYYY-MM-DD')),
(380, 'Melia Kreiling', null),
(381, 'Christopher Fairbank', to_date('1953-10-04', 'YYYY-MM-DD')),
(382, 'Krystian Godlewski', null),
(383, 'Wyatt Oleff', null),
(384, 'Janis Ahern', null),
(385, 'Solomon Mousley', null),
(386, 'Lindsay Morton', null),
(387, 'Robert Firth', to_date('1960', 'YYYY-MM-DD')),
(388, 'Tom Proctor', null),
(389, 'Nick Holmes', to_date('1981-08-14', 'YYYY-MM-DD')),
(390, 'Max Wrottesley', null),
(391, 'Nicole Alexandra Shipley', to_date('1990-08-22', 'YYYY-MM-DD')),
(392, 'Sharif Atkins', to_date('1975-01-29', 'YYYY-MM-DD')),
(393, 'Brendan Fehr', to_date('1977-10-29', 'YYYY-MM-DD')),
(394, 'Tomas Arana', to_date('1955-04-03', 'YYYY-MM-DD')),
(395, 'Emmett Scanlan', to_date('1979-01-31', 'YYYY-MM-DD')),
(396, 'Dominic Grant', null),
(397, 'Spencer Wilding', to_date('1972-07-26', 'YYYY-MM-DD')),
(398, 'Alison Lintott', null),
(399, 'Alexis Rodney', null),
(400, 'Keeley Forsyth', to_date('1979', 'YYYY-MM-DD')),
(401, 'Frank Gilhooley', to_date('1971-03-29', 'YYYY-MM-DD')),
(402, 'Enzo Cilenti', to_date('1974-08-08', 'YYYY-MM-DD')),
(403, 'Richard Katz', null),
(404, 'Enoch Frost', null),
(405, 'Ronan Summers', null),
(406, 'Laura Ortiz', to_date('1987-04-27', 'YYYY-MM-DD')),
(407, 'Marama Corlett', null),
(408, 'Rosie Jones', null),
(409, 'Abidemi Sobande', to_date('1993-01-28', 'YYYY-MM-DD')),
(410, 'Alex Rose', null),
(411, 'Ekaterina Zalitko', null),
(412, 'Emily Redding', null),
(413, 'Fred', null),
(414, 'Stephen Blackehart', to_date('1967-12-01', 'YYYY-MM-DD')),
(415, 'Jennifer Moylan-Taylor', null),
(416, 'Bruce Mackinnon', to_date('1978-10-17', 'YYYY-MM-DD')),
(417, 'Ralph Ineson', to_date('1969-12-15', 'YYYY-MM-DD')),
(418, 'Naomi Ryan', to_date('1977-05-24', 'YYYY-MM-DD')),
(419, 'John Brotherton', to_date('1980-08-21', 'YYYY-MM-DD')),
(420, 'Graham Shiels', to_date('1970-12-26', 'YYYY-MM-DD')),
(421, 'Douglas Robson', null),
(422, 'Rachel Cullen', null),
(423, 'Isabella Poynton', null),
(424, 'Imogen Poynton', null),
(425, 'David Yarovesky', null),
(426, 'Miriam Lucia', null),
(427, 'Lloyd Kaufman', to_date('1945-12-30', 'YYYY-MM-DD')),
(428, 'Raed Abbas', null),
(429, 'Freddie Andrews', null),
(430, 'Jozef Aoki', null),
(431, 'Helen Banks', null),
(432, 'Christian Bale', to_date('1974-01-30', 'YYYY-MM-DD')),
(433, 'Heath Ledger', to_date('1979-04-04', 'YYYY-MM-DD')),
(434, 'Aaron Eckhart', to_date('1968-03-12', 'YYYY-MM-DD')),
(435, 'Maggie Gyllenhaal', to_date('1977-11-16', 'YYYY-MM-DD')),
(436, 'Gary Oldman', to_date('1958-03-21', 'YYYY-MM-DD')),
(437, 'Ron Dean', null),
(438, 'Cillian Murphy', to_date('1976-05-25', 'YYYY-MM-DD')),
(439, 'Chin Han', to_date('1969-11-27', 'YYYY-MM-DD')),
(440, 'Nestor Carbonell', to_date('1967-12-01', 'YYYY-MM-DD')),
(441, 'Eric Roberts', to_date('1956-04-18', 'YYYY-MM-DD')),
(442, 'Ritchie Coster', to_date('1967-07-01', 'YYYY-MM-DD')),
(443, 'Anthony Michael Hall', to_date('1968-04-14', 'YYYY-MM-DD')),
(444, 'Keith Szarabajka', to_date('1952-12-02', 'YYYY-MM-DD')),
(445, 'Colin McFarlane', to_date('1961-09-15', 'YYYY-MM-DD')),
(446, 'Melinda McGraw', to_date('1963-10-25', 'YYYY-MM-DD')),
(447, 'William Fichtner', to_date('1956-11-27', 'YYYY-MM-DD')),
(448, 'David Dastmalchian', null),
(449, 'William Smillie', null),
(450, 'Danny Goldring', null),
(451, 'Michael Stoyanov', to_date('1970-12-14', 'YYYY-MM-DD')),
(452, 'Beatrice Rosen', to_date('1984-11-29', 'YYYY-MM-DD')),
(453, 'Matthew Leitch', to_date('1975-03-19', 'YYYY-MM-DD')),
(454, 'Amit Shah', null),
(455, 'Michael Jai White', to_date('1967-11-10', 'YYYY-MM-DD')),
(456, 'Monique Gabriela Curnen', to_date('1977-09-07', 'YYYY-MM-DD')),
(457, 'Joshua Harto', to_date('1979-01-09', 'YYYY-MM-DD')),
(458, 'Nathan Gamble', to_date('1998-01-12', 'YYYY-MM-DD')),
(459, 'Michael Vieau', null),
(460, 'Olumiji Olawumi', null),
(461, 'Vincenzo Nicoli', null),
(462, 'Edison Chen', to_date('1980-10-07', 'YYYY-MM-DD')),
(463, 'Will Zahrn', null),
(464, 'Patrick Leahy', null),
(465, 'Patrick Clear', null),
(466, 'Sarah Jayne Dunn', to_date('1981-09-25', 'YYYY-MM-DD')),
(467, 'Charles Venn', null),
(468, 'Winston G. Ellis', null),
(469, 'Keith Kupferer', null),
(470, 'Richard Dillane', to_date('1964', 'YYYY-MM-DD')),
(471, 'Philip Bulcock', null),
(472, 'Paul Birchard', null),
(473, 'Vincent Riotta', to_date('1959', 'YYYY-MM-DD')),
(474, 'K. Todd Freeman', to_date('1965-07-09', 'YYYY-MM-DD')),
(475, 'Matt Shallenberger', null),
(476, 'Matt Rippy', null),
(477, 'Andrew Bicknell', null),
(478, 'Ariyon Bakare', null),
(479, 'Doug Ballard', null),
(480, 'Tommy Campbell', to_date('1978-10-06', 'YYYY-MM-DD')),
(481, 'Craig Heaney', null),
(482, 'Lorna Gayle', null),
(483, 'Lisa McAllister', to_date('1980-11-21', 'YYYY-MM-DD')),
(484, 'Peter Brooke', null),
(485, 'Tommy Lister', to_date('1958-06-24', 'YYYY-MM-DD')),
(486, 'Thomas Gaitsch', null),
(487, 'William Armstrong', null),
(488, 'Tristan Tait', to_date('1971-08-02', 'YYYY-MM-DD')),
(489, 'Bronson Webb', null),
(490, 'David Ajala', null),
(491, 'Jonathan Ryland', null),
(492, 'Ian Pirie', null),
(493, 'Lateef Lovejoy', null),
(494, 'Grahame Edwards', null),
(495, 'Roger Monk', null),
(496, 'Jon Lee Brody', null),
(497, 'Debbi Burns', null),
(498, 'Maritza Cabrera', null),
(499, 'Shirin Caiola', null),
(500, 'Laura Chernicky', null),
(501, 'Erik A. Williams', null),
(502, 'Kelli Clevenger', null),
(503, 'Richard Divizio', null),
(504, 'Tony Domino', null),
(505, 'David Fultz', null),
(506, 'Natalie Hallam', null),
(507, 'Jordon Hodges', null),
(508, 'Erron Jay', null),
(509, 'Peter Rnic', null),
(510, 'Daniel Jefferson', null),
(511, 'Nicky Katt', to_date('1970-05-11', 'YYYY-MM-DD')),
(512, 'Thomas Kosik', null),
(513, 'Tom Townsend', null),
(514, 'Don Kress', null),
(515, 'Tim Krueger', null),
(516, 'Dan Latham', null),
(517, 'James Mellor', null),
(518, 'Buster Reeves', null),
(519, 'Michelle Shields', null),
(520, 'Sofiya Smirnova', null),
(521, 'Bruce Spielbauer', null),
(522, 'Robert Patrick Stern', null),
(523, 'Robert Stone', null),
(524, 'Richard Strobel', null),
(525, 'John Turk', null),
(526, 'John Warman', null),
(527, 'Chris Wilson', null),
(528, 'Kevin Zaideman', null),
(529, 'Henry Milton Chu', null),
(530, 'Tom McComas', null),
(531, 'Edward Norton', to_date('1969-08-18', 'YYYY-MM-DD')),
(532, 'Brad Pitt', to_date('1963-12-18', 'YYYY-MM-DD')),
(533, 'Helena Bonham Carter', to_date('1966-05-26', 'YYYY-MM-DD')),
(534, 'Meat Loaf', to_date('1947-09-27', 'YYYY-MM-DD')),
(535, 'Jared Leto', to_date('1971-12-26', 'YYYY-MM-DD')),
(536, 'Zach Grenier', to_date('1954-02-12', 'YYYY-MM-DD')),
(537, 'Holt McCallany', to_date('1964-09-03', 'YYYY-MM-DD')),
(538, 'Eion Bailey', to_date('1976-06-08', 'YYYY-MM-DD')),
(539, 'Richmond Arquette', to_date('1963-08-21', 'YYYY-MM-DD')),
(540, 'David Andrews', to_date('1952-11-02', 'YYYY-MM-DD')),
(541, 'Christina Cabot', null),
(542, 'Tim DeZarn', to_date('1952-07-11', 'YYYY-MM-DD')),
(543, 'Ezra Buzzington', null),
(544, 'Bob Stephenson', to_date('1967-05-18', 'YYYY-MM-DD')),
(545, 'David Lee Smith', to_date('1963-09-08', 'YYYY-MM-DD')),
(546, 'Thom Gossom Jr.', null),
(547, 'Carl Ciarfalio', null),
(548, 'Stuart Blumberg', null),
(549, 'Mark Fite', null),
(550, 'Matt Winston', to_date('1970-02-03', 'YYYY-MM-DD')),
(551, 'Lauren Sánchez', null),
(552, 'David Jean Thomas', null),
(553, 'Paul Carafotes', to_date('1963-03-23', 'YYYY-MM-DD')),
(554, 'Christopher John Fields', to_date('1976-11-30', 'YYYY-MM-DD')),
(555, 'Michael Shamus Wiles', to_date('1955-10-27', 'YYYY-MM-DD')),
(556, 'Van Quattro', null),
(557, 'Markus Redmond', null),
(558, 'Manasa Madapu', null),
(559, 'Liam Neeson', to_date('1952-06-07', 'YYYY-MM-DD')),
(560, 'Ben Kingsley', to_date('1943-12-31', 'YYYY-MM-DD')),
(561, 'Ralph Fiennes', to_date('1962-12-22', 'YYYY-MM-DD')),
(562, 'Caroline Goodall', to_date('1959-11-13', 'YYYY-MM-DD')),
(563, 'Jonathan Sagall', to_date('1959-04-23', 'YYYY-MM-DD')),
(564, 'Embeth Davidtz', to_date('1965-08-11', 'YYYY-MM-DD')),
(565, 'Malgorzata Gebel', to_date('1955-11-30', 'YYYY-MM-DD')),
(566, 'Shmuel Levy', null),
(567, 'Mark Ivanir', to_date('1968-09-06', 'YYYY-MM-DD')),
(568, 'Béatrice Macola', to_date('1965-12-02', 'YYYY-MM-DD')),
(569, 'Andrzej Seweryn', to_date('1946-04-25', 'YYYY-MM-DD')),
(570, 'Friedrich von Thun', to_date('1942-06-30', 'YYYY-MM-DD')),
(571, 'Krzysztof Luft', to_date('1958-01-05', 'YYYY-MM-DD')),
(572, 'Harry Nehring', null),
(573, 'Norbert Weisser', to_date('1946-07-09', 'YYYY-MM-DD')),
(574, 'Adi Nitzan', null),
(575, 'Michael Schneider', null),
(576, 'Miri Fabian', null),
(577, 'Anna Mucha', to_date('1980-04-26', 'YYYY-MM-DD')),
(578, 'Albert Misak', null),
(579, 'Aldona Grochal', null),
(580, 'Jacek Wójcicki', to_date('1960-01-21', 'YYYY-MM-DD')),
(581, 'Beata Paluch', null),
(582, 'Piotr Polk', null),
(583, 'Ezra Dagan', null),
(584, 'Uri Avrahami', null),
(585, 'Elina Löwensohn', to_date('1966-07-11', 'YYYY-MM-DD')),
(586, 'Magdalena Komornicka', null),
(587, 'Michael Gordon', null),
(588, 'Benedict Cumberbatch', to_date('1976-07-19', 'YYYY-MM-DD')),
(589, 'Keira Knightley', to_date('1985-03-26', 'YYYY-MM-DD')),
(590, 'Matthew Goode', to_date('1978-04-03', 'YYYY-MM-DD')),
(591, 'Rory Kinnear', to_date('1978-02-17', 'YYYY-MM-DD')),
(592, 'Allen Leech', to_date('1981-05-18', 'YYYY-MM-DD')),
(593, 'Matthew Beard', to_date('1989-03-25', 'YYYY-MM-DD')),
(594, 'Charles Dance', to_date('1946-10-10', 'YYYY-MM-DD')),
(595, 'Mark Strong', to_date('1963-08-05', 'YYYY-MM-DD')),
(596, 'James Northcote', null),
(597, 'Tom Goodman-Hill', null),
(598, 'Steven Waddington', to_date('1968', 'YYYY-MM-DD')),
(599, 'Ilan Goodman', null),
(600, 'Jack Tarlton', null),
(601, 'Alex Lawther', null),
(602, 'Jack Bannon', null),
(603, 'Tuppence Middleton', to_date('1987-02-21', 'YYYY-MM-DD')),
(604, 'Victoria Wicks', to_date('1959-04-18', 'YYYY-MM-DD')),
(605, 'Viv Weatherall', to_date('1971-04-24', 'YYYY-MM-DD')),
(606, 'Bartosz Wandrykow', null),
(607, 'Leigh Dent', null),
(608, 'Grace Calder', null),
(609, 'Lese Asquith-Coe', null),
(610, 'Luke Hope', null),
(611, 'Alexander Cooper', null),
(612, 'Guna Gultniece', null),
(613, 'Lauren Beacham', null),
(614, 'Nicola-Jayne Wells', null),
(615, 'Esther Eden', null),
(616, 'Alex Corbet Burcher', null),
(617, 'Stuart Matthews', null),
(618, 'Sam Exley', null),
(619, 'Lisa Colquhoun', null),
(620, 'David G. Robinson', null),
(621, 'Charlie Manton', null),
(622, 'David Charkham', null),
(623, 'Denis Koroshko', null),
(624, 'Richard Campbell', null),
(625, 'Ben Farrow', null),
(626, 'Laurence Kennedy', null),
(627, 'John Redmann', null),
(628, 'Josh Wichard', null),
(629, 'Ingrid Benussi', null),
(630, 'Adam Nowell', null),
(631, 'Mike Firth', null),
(632, 'Daniel Chapple', null),
(633, 'Oscar Hatton', null),
(634, 'Nicholas Blatt', null),
(635, 'Samantha Moran', null),
(636, 'James G. Nunn', null),
(637, 'Jack Brash', null),
(638, 'Benjamin Hardie', null),
(639, 'Harry Leonard Parkinson', null),
(640, 'Amber-Rose May', null),
(641, 'Dominik Charman', null),
(642, 'James Gard', null),
(643, 'Vincent Idearson', null),
(644, 'Alice Tapfield', null),
(645, 'Hannah Flynn', null),
(646, 'Ancuta Breaban', null),
(647, 'Hayley Joanne Bacon', null),
(648, 'Mark Underwood', null),
(649, 'John Travolta', to_date('1954-02-18', 'YYYY-MM-DD')),
(650, 'Samuel L. Jackson', to_date('1948-12-21', 'YYYY-MM-DD')),
(651, 'Uma Thurman', to_date('1970-04-29', 'YYYY-MM-DD')),
(652, 'Bruce Willis', to_date('1955-03-19', 'YYYY-MM-DD')),
(653, 'Ving Rhames', to_date('1959-05-12', 'YYYY-MM-DD')),
(654, 'Harvey Keitel', to_date('1939-05-13', 'YYYY-MM-DD')),
(655, 'Eric Stoltz', to_date('1961-09-30', 'YYYY-MM-DD')),
(656, 'Tim Roth', to_date('1961-05-14', 'YYYY-MM-DD')),
(657, 'Amanda Plummer', to_date('1957-03-23', 'YYYY-MM-DD')),
(658, 'Maria de Medeiros', to_date('1965-08-19', 'YYYY-MM-DD')),
(659, 'Quentin Tarantino', to_date('1963-03-27', 'YYYY-MM-DD')),
(660, 'Christopher Walken', to_date('1943-03-31', 'YYYY-MM-DD')),
(661, 'Rosanna Arquette', to_date('1959-08-10', 'YYYY-MM-DD')),
(662, 'Peter Greene', to_date('1965-10-08', 'YYYY-MM-DD')),
(663, 'Duane Whitaker', to_date('1959-06-23', 'YYYY-MM-DD')),
(664, 'Angela Jones', null),
(665, 'Phil LaMarr', to_date('1967-01-24', 'YYYY-MM-DD')),
(666, 'Steve Buscemi', to_date('1957-12-13', 'YYYY-MM-DD')),
(667, 'Bronagh Gallagher', to_date('1972-11-28', 'YYYY-MM-DD')),
(668, 'Laura Lovelace', null),
(669, 'Frank Whaley', to_date('1963-07-20', 'YYYY-MM-DD')),
(670, 'Burr Steers', to_date('1965-10-08', 'YYYY-MM-DD')),
(671, 'Paul Calderon', null),
(672, 'Jerome Patrick Hoban', null),
(673, 'Michael Gilden', null),
(674, 'Gary Shorelle', null),
(675, 'Susan Griffiths', null),
(676, 'Eric Clark', null),
(677, 'Joseph Pilato', to_date('1949-03-16', 'YYYY-MM-DD')),
(678, 'Brad Blumenthal', null),
(679, 'Lorelei Leslie', null),
(680, 'Emil Sitka', null),
(681, 'Brenda Hillhouse', null),
(682, 'Chandler Lindauer', null),
(683, 'Sy Sher', null),
(684, 'Robert Ruth', null),
(685, 'Rich Turner', null),
(686, 'Don Blakely', null),
(687, 'Carl Allen', null),
(688, 'Karen Maruyama', to_date('1958-05-29', 'YYYY-MM-DD')),
(689, 'Kathy Griffin', to_date('1960-11-04', 'YYYY-MM-DD')),
(690, 'Venessia Valentino', null),
(691, 'Linda Kaye', null),
(692, 'Stephen Hibbert', null),
(693, 'Alexis Arquette', to_date('1969-07-28', 'YYYY-MM-DD')),
(694, 'Julia Sweeney', to_date('1959-10-10', 'YYYY-MM-DD')),
(695, 'Lawrence Bender', to_date('1957-10-17', 'YYYY-MM-DD')),
(696, 'Cie Allman', null),
(697, 'Rene Beard', to_date('1941-06-03', 'YYYY-MM-DD')),
(698, 'Lori Pizzo', null),
(699, 'Glendon Rich', null),
(700, 'Devan Richardson', null),
(701, 'Ani Sava', null),
(702, 'Tom Hanks', to_date('1956-07-09', 'YYYY-MM-DD')),
(703, 'Sally Field', to_date('1946-11-06', 'YYYY-MM-DD')),
(704, 'Robin Wright', to_date('1966-04-08', 'YYYY-MM-DD')),
(705, 'Mykelti Williamson', to_date('1957-03-04', 'YYYY-MM-DD')),
(706, 'Gary Sinise', to_date('1955-03-17', 'YYYY-MM-DD')),
(707, 'Michael Conner Humphreys', to_date('1995', 'YYYY-MM-DD')),
(708, 'Hanna Hall', to_date('1984-07-09', 'YYYY-MM-DD')),
(709, 'Haley Joel Osment', to_date('1988-04-10', 'YYYY-MM-DD')),
(710, 'Siobhan Fallon', to_date('1961-05-13', 'YYYY-MM-DD')),
(711, 'Afemo Omilami', to_date('1950-12-13', 'YYYY-MM-DD')),
(712, 'Peter Dobson', to_date('1964-07-16', 'YYYY-MM-DD')),
(713, 'Sonny Shroyer', to_date('1935-08-28', 'YYYY-MM-DD')),
(714, 'George Kelly', null),
(715, 'Sam Anderson', to_date('1945-05-13', 'YYYY-MM-DD')),
(716, 'Margo Moorer', null),
(717, 'Christopher Jones', null),
(718, 'Kevin Mangan', null),
(719, 'Brett Rice', null),
(720, 'Daniel C. Striepeke', null),
(721, 'David Brisbin', to_date('1952-06-26', 'YYYY-MM-DD')),
(722, 'Kirk Ward', null),
(723, 'Mark Matheisen', null),
(724, 'Al Harrington', to_date('1935-12-12', 'YYYY-MM-DD')),
(725, 'Jed Gillin', null),
(726, 'Don Fischer', null),
(727, 'Matt Wallace', null),
(728, 'Mike Jolly', null),
(729, 'Michael Kemmerling', null),
(730, 'John Voldstad', null),
(731, 'Daniel J. Gillooly', null),
(732, 'Michael Burgess', null),
(733, 'Steven Griffith', null),
(734, 'Michael McFall', null),
(735, 'Byron Minns', null),
(736, 'Stephen Bridgewater', null),
(737, 'John William Galt', null),
(738, 'Isabel Rose', null),
(739, 'Richard D''Alessandro', null),
(740, 'Michael Jace', to_date('1965-07-13', 'YYYY-MM-DD')),
(741, 'Geoffrey Blake', to_date('1962-08-20', 'YYYY-MM-DD')),
(742, 'Vanessa Roth', null),
(743, 'Dick Cavett', to_date('1936-11-19', 'YYYY-MM-DD')),
(744, 'Tiffany Salerno', null),
(745, 'Joe Alaskey', to_date('1952-04-17', 'YYYY-MM-DD')),
(746, 'Lazarus Jackson', null),
(747, 'Nora Dunfee', null),
(748, 'Hallie D''Amore', null),
(749, 'Michael Mattison', null),
(750, 'Charles Boswell', null),
(751, 'Timothy McNeil', to_date('1958', 'YYYY-MM-DD')),
(752, 'Greg Brown', null),
(753, 'Troy Christian', null),
(754, 'Bryan Hanna', to_date('1962-11-10', 'YYYY-MM-DD')),
(755, 'Zach Hanner', to_date('1969-06-17', 'YYYY-MM-DD')),
(756, 'Aaron Michael Lacey', null),
(757, 'Jacqueline Lovell', to_date('1974-12-09', 'YYYY-MM-DD')),
(758, 'Kurt Russell', to_date('1951-03-17', 'YYYY-MM-DD')),
(759, 'Brendan Shanahan', null),
(760, 'William Shipman', null),
(761, 'Robb Skyler', null),
(762, 'Mary Ellen Trainor', to_date('1950-07-08', 'YYYY-MM-DD')),
(763, 'Ben Affleck', to_date('1972-08-15', 'YYYY-MM-DD')),
(764, 'Rosamund Pike', to_date('1979-01-27', 'YYYY-MM-DD')),
(765, 'Tyler Perry', to_date('1969-09-13', 'YYYY-MM-DD')),
(766, 'Neil Patrick Harris', to_date('1973-06-15', 'YYYY-MM-DD')),
(767, 'Missi Pyle', to_date('1972-11-16', 'YYYY-MM-DD')),
(768, 'Patrick Fugit', to_date('1982-10-27', 'YYYY-MM-DD')),
(769, 'Kim Dickens', to_date('1965-06-18', 'YYYY-MM-DD')),
(770, 'Casey Wilson', to_date('1980-10-24', 'YYYY-MM-DD')),
(771, 'Kathleen Rose Perkins', to_date('1974-11-15', 'YYYY-MM-DD')),
(772, 'Emily Ratajkowski', to_date('1991-06-07', 'YYYY-MM-DD')),
(773, 'Scoot McNairy', to_date('1977-11-11', 'YYYY-MM-DD')),
(774, 'Boyd Holbrook', to_date('1981-09-01', 'YYYY-MM-DD')),
(775, 'Lola Kirke', to_date('1991', 'YYYY-MM-DD')),
(776, 'Carrie Coon', to_date('1981-01-24', 'YYYY-MM-DD')),
(777, 'Sela Ward', to_date('1956-07-11', 'YYYY-MM-DD')),
(778, 'Lee Norris', to_date('1981-09-25', 'YYYY-MM-DD')),
(779, 'David Clennon', to_date('1943-05-10', 'YYYY-MM-DD')),
(780, 'Lisa Banes', to_date('1955-07-09', 'YYYY-MM-DD')),
(781, 'Jamie McShane', null),
(782, 'Leonard Kelly-Young', to_date('1948-09-29', 'YYYY-MM-DD')),
(783, 'Pete Housman', null),
(784, 'Lynn A. Freedman', to_date('1979-08-11', 'YYYY-MM-DD')),
(785, 'Mark Atteberry', null),
(786, 'Darin Cooper', to_date('1966-04-15', 'YYYY-MM-DD')),
(787, 'Kate Campbell', null),
(788, 'Brett Leigh', to_date('1980', 'YYYY-MM-DD')),
(789, 'Antonio St. James', null),
(790, 'Lauren Glazier', to_date('1985-01-07', 'YYYY-MM-DD')),
(791, 'Julia Prud''homme', null),
(792, 'Cooper Thornton', null),
(793, 'Casey Ruggieri', null),
(794, 'Cyd Strittmatter', null),
(795, 'Ashley Didion', null),
(796, 'Lexis Nutt', null),
(797, 'L.A. Williams', null),
(798, 'Blake Sheldon', null),
(799, 'Sean Guse', null),
(800, 'Ricky Wood', null),
(801, 'Fred Cross', null),
(802, 'Scott Takeda', to_date('1967-03-21', 'YYYY-MM-DD')),
(803, 'Donna Rusch', null),
(804, 'Kathy Sweeney-Meadows', null),
(805, 'Mark T Anderson', null),
(806, 'Marc Abbink', null),
(807, 'Christina Alex', null),
(808, 'Samuel Baca', null),
(809, 'Bill Blair', null),
(810, 'Thomas R. Baker', null),
(811, 'Gregoer Boru', null),
(812, 'Will C.', null),
(813, 'Caroline Clements', null),
(814, 'Nancy DeMars', null),
(815, 'Davina Joy', null),
(816, 'Michael Kelly', null),
(817, 'Elester Latham', null),
(818, 'Aaron Massey', null),
(819, 'Orion McCabe', null),
(820, 'Roz McHenry', null),
(821, 'Bryan McKinley', null),
(822, 'Teebone Mitchell', null),
(823, 'Justin Nesbitt', null),
(824, 'Mark Parrish', to_date('1979-03-04', 'YYYY-MM-DD')),
(825, 'Jaclyn Rose', null),
(826, 'Sahlima', null),
(827, 'Joel Shock', null),
(828, 'Robert Tarpinian', null),
(829, 'Tracy Weisert', null),
(830, 'Ray Liotta', to_date('1954-12-18', 'YYYY-MM-DD')),
(831, 'Joe Pesci', to_date('1943-02-09', 'YYYY-MM-DD')),
(832, 'Lorraine Bracco', to_date('1954-10-02', 'YYYY-MM-DD')),
(833, 'Paul Sorvino', to_date('1939-04-13', 'YYYY-MM-DD')),
(834, 'Chuck Low', to_date('1937-12-01', 'YYYY-MM-DD')),
(835, 'Frank DiLeo', null),
(836, 'Tony Darrow', to_date('1938-12-23', 'YYYY-MM-DD')),
(837, 'Mike Starr', to_date('1950-07-29', 'YYYY-MM-DD')),
(838, 'Frank Vincent', to_date('1939-08-04', 'YYYY-MM-DD')),
(839, 'Frank Adonis', to_date('1935-10-27', 'YYYY-MM-DD')),
(840, 'Catherine Scorsese', to_date('1912-04-16', 'YYYY-MM-DD')),
(841, 'Suzanne Shepherd', null),
(842, 'Gina Mastrogiacomo', null),
(843, 'Debi Mazar', to_date('1964-08-13', 'YYYY-MM-DD')),
(844, 'Michael Imperioli', to_date('1966-03-26', 'YYYY-MM-DD')),
(845, 'Charles Scorsese', to_date('1913-05-08', 'YYYY-MM-DD')),
(846, 'Illeana Douglas', to_date('1965-07-25', 'YYYY-MM-DD')),
(847, 'Tobin Bell', to_date('1942-08-07', 'YYYY-MM-DD')),
(848, 'Margo Winkler', null),
(849, 'Welker White', null),
(850, 'Jerry Vale', null),
(851, 'Julie Garfield', null),
(852, 'Elaine Kagan', null),
(853, 'Beau Starr', to_date('1944-09-01', 'YYYY-MM-DD')),
(854, 'Kevin Corrigan', to_date('1969-03-27', 'YYYY-MM-DD')),
(855, 'Johnny Williams', null),
(856, 'Daniel P. Conte', null),
(857, 'Tony Conforti', null),
(858, 'Frank Pellegrino', to_date('1957-03-21', 'YYYY-MM-DD')),
(859, 'Ronald Maccone', null),
(860, 'Tony Sirico', to_date('1942-07-29', 'YYYY-MM-DD')),
(861, 'Joe D''Onofrio', null),
(862, 'Katherine Wallach', null),
(863, 'Angela Pietropinto', to_date('1969-09-28', 'YYYY-MM-DD')),
(864, 'Marianne Leone Cooper', null),
(865, 'Melissa Prophet', null),
(866, 'Susan Varon', null),
(867, 'Elizabeth Whitcraft', null),
(868, 'Clem Caserta', null),
(869, 'Paul Herman', to_date('1946-03-29', 'YYYY-MM-DD')),
(870, 'Edward D. Murphy', null),
(871, 'Michael Citriniti', null),
(872, 'Peter Hock', null),
(873, 'John Di Benedetto', null),
(874, 'Manny Alfaro', null),
(875, 'Margaret Smith', null),
(876, 'Frank Albanese', null),
(877, 'Louis Eppolito', null),
(878, 'Vincent Pastore', to_date('1946-07-14', 'YYYY-MM-DD')),
(879, 'Anthony Alessandro', null),
(880, 'Victor Colicchio', to_date('1953-08-13', 'YYYY-MM-DD')),
(881, 'Philip Suriano', null),
(882, 'James Quattrochi', to_date('1961-06-19', 'YYYY-MM-DD')),
(883, 'Lawrence Sacco', null),
(884, 'John ''Cha Cha'' Ciarcia', to_date('1940-05-24', 'YYYY-MM-DD')),
(885, 'Frank Aquilino', null),
(886, 'Vito Antuofermo', to_date('1953-02-09', 'YYYY-MM-DD')),
(887, 'Vincent Gallo', to_date('1961-04-11', 'YYYY-MM-DD')),
(888, 'Garry Pastore', null),
(889, 'Nicole Burdette', null),
(890, 'Stella Keitel', null),
(891, 'Peter Onorati', to_date('1954-05-13', 'YYYY-MM-DD')),
(892, 'Gene Canfield', null),
(893, 'Berlinda Tolbert', to_date('1949-11-04', 'YYYY-MM-DD')),
(894, 'Nancy Cassaro', null),
(895, 'Isiah Whitlock, Jr.', to_date('1954-09-13', 'YYYY-MM-DD')),
(896, 'Bo Dietl', to_date('1950-12-04', 'YYYY-MM-DD')),
(897, 'Steve Baker', null),
(898, 'Linda Carola', null),
(899, 'Anthony Caso', null),
(900, 'Frank Cassini', null),
(901, 'Richard Goteri', null),
(902, 'Al Jolson', to_date('1886-05-26', 'YYYY-MM-DD')),
(903, 'Anibal O. Lleras', null),
(904, 'Jeffrey Rollins', null),
(905, 'Frank Stellato', null),
(906, 'Billy L. Sullivan', to_date('1980-05-24', 'YYYY-MM-DD')),
(907, 'Charles Pendelton', null),
(908, 'Mark Hamill', to_date('1951-09-25', 'YYYY-MM-DD')),
(909, 'Harrison Ford', to_date('1942-07-13', 'YYYY-MM-DD')),
(910, 'Carrie Fisher', to_date('1956-10-21', 'YYYY-MM-DD')),
(911, 'David Prowse', to_date('1935-07-01', 'YYYY-MM-DD')),
(912, 'Billy Dee Williams', to_date('1937-04-06', 'YYYY-MM-DD')),
(913, 'Anthony Daniels', to_date('1946-02-21', 'YYYY-MM-DD')),
(914, 'Peter Mayhew', to_date('1944-05-19', 'YYYY-MM-DD')),
(915, 'James Earl Jones', to_date('1931-01-17', 'YYYY-MM-DD')),
(916, 'Kenny Baker', to_date('1934-08-24', 'YYYY-MM-DD')),
(917, 'Alec Guinness', to_date('1914-04-02', 'YYYY-MM-DD')),
(918, 'Jeremy Bulloch', to_date('1945-02-16', 'YYYY-MM-DD')),
(919, 'John Hollis', to_date('1931-01-24', 'YYYY-MM-DD')),
(920, 'Jack Purvis', to_date('1937-07-13', 'YYYY-MM-DD')),
(921, 'Des Webb', null),
(922, 'Clive Revill', to_date('1930-04-18', 'YYYY-MM-DD')),
(923, 'Julian Glover', to_date('1935-03-27', 'YYYY-MM-DD')),
(924, 'Kenneth Colley', to_date('1937-12-07', 'YYYY-MM-DD')),
(925, 'Michael Sheard', to_date('1938-06-18', 'YYYY-MM-DD')),
(926, 'Michael Culver', to_date('1938-06-16', 'YYYY-MM-DD')),
(927, 'John Dicks', to_date('1947-07-23', 'YYYY-MM-DD')),
(928, 'Milton Johns', to_date('1938-05-13', 'YYYY-MM-DD')),
(929, 'Mark Jones', to_date('1939-04-22', 'YYYY-MM-DD')),
(930, 'Oliver Maguire', null),
(931, 'Robin Scobey', null),
(932, 'Bruce Boa', to_date('1930-07-10', 'YYYY-MM-DD')),
(933, 'Christopher Malcolm', to_date('1946-08-19', 'YYYY-MM-DD')),
(934, 'Denis Lawson', to_date('1947-09-27', 'YYYY-MM-DD')),
(935, 'Ian Liston', to_date('1948-08-04', 'YYYY-MM-DD')),
(936, 'John Morton', to_date('1947', 'YYYY-MM-DD')),
(937, 'Richard Oldfield', null),
(938, 'Jack McKenzie', to_date('1942-03-09', 'YYYY-MM-DD')),
(939, 'Jerry Harte', null),
(940, 'Norman Chancer', null),
(941, 'Norwich Duff', null),
(942, 'Ray Hassett', null),
(943, 'Brigitte Kahn', null),
(944, 'Burnell Tucker', null),
(945, 'Bob Anderson', null),
(946, 'Lightning Bear', null),
(947, 'Richard Bonehill', null),
(948, 'John Cannon', null),
(949, 'Mark Capri', null),
(950, 'Shaun Curry', null),
(951, 'Martin Dew', null),
(952, 'Peter Diamond', to_date('1929-08-10', 'YYYY-MM-DD')),
(953, 'Stuart Fell', null),
(954, 'Doug Robinson', null),
(955, 'Tony Smart', null),
(956, 'Alan Harris', to_date('1966-10-15', 'YYYY-MM-DD')),
(957, 'Tiffany L. Kurtz', null),
(958, 'Mac McDonald', to_date('1948-06-18', 'YYYY-MM-DD')),
(959, 'Ralph McQuarrie', null),
(960, 'Ralph Morse', null),
(961, 'Terry Richards', to_date('1932-11-02', 'YYYY-MM-DD')),
(962, 'Michael Santiago', to_date('1944-10-03', 'YYYY-MM-DD')),
(963, 'Treat Williams', to_date('1951-12-01', 'YYYY-MM-DD')),
(964, 'Jason Wingreen', to_date('1920-10-09', 'YYYY-MM-DD')),
(965, 'Leonardo DiCaprio', to_date('1974-11-11', 'YYYY-MM-DD')),
(966, 'Jonah Hill', to_date('1983-12-20', 'YYYY-MM-DD')),
(967, 'Margot Robbie', to_date('1990-07-02', 'YYYY-MM-DD')),
(968, 'Kyle Chandler', to_date('1965-09-17', 'YYYY-MM-DD')),
(969, 'Rob Reiner', to_date('1947-03-06', 'YYYY-MM-DD')),
(970, 'Jon Bernthal', to_date('1977-09-20', 'YYYY-MM-DD')),
(971, 'Kenneth Choi', to_date('1971-10-20', 'YYYY-MM-DD')),
(972, 'P. J. Byrne', to_date('1974', 'YYYY-MM-DD')),
(973, 'Brian Sacca', to_date('1978', 'YYYY-MM-DD')),
(974, 'Henry Zebrowski', to_date('1984', 'YYYY-MM-DD')),
(975, 'Jon Favreau', to_date('1966-10-19', 'YYYY-MM-DD')),
(976, 'Cristin Milioti', to_date('1985-08-16', 'YYYY-MM-DD')),
(977, 'Joanna Lumley', to_date('1946-05-01', 'YYYY-MM-DD')),
(978, 'Jake Hoffman', to_date('1981-03-20', 'YYYY-MM-DD')),
(979, 'Ethan Suplee', to_date('1976-05-25', 'YYYY-MM-DD')),
(980, 'Jean Dujardin', to_date('1972-06-19', 'YYYY-MM-DD')),
(981, 'Christine Ebersole', to_date('1953-02-21', 'YYYY-MM-DD')),
(982, 'Shea Whigham', to_date('1969-01-05', 'YYYY-MM-DD')),
(983, 'Katarina Cas', to_date('1976-09-23', 'YYYY-MM-DD')),
(984, 'Jon Spinogatti', null),
(985, 'Aya Cash', to_date('1982-07-13', 'YYYY-MM-DD')),
(986, 'Rizwan Manji', to_date('1974-10-17', 'YYYY-MM-DD')),
(987, 'Stephanie Kurtzuba', null),
(988, 'J.C. MacKenzie', to_date('1970-10-17', 'YYYY-MM-DD')),
(989, 'Ashlie Atkinson', to_date('1977-08-06', 'YYYY-MM-DD')),
(990, 'Stephen Kunken', null),
(991, 'Ted Griffin', null),
(992, 'Sandra Nelson', to_date('1962-12-29', 'YYYY-MM-DD')),
(993, 'Dan Bittner', null),
(994, 'Spike Jonze', to_date('1969-10-22', 'YYYY-MM-DD')),
(995, 'Mackenzie Meehan', null),
(996, 'Thomas Middleditch', null),
(997, 'Edward Herrmann', to_date('1943-07-21', 'YYYY-MM-DD')),
(998, 'Jordan Belfort', null),
(999, 'Fran Lebowitz', null),
(1000, 'Robert Clohessy', to_date('1958-06-10', 'YYYY-MM-DD')),
(1001, 'Danny Flaherty', null),
(1002, 'Carla Corvo', null),
(1003, 'Madison McKinley', null),
(1004, 'Aaron Lazar', null),
(1005, 'Steve Routman', null),
(1006, 'Steve Witting', null),
(1007, 'Charley Morgan', null),
(1008, 'Michael Nathanson', null),
(1009, 'Kathleen Fellegara', null),
(1010, 'John Behlmann', null),
(1011, 'Ward Horton', to_date('1976-01-14', 'YYYY-MM-DD')),
(1012, 'Bret Shuford', null),
(1013, 'J.T. O''Connor', null),
(1014, 'Steven Boyer', null),
(1015, 'Danny A. Abeckaser', null),
(1016, 'Matthew Rauch', null),
(1017, 'Michael Izquierdo', null),
(1018, 'Donnie Keshawarz', to_date('1969-07-30', 'YYYY-MM-DD')),
(1019, 'Johnathan Tchaikovsky', null),
(1020, 'Aaron Glaser', null),
(1021, 'Ben Rameaka', null),
(1022, 'Brian Charles Johnson', null),
(1023, 'Sebastian Tillinger', null),
(1024, 'Chris Riggi', to_date('1985-09-18', 'YYYY-MM-DD')),
(1025, 'Meghan Rafferty', null),
(1026, 'José Ramón Rosario', null),
(1027, 'Davram Stiefler', null),
(1028, 'Dan Daily', null),
(1029, 'Ben Van Bergen', null),
(1030, 'Matte Osian', null),
(1031, 'Michael Devine', null),
(1032, 'Jason Furlani', null),
(1033, 'Jeremy Bobb', null),
(1034, 'Tom Greer', null),
(1035, 'Sharon Jones', to_date('1956-05-04', 'YYYY-MM-DD')),
(1036, 'Emily Tremaine', null),
(1037, 'Zineb Oukach', null),
(1038, 'Giselle Eisenberg', null),
(1039, 'Deema Aitken', null),
(1040, 'Ashley Springer', null),
(1041, 'Rémy Bennett', null),
(1042, 'Catherine Curtin', null),
(1043, 'Paul Urcioli', null),
(1044, 'Michael O''Hara', null),
(1045, 'Michael Bryan French', null),
(1046, 'Armen Garo', null),
(1047, 'Louis Vanaria', null),
(1048, 'Peter Youngblood Hills', to_date('1978-01-28', 'YYYY-MM-DD')),
(1049, 'Brendan Griffin', to_date('1979-10-12', 'YYYY-MM-DD')),
(1050, 'Derek Milman', null),
(1051, 'Victor Verhaeghe', null),
(1052, 'Chris Caldovino', null),
(1053, 'Fileena Bahris', null),
(1054, 'Silvia Kal', null),
(1055, 'Kamron Leal', null),
(1056, 'Tommy Bayiokos', null),
(1057, 'Gianni Biasetti Jr.', null),
(1058, 'Rick Bolander', null),
(1059, 'Spenser Granese', null),
(1060, 'Julian Brand', null),
(1061, 'Kenneth Carrella', null),
(1062, 'Austin Farwell', null),
(1063, 'Zach Miko', null),
(1064, 'Tyler Evan Rowe', null),
(1065, 'Stefano Villabona', null),
(1066, 'Gregory M. Brown', null),
(1067, 'Tucker Bryan', null),
(1068, 'Michael Jefferson', null),
(1069, 'Bryan Burton', null),
(1070, 'Mike Catapano', null),
(1071, 'Steven Conroy', null),
(1072, 'Chris J. Cullen', null),
(1073, 'Kelsey Deanne', null),
(1074, 'Maria Di Angelis', null),
(1075, 'Matthew Gooley', null),
(1076, 'London Hall', null),
(1077, 'Rosemary Howard', null),
(1078, 'Chris Kerson', null),
(1079, 'Natasha Key', null),
(1080, 'Ben Leasure', null),
(1081, 'Paul Jude Letersky', null),
(1082, 'Will MacAdam', null),
(1083, 'Jeff Moffitt', null),
(1084, 'Chris Nunez', to_date('1973-04-11', 'YYYY-MM-DD')),
(1085, 'Seregon O''Dassey', null),
(1086, 'And Palladino', null),
(1087, 'Michael Power', null),
(1088, 'Jon Douglas Rainey', null),
(1089, 'Nicole Rutigliano', null),
(1090, 'Sibyl Santiago', null),
(1091, 'Kathryn Shasha', null),
(1092, 'Vitaliy Shtabnoy', null),
(1093, 'Blago Simon', null),
(1094, 'Paul Thornton', null),
(1095, 'Madeleine Wade', null),
(1096, 'David Wenzel', null),
(1097, 'Joe Zaso', to_date('1970-11-20', 'YYYY-MM-DD')),
(1098, 'Francis Brooke', null);

INSERT INTO MovieActor(Movie_ID, Actor_ID, Role_Name) VALUES
(1, 1, 'Andrew Neimann'),
(1, 2, 'Terence Fletcher'),
(1, 3, 'Nicole'),
(1, 4, 'Ryan'),
(1, 5, 'Travis'),
(1, 6, 'Assistant - Sophie'),
(1, 7, 'Mr. Neyman'),
(1, 8, 'Carl Tanner'),
(1, 9, 'Uncle Frank'),
(1, 10, 'Mr. Kramer'),
(1, 11, 'Aunt Emma'),
(1, 12, 'Dorm Neighbor'),
(1, 13, 'Dustin'),
(1, 14, 'Bassist (Nassau)'),
(1, 15, 'Metz'),
(1, 16, 'Pianist (Studio Band)'),
(1, 17, 'Saxophonist #2 (Studio Band)'),
(1, 18, 'Trumpeter #1 (Studio Band)'),
(1, 19, 'Trumpeter #2 (Studio Band)'),
(1, 20, 'Technician (Overbrook) - Mike'),
(1, 21, 'Stage Hand (Overbrook)'),
(1, 22, 'Passerby (Bus Station)'),
(1, 23, 'Truck Driver'),
(1, 24, 'Passerby (Dunellen)'),
(1, 25, 'Rachel Bornholdt'),
(1, 26, 'Drummer (Quartet)'),
(1, 27, 'Saxophonist (Studio Band) (as Calvin Winbush)'),
(1, 28, 'Bassist (JVC)'),
(1, 29, 'Stage Hand (Carnegie Hall)'),
(1, 30, 'Red Henderson'),
(1, 31, 'Andrew (8 years old)'),
(1, 32, 'Nassau Trumpeter #2'),
(1, 33, 'Studio Core Member #1'),
(1, 34, 'Studio Core Member #2'),
(1, 35, 'Studio Core Member #3'),
(1, 36, 'Studio Core Member #4'),
(1, 37, 'Student #1'),
(1, 38, 'Student #2'),
(1, 39, 'Diner Patron (uncredited)'),
(1, 40, 'JVC Trumpet Player (uncredited)'),
(1, 41, 'JVC Alto Jazz Saxophone Player (uncredited)'),
(1, 42, 'Saxophone Player (uncredited)'),
(1, 43, 'JVC Guitarist (uncredited)'),
(1, 44, 'Music Competition Judge (uncredited)'),
(1, 45, 'Audience Member (uncredited)'),
(1, 46, 'JVC Saxophonist (uncredited)'),
(1, 47, 'Rival Band Saxophonist (uncredited)'),
(1, 48, 'JVC Trombonist (uncredited)'),
(1, 49, 'Bartender (uncredited)'),
(1, 50, 'Audience Member (uncredited)'),
(1, 51, 'Studio Band Saxophone Player (uncredited)'),
(2, 52, 'Andy Dufresne'),
(2, 53, 'Ellis Boyd ''Red'' Redding'),
(2, 54, 'Warden Samuel Norton'),
(2, 55, 'Heywood'),
(2, 56, 'Captain Byron T. Hadley'),
(2, 57, 'Tommy'),
(2, 58, 'Bogs Diamond'),
(2, 59, 'Brooks Hatlen'),
(2, 60, '1946 D.A.'),
(2, 61, 'Skeet'),
(2, 62, 'Jigger'),
(2, 63, 'Floyd'),
(2, 64, 'Snooze'),
(2, 65, 'Ernie'),
(2, 66, 'Guard Mert'),
(2, 67, 'Guard Trout'),
(2, 68, 'Andy Dufresne''s Wife'),
(2, 69, 'Glenn Quentin'),
(2, 70, '1946 Judge'),
(2, 71, '1947 Parole Hearings Man'),
(2, 72, 'Fresh Fish Con'),
(2, 73, 'Hungry Fish Con'),
(2, 74, 'Fat Ass'),
(2, 75, 'Tyrell'),
(2, 76, 'Rooster'),
(2, 77, 'Pete'),
(2, 78, 'Guard Youngblood'),
(2, 79, 'Guard Dekins'),
(2, 80, 'Guard Wiley'),
(2, 81, '1954 Landlady'),
(2, 82, 'Head Bull Haig'),
(2, 83, '1954 Food-Way Manager'),
(2, 84, 'Elmo Blatch'),
(2, 85, 'Bullhorn Tower Guard'),
(2, 86, 'Bugle Editor'),
(2, 87, '1967 Parole Hearings Man'),
(2, 88, 'Con (uncredited)'),
(2, 89, 'Police Officer (uncredited)'),
(2, 90, 'Inmate (uncredited)'),
(2, 91, 'Inmate II (uncredited)'),
(2, 92, 'Frank (uncredited)'),
(3, 93, 'Cooper'),
(3, 94, 'Brand'),
(3, 95, 'Murph'),
(3, 96, 'Professor Brand'),
(3, 97, 'Tom'),
(3, 98, 'Young Murph'),
(3, 99, 'Young Tom'),
(3, 100, 'TARS (voice)'),
(3, 101, 'Dr. Mann'),
(3, 102, 'Old Murph'),
(3, 103, 'Donald'),
(3, 104, 'Doyle'),
(3, 105, 'Getty'),
(3, 106, 'Principal'),
(3, 107, 'Romilly'),
(3, 108, 'NASA Board Member'),
(3, 109, 'CASE (voice)'),
(3, 110, 'Ms. Kelly'),
(3, 111, 'Lois'),
(3, 112, 'Crew Chief'),
(3, 113, 'Nurse Practitioner'),
(3, 114, 'Doctor'),
(3, 115, 'Administrator'),
(3, 116, 'Nurse'),
(3, 117, 'Coop'),
(3, 118, 'Boots'),
(3, 119, 'Smith'),
(3, 120, 'Girl on Truck'),
(3, 121, 'NASA Employee (uncredited)'),
(3, 39, 'NASA Scientist (uncredited)'),
(3, 122, 'Scientist (uncredited)'),
(3, 123, 'NASA Inspector (uncredited)'),
(3, 49, 'Astronaut (uncredited)'),
(4, 124, 'Don Vito Corleone'),
(4, 125, 'Michael Corleone'),
(4, 126, 'Santino ''Sonny'' Corleone'),
(4, 127, 'Pete Clemenza'),
(4, 128, 'Tom Hagen'),
(4, 129, 'Capt. Mark McCluskey'),
(4, 130, 'Jack Woltz'),
(4, 131, 'Emilio Barzini'),
(4, 132, 'Virgil ''Der Türke'' Sollozzo'),
(4, 133, 'Kay Adams'),
(4, 134, 'Salvatore "Sally" Tessio'),
(4, 135, 'Connie Corleone Rizzi'),
(4, 136, 'Carlo Rizzi'),
(4, 137, 'Fredo Corleone'),
(4, 138, 'Carmine Cuneo'),
(4, 139, 'Johnny Fontane'),
(4, 140, 'Mama Corleone'),
(4, 141, 'Luca Brasi'),
(4, 142, 'Paulie'),
(4, 143, 'Bonasera'),
(4, 144, 'Moe Greene'),
(4, 145, 'Bruno Tattaglia'),
(4, 146, 'Philip Tattaglia'),
(4, 147, 'Apollonia Vitelli-Corleone'),
(4, 148, 'Vitelli'),
(4, 149, 'Baby in baptism scene'),
(4, 150, 'Don Zaluchi'),
(4, 151, 'Enzo, the baker'),
(4, 152, 'Tony - Stablehand'),
(4, 153, 'Neri'),
(4, 154, 'Nazorine'),
(4, 155, 'Theresa Hagen'),
(4, 156, 'Sandra Corleone'),
(4, 157, 'Fabrizio'),
(4, 158, 'Don Tommasino'),
(4, 159, 'Calo'),
(4, 160, 'Extra in Furniture-Moving Scene (uncredited)'),
(4, 161, 'Piano Player in Montage (uncredited)'),
(4, 162, 'Boy on Street Who Attended Funeral (uncredited)'),
(4, 163, 'Don Victor Stracci (uncredited)'),
(4, 164, 'Crowd (uncredited)'),
(4, 165, 'Cowboy on the Set at Woltz''s Studio (uncredited)'),
(4, 166, 'Usher in Bridal Party (uncredited)'),
(4, 167, 'Sonny''s Bodyguard (uncredited)'),
(4, 168, 'Cop Outside Hospital (uncredited)'),
(4, 169, 'Sonny''s Killer #1 (uncredited)'),
(4, 170, 'Wedding Guest (uncredited)'),
(4, 171, 'Boy at Wedding (uncredited)'),
(4, 172, 'Corleone Family Member (uncredited)'),
(4, 173, 'Priest at Baptism (uncredited)'),
(4, 174, 'Man in Passenger Seat (uncredited)'),
(4, 175, 'Drunk (uncredited)'),
(4, 176, 'Rocco Lampone (uncredited)'),
(4, 177, 'Street Extra (uncredited)'),
(4, 178, 'Extra in Wedding Scene (uncredited)'),
(4, 179, 'Willi Cicci (uncredited)'),
(4, 180, 'Wedding Party Guest (uncredited)'),
(4, 181, 'Fruit Vendor (uncredited)'),
(5, 182, 'Philippe'),
(5, 183, 'Driss'),
(5, 184, 'Yvonne'),
(5, 185, 'Magalie'),
(5, 186, 'Marcelle'),
(5, 187, 'Elisa'),
(5, 188, 'Adama'),
(5, 189, 'Albert'),
(5, 190, 'Chantal'),
(5, 191, 'Fatou'),
(5, 192, 'Mina'),
(5, 193, 'Amie de Philippe'),
(5, 194, 'Ami de Philippe'),
(5, 195, 'Bastien'),
(5, 196, 'Antoine'),
(6, 197, 'Chihiro (voice)'),
(6, 198, 'Haku (voice)'),
(6, 199, 'Yubaba (voice)'),
(6, 200, 'Chihiro''s Father (voice)'),
(6, 201, 'Chihiro''s Mother (voice)'),
(6, 202, 'Aogaeru (voice)'),
(6, 203, 'Lin (voice)'),
(6, 204, 'Bandai-gaeru (voice)'),
(6, 205, 'Kawa no Kami (voice)'),
(6, 206, 'Chichiyaku (voice)'),
(6, 207, 'Aniyaku (voice)'),
(6, 208, 'Bôh (voice)'),
(6, 209, 'Kamajî (voice)'),
(7, 210, 'Dora'),
(7, 211, 'Guido Orefice'),
(7, 212, 'Giosué Orefice'),
(7, 213, 'Eliseo Orefice'),
(7, 214, 'Rodolfo'),
(7, 215, 'Ferruccio'),
(7, 216, 'Signora Guicciardini'),
(7, 217, 'Dottore Lessing'),
(7, 218, 'Bartolomeo'),
(7, 219, 'Madre di Dora'),
(7, 220, 'Direttrice'),
(7, 221, 'Vittorino'),
(7, 222, 'German Auxilliary'),
(7, 223, 'German Auxilliary'),
(7, 224, 'German Corporal'),
(7, 225, 'German Major at Party'),
(7, 226, 'Bruno'),
(7, 227, 'Dora''s Maid'),
(7, 228, 'German Auxilliary'),
(7, 229, 'German Lieutenant at Station'),
(7, 230, 'Grand Hotel Doorman'),
(7, 231, 'German Soldier'),
(7, 232, 'Narrator (voice) (uncredited)'),
(8, 233, 'Joy (voice)'),
(8, 234, 'Sadness (voice)'),
(8, 235, 'Bing Bong (voice)'),
(8, 236, 'Fear (voice)'),
(8, 237, 'Anger (voice)'),
(8, 238, 'Disgust (voice)'),
(8, 239, 'Riley (voice)'),
(8, 240, 'Mom (voice)'),
(8, 241, 'Dad (voice)'),
(8, 242, 'Forgetter Paula (voice)'),
(8, 243, 'Forgetter Bobby (voice)'),
(8, 244, 'Dream Director / Mom''s Anger (voice)'),
(8, 245, 'Subconscious Guard Frank (voice)'),
(8, 246, 'Subconscious Guard Dave (voice)'),
(8, 247, 'Jangles (voice)'),
(8, 248, 'Mind Worker Cop Jake (voice)'),
(8, 249, 'Fritz (voice)'),
(8, 250, 'Helicopter Pilot / Additional Voices (voice)'),
(8, 251, 'Clown''s Joy (voice)'),
(8, 252, 'Cool Girl''s Emotions (voice)'),
(8, 253, 'Additional Voices (voice)'),
(8, 254, 'Additional Voices (voice)'),
(8, 255, 'Additional Voices (voice)'),
(8, 256, 'Additional Voices (voice)'),
(8, 257, 'Additional Voices (voice)'),
(8, 258, 'Additional Voices (voice)'),
(8, 259, 'Additional Voices (voice)'),
(8, 260, 'Additional Voices (voice)'),
(8, 261, 'Additional Voices (voice)'),
(8, 262, 'Additional Voices (voice)'),
(8, 263, 'Additional Voices (voice)'),
(8, 264, 'Additional Voices (voice)'),
(8, 265, 'Additional Voices (voice)'),
(8, 266, 'Additional Voices (voice)'),
(8, 267, 'Additional Voices (voice)'),
(8, 268, 'Additional Voices (voice)'),
(8, 269, 'Additional Voices (voice)'),
(8, 270, 'Additional Voices (voice)'),
(8, 271, 'Additional Voices (voice)'),
(8, 272, 'Additional Voices (voice)'),
(8, 273, 'Additional Voices (voice)'),
(8, 274, 'Additional Voices (voice)'),
(8, 275, 'Additional Voices (voice)'),
(8, 276, 'Additional Voices (voice)'),
(8, 277, 'Additional Voices (voice)'),
(8, 278, 'Additional Voices (voice)'),
(8, 279, 'Additional Voices (voice)'),
(8, 280, 'Additional Voices (voice)'),
(8, 281, 'Additional Voices (voice)'),
(8, 282, 'Additional Voices (voice) (as Bret Parker)'),
(8, 244, 'Additional Voices (voice)'),
(8, 283, 'Additional Voices (voice)'),
(8, 284, 'Additional Voices (voice)'),
(8, 285, 'Additional Voices (voice)'),
(8, 286, 'Additional Voices (voice)'),
(8, 287, 'Additional Voices (voice)'),
(8, 288, 'Additional Voices (voice)'),
(8, 289, 'Additional Voices (voice)'),
(8, 290, 'Additional Voices (voice)'),
(9, 125, 'Don Michael Corleone'),
(9, 128, 'Tom Hagen'),
(9, 133, 'Kay Corleone'),
(9, 291, 'Vito Corleone'),
(9, 137, 'Fredo Corleone'),
(9, 135, 'Connie Corleone'),
(9, 292, 'Hyman Roth'),
(9, 293, 'Frankie Pentangeli'),
(9, 294, 'Senator Pat Geary'),
(9, 153, 'Al Neri'),
(9, 295, 'die Mutter des jungen Vito'),
(9, 296, 'Vito Andolini as a Boy'),
(9, 297, 'Don Fanucci'),
(9, 298, 'Don Francesco Ciccio'),
(9, 299, 'Young Clemenza'),
(9, 177, 'Genco'),
(9, 140, 'Mama Corleone'),
(9, 300, 'Deanna Corleone'),
(9, 301, 'Signor Roberto'),
(9, 302, 'Johnny Ola'),
(9, 303, 'Mrs. Marcia Roth'),
(9, 304, 'F.B.I. Man #1'),
(9, 305, 'Tony Rosato'),
(9, 306, 'Senator #2'),
(9, 307, 'Senate Committee Chairman'),
(9, 126, 'Sonny Corleone'),
(9, 176, 'Rocco Lampone'),
(9, 308, 'Michael''s Bodyguard'),
(9, 309, 'Merle Johnson'),
(9, 310, 'Young Tessio'),
(9, 179, 'Willi Cicci'),
(9, 134, 'Tessio'),
(9, 155, 'Theresa Hagen'),
(9, 136, 'Carlo'),
(9, 311, 'Vito''s mother'),
(9, 312, 'Don Tommasino'),
(9, 313, 'Carmine Rosato'),
(9, 314, 'Policeman'),
(9, 315, 'Girl in ''Senza Mamma'''),
(9, 316, 'Yolanda'),
(9, 162, 'Sonny Corleone as a Boy'),
(9, 149, 'Child on Ship'),
(9, 317, 'Passerby in Coat with Cap Pulled Down'),
(9, 318, 'Anthony Corleone'),
(9, 319, 'Bartender'),
(9, 173, 'Father Carmelo (as Father Joseph Medeglia)'),
(9, 320, 'Michael''s Buttonman #1'),
(9, 321, 'Michael''s Buttonman #2'),
(9, 167, 'Michael''s Buttonman #3'),
(9, 322, 'Impressario'),
(9, 323, 'Tenor in ''Senza Mamma'''),
(9, 324, 'Signora Colombo'),
(9, 325, 'Cuban President'),
(9, 326, 'Cuban Translator'),
(9, 327, 'Pentangeli''s Wife'),
(9, 328, 'Pentangeli''s Brother'),
(9, 329, 'Mosca'),
(9, 330, 'Strollo'),
(9, 331, 'Signor Abbandando'),
(9, 332, 'Street Vendor'),
(9, 333, 'Questadt'),
(9, 334, 'Fred Corngold'),
(9, 335, 'Senator #1'),
(9, 336, 'Attendant at Brothel'),
(9, 337, 'Ellis Island Doctor'),
(9, 338, 'Ellis Island Nurse'),
(9, 339, 'Cuban Nurse'),
(9, 340, 'Senator Pat Geary'),
(9, 341, 'Governess'),
(9, 342, 'Photographer in Court (uncredited)'),
(9, 343, '(uncredited)'),
(9, 344, 'Extra (uncredited)'),
(9, 345, 'Cuban Guerilla with Grenade (uncredited)'),
(9, 156, 'Sandra Corleone (uncredited)'),
(9, 346, 'Vito''s Uncle (uncredited)'),
(9, 347, 'Senator with mustache (uncredited)'),
(9, 348, 'Senator #3 (uncredited)'),
(9, 349, 'Young Hyman Roth (uncredited)'),
(9, 350, 'Street Vendor (uncredited)'),
(9, 178, 'Extra in Little Italy (uncredited)'),
(9, 351, 'Sam Roth (uncredited)'),
(9, 352, 'Passerby in Coat with Cap Pulled Down (uncredited)'),
(9, 162, 'Sonny Corleone as a Boy (uncredited)'),
(9, 149, 'Child on Ship (uncredited)'),
(9, 353, 'Mama Corleone''s Body (uncredited)'),
(10, 354, 'Peter Quill / Star-Lord'),
(10, 355, 'Gamora'),
(10, 356, 'Drax the Destroyer'),
(10, 357, 'Groot (voice)'),
(10, 358, 'Rocket (voice)'),
(10, 359, 'Ronan the Accuser'),
(10, 360, 'Nebula'),
(10, 361, 'Yondu Udonta'),
(10, 362, 'Taneleer Tivan / The Collector'),
(10, 363, 'Korath the Pursuer'),
(10, 364, 'Corpsman Rhomann Dey'),
(10, 365, 'Nova Prime Irani Rael'),
(10, 366, 'Thanos'),
(10, 367, 'Denarian Saal'),
(10, 368, 'Kraglin / On Set Rocket'),
(10, 369, 'The Other'),
(10, 370, 'Carina'),
(10, 371, 'Meredith Quill'),
(10, 372, 'Grandpa'),
(10, 373, 'Xandarian Ladies'' Man'),
(10, 374, 'Monstrous Inmate (voice)'),
(10, 375, 'Ravager Navigator (voice)'),
(10, 376, 'Maskless Sakaaran'),
(10, 377, 'Ravager Pilot'),
(10, 378, 'Howard the Duck (voice)'),
(10, 379, 'Nova Prime''s Assistant'),
(10, 380, 'Bereet'),
(10, 381, 'The Broker'),
(10, 382, 'On Set Groot'),
(10, 383, 'Young Quill'),
(10, 384, 'Meredith''s Mother'),
(10, 385, 'Meredith''s Brother'),
(10, 386, 'Meredith''s Best Friend'),
(10, 387, 'Dr. Fitzgibbon'),
(10, 388, 'Horuz'),
(10, 389, 'Horuz''s Mate'),
(10, 390, 'Sacrifice Nova Corpsman'),
(10, 391, 'Pretty Xandarian'),
(10, 392, 'Nova Arresting Pilot'),
(10, 393, 'Corpsman Dey''s Partner'),
(10, 394, 'Kree Ambassador'),
(10, 395, 'Head Riot Guard'),
(10, 396, 'Angry Guard'),
(10, 397, 'Mean Guard'),
(10, 398, 'Sad Woman with Horns'),
(10, 399, 'Moloka Dar'),
(10, 400, 'Mottled Prisoner'),
(10, 401, 'Burly Prisoner'),
(10, 402, 'Watchtower Guard'),
(10, 403, 'One Legged Prisoner'),
(10, 404, 'Rifle Guard'),
(10, 405, '''Drop the Leg'' Guard'),
(10, 406, 'Tortured Pink Girl'),
(10, 407, 'Pit Boss'),
(10, 408, 'Lady of the Boot of Jemiah'),
(10, 409, 'Lady of the Boot of Jemiah'),
(10, 410, 'Lady of the Boot of Jemiah'),
(10, 411, 'Lady of the Boot of Jemiah'),
(10, 412, 'Lady of the Boot of Jemiah'),
(10, 413, 'Cosmo the Space Dog'),
(10, 414, 'Knowhere Dispatcher'),
(10, 415, 'Sad Krylorian Girl'),
(10, 416, 'One-Eyed Ravager'),
(10, 417, 'Ravager Pilot'),
(10, 418, 'Nova Centurion'),
(10, 419, 'Nova Starblaster Pilot'),
(10, 420, 'Alien Nova Pilot'),
(10, 421, 'Maskless Sakaaran'),
(10, 422, 'Corpsman Dey''s Wife'),
(10, 423, 'Corpsman Dey''s Daughter'),
(10, 424, 'Corpsman Dey''s Daughter'),
(10, 425, 'Goth Ravager'),
(10, 426, 'Crying Xandarian Citizen'),
(10, 427, 'Prisoner'),
(10, 428, 'Ravager (uncredited)'),
(10, 429, 'Traveller (uncredited)'),
(10, 430, 'Kyln Prisoner (uncredited)'),
(10, 431, 'Prisoner (uncredited)'),
(11, 432, 'Bruce Wayne'),
(11, 433, 'Joker'),
(11, 434, 'Harvey Dent'),
(11, 96, 'Alfred'),
(11, 435, 'Rachel Dawes'),
(11, 436, 'Lt. James Gordon'),
(11, 53, 'Lucius Fox'),
(11, 437, 'Wuertz'),
(11, 438, 'Scarecrow'),
(11, 439, 'Lau'),
(11, 440, 'Mayor of Gotham'),
(11, 441, 'Salvatore Maroni'),
(11, 442, 'Chechen'),
(11, 443, 'Engel'),
(11, 444, 'Stephen'),
(11, 445, 'Loeb'),
(11, 446, 'Barbara Gordon'),
(11, 447, 'The bank manager'),
(11, 448, 'Joker''s henchman'),
(11, 449, 'Happy'),
(11, 450, 'Grumpy'),
(11, 451, 'Dopey'),
(11, 452, 'Natascha'),
(11, 453, 'Prisoner on Ferry'),
(11, 454, 'Party Guest (uncredited)'),
(11, 455, 'Gambol'),
(11, 456, 'Ramirez'),
(11, 457, 'Reese'),
(11, 458, 'James Gordon, Jr.'),
(11, 459, 'Rossi'),
(11, 460, 'Drug Dealer'),
(11, 461, 'Crime Boss'),
(11, 462, 'LSI VP'),
(11, 463, 'Assistant DA'),
(11, 464, 'Gentleman at Party'),
(11, 465, 'Judge Freel'),
(11, 466, 'Maroni''s Mistress'),
(11, 467, 'Gambol''s Bodyguard'),
(11, 468, 'Gambol''s Bodyguard'),
(11, 469, 'Heckler'),
(11, 470, 'Acting Commissioner'),
(11, 471, 'Murphy'),
(11, 472, 'Cop with Fat Thug'),
(11, 473, 'Cop at 250 52nd St.'),
(11, 474, 'Polk'),
(11, 475, 'Berg'),
(11, 476, 'First Mate'),
(11, 477, 'Prison Ferry Pilot'),
(11, 478, 'Guard Commander'),
(11, 479, 'Businessman'),
(11, 480, 'Passenger'),
(11, 481, 'Passenger'),
(11, 482, 'Passenger'),
(11, 483, 'Passenger'),
(11, 484, 'Passenger'),
(11, 485, 'Tattooed Prisoner'),
(11, 486, 'Reporter #3'),
(11, 487, 'Evans'),
(11, 488, 'Uniform Cop'),
(11, 489, 'Bounty Hunter'),
(11, 490, 'Bounty Hunter'),
(11, 491, 'Passenger Ferry Pilot'),
(11, 492, 'Corrections Officer'),
(11, 493, 'Prisoner'),
(11, 494, 'Prisoner'),
(11, 495, 'Prisoner'),
(11, 405, 'Prisoner'),
(11, 496, 'Waiter (uncredited)'),
(11, 497, 'Bank Patron (uncredited)'),
(11, 498, 'Party Guest (uncredited)'),
(11, 499, 'Party Guest with Glass (uncredited)'),
(11, 500, 'Party Guest (uncredited)'),
(11, 501, 'Party Guest (uncredited)'),
(11, 502, 'Paramedic (uncredited)'),
(11, 503, 'Chechen Gangster (uncredited)'),
(11, 504, 'Press Conference Heckler (uncredited)'),
(11, 505, 'Pedestrian (uncredited)'),
(11, 506, 'Ferry Passenger (uncredited)'),
(11, 507, 'Police Officer (uncredited)'),
(11, 508, 'Prisoner (uncredited)'),
(11, 509, 'Prisoner (uncredited)'),
(11, 510, 'Immigrant Ferry Passenger (uncredited)'),
(11, 511, 'Shotgun SWAT (uncredited)'),
(11, 512, 'Parade Police Officer (uncredited)'),
(11, 513, 'Police Officer (uncredited)'),
(11, 514, 'Maroni''s Henchman (uncredited)'),
(11, 515, 'Assistant D.A. (uncredited)'),
(11, 516, 'Police Sgt. Spellman / Gotham Bomb Squad (uncredited)'),
(11, 517, 'Ferry Passenger (uncredited)'),
(11, 49, 'Officer (uncredited)'),
(11, 518, 'Joker''s Thug #2 (uncredited)'),
(11, 519, 'Angry Hospital Relative (uncredited)'),
(11, 520, 'Evacuee (uncredited)'),
(11, 521, 'High-Ranking Police Official (uncredited)'),
(11, 522, 'Extra (uncredited)'),
(11, 523, 'Dept. of Corrections Resident (uncredited)'),
(11, 524, 'Detective (uncredited)'),
(11, 525, 'Chechen''s Bodyguard (uncredited)'),
(11, 526, 'Detective (uncredited)'),
(11, 527, 'Major Crime Unit Detective (uncredited)'),
(11, 528, 'Party Staff (uncredited)'),
(11, 529, 'Lau Henchman (uncredited)'),
(11, 530, 'Helicopter SWAT Sniper (uncredited)'),
(12, 531, 'The Narrator'),
(12, 532, 'Tyler Durden'),
(12, 533, 'Marla Singer'),
(12, 534, 'Robert ''Bob'' Paulson'),
(12, 535, 'Angel Face'),
(12, 536, 'Richard Chesler'),
(12, 537, 'The Mechanic'),
(12, 538, 'Ricky'),
(12, 539, 'Intern'),
(12, 540, 'Thomas'),
(12, 541, 'Group Leader'),
(12, 542, 'Inspector Bird'),
(12, 543, 'Inspector Dent'),
(12, 544, 'Airport Security Officer'),
(12, 545, 'Walter'),
(12, 546, 'Detective Stern'),
(12, 547, 'Lou''s Body Guard'),
(12, 548, 'Car Salesman'),
(12, 549, 'Man #2 at Auto Shop'),
(12, 550, 'Seminary Student'),
(12, 551, 'Channel 4 Reporter'),
(12, 552, 'Policeman'),
(12, 553, 'Salvator, Winking Bartender'),
(12, 554, 'Proprietor of Dry Cleaners'),
(12, 555, 'Bartender in Halo'),
(12, 556, 'Detective Andrew'),
(12, 557, 'Detective Kevin'),
(12, 558, 'Manasa Madapu'),
(13, 559, 'Oskar Schindler'),
(13, 560, 'Itzhak Stern'),
(13, 561, 'Amon Goeth'),
(13, 562, 'Emilie Schindler'),
(13, 563, 'Poldek Pfefferberg'),
(13, 564, 'Helen Hirsch'),
(13, 565, 'Victoria Klonowska'),
(13, 566, 'Wilek Chilowicz'),
(13, 567, 'Marcel Goldberg'),
(13, 568, 'Ingrid'),
(13, 569, 'Julian Scherner'),
(13, 570, 'Rolf Czurda'),
(13, 571, 'Herman Toffel'),
(13, 572, 'Leo John'),
(13, 573, 'Albert Hujar'),
(13, 574, 'Mila Pfefferberg'),
(13, 575, 'Juda Dresner'),
(13, 576, 'Chaja Dresner'),
(13, 577, 'Danka Dresner'),
(13, 578, 'Mordecai Wulkan'),
(13, 579, 'Mrs. Nussbaum'),
(13, 580, 'Henry Rosner'),
(13, 581, 'Manci Rosner'),
(13, 582, 'Leo Rosner'),
(13, 583, 'Rabbi Menasha Lewartow'),
(13, 584, 'Chaim Nowak'),
(13, 585, 'Diana Reiter'),
(13, 586, 'Goeth''s Girl'),
(13, 587, 'Mr. Nussbaum'),
(14, 588, 'Alan Turing'),
(14, 589, 'Joan Clarke'),
(14, 590, 'Hugh Alexander'),
(14, 591, 'Detective Robert Nock'),
(14, 592, 'John Cairncross'),
(14, 593, 'Peter Hilton'),
(14, 594, 'Commander Denniston'),
(14, 595, 'Stewart Menzies'),
(14, 596, 'Jack Good'),
(14, 597, 'Sergeant Staehl'),
(14, 598, 'Superintendent Smith'),
(14, 599, 'Keith Furman'),
(14, 600, 'Charles Richards'),
(14, 601, 'Young Alan Turing'),
(14, 602, 'Christopher Morcom'),
(14, 603, 'Helen'),
(14, 604, 'Joan''s Mother'),
(14, 605, 'Military Policeman'),
(14, 606, 'Crossword Enthusiast'),
(14, 607, 'Passerby'),
(14, 608, 'Assistant Wren'),
(14, 609, 'MI-6 Agent'),
(14, 610, 'MI-6 Agent'),
(14, 611, 'Bletchley Park Agent'),
(14, 49, 'MI-6 Agent'),
(14, 612, 'Passerby'),
(14, 613, 'RAF Wren'),
(14, 614, 'First Aid Nurse'),
(14, 615, 'WW2 Wren'),
(14, 616, 'Dancer'),
(14, 617, 'Bletchley Park Operative'),
(14, 618, 'Military Policeman'),
(14, 619, 'Joan Clarke''s Friend'),
(14, 620, 'Police Sergeant White'),
(14, 621, 'Sherborne Student 3'),
(14, 622, 'Joan''s Father'),
(14, 623, 'Civilian'),
(14, 624, 'Crosswordman in Pub'),
(14, 625, 'Military Policeman'),
(14, 626, 'Headmaster'),
(14, 627, 'Young Officer'),
(14, 628, 'German Pilot'),
(14, 629, 'Dancer'),
(14, 630, 'Technician'),
(14, 631, 'Crossword Enthusiast'),
(14, 632, 'MI-6 Agent'),
(14, 633, 'Evacuee'),
(14, 634, 'Ministers Man'),
(14, 635, 'Wren'),
(14, 636, 'Sherborne Student 2'),
(14, 637, 'Evacuee'),
(14, 638, 'Paperboy'),
(14, 639, 'Evacuee'),
(14, 640, 'Joan Clarke''s Friend'),
(14, 641, 'Bully'),
(14, 642, 'School Boy'),
(14, 643, 'MI-6 Agent'),
(14, 644, 'Wren'),
(14, 645, 'Wren (uncredited)'),
(14, 646, 'Wren (uncredited)'),
(14, 647, 'Woman in Crowd (uncredited)'),
(14, 648, 'Crossword Man (uncredited)'),
(15, 649, 'Vincent Vega'),
(15, 650, 'Jules Winfield'),
(15, 651, 'Mia Wallace'),
(15, 652, 'Butch Coolidge'),
(15, 653, 'Marsellus Wallace'),
(15, 654, 'Wolf'),
(15, 655, 'Lance'),
(15, 656, 'Pumpkin'),
(15, 657, 'Honey Bunny'),
(15, 658, 'Fabienne'),
(15, 659, 'Jimmie Dimmick'),
(15, 660, 'Captain Koons'),
(15, 661, 'Jody'),
(15, 662, 'Zed'),
(15, 663, 'Maynard'),
(15, 664, 'Esmarelda Villalobos'),
(15, 665, 'Marvin'),
(15, 666, 'Buddy Holly'),
(15, 667, 'Trudi'),
(15, 668, 'Waitress'),
(15, 669, 'Brett'),
(15, 670, 'Roger'),
(15, 671, 'Paul'),
(15, 672, 'Ed Sullivan'),
(15, 673, 'Page for Phillip Morris'),
(15, 674, 'Ricky Nelson'),
(15, 675, 'Marilyn Monroe'),
(15, 676, 'James Dean'),
(15, 677, 'Dean Martin'),
(15, 678, 'Jerry Lewis (as Brad Parker)'),
(15, 679, 'Mamie van Doren'),
(15, 680, 'Hold Hands You Lovebirds (archive footage)'),
(15, 681, 'Mrs. Coolidge - Butch''s Mother'),
(15, 682, 'Young Butch'),
(15, 683, 'Klondike'),
(15, 684, 'Sportscaster #1 - Coffee Shop'),
(15, 685, 'Sportscaster #2'),
(15, 686, 'Wilson''s Trainer'),
(15, 687, 'Dead Floyd Wilson'),
(15, 688, 'Gawker #1'),
(15, 689, 'Hit-and-run Witness'),
(15, 690, 'Pedestrian / Bonnie Dimmick'),
(15, 691, 'Shot Woman'),
(15, 692, 'The Gimp'),
(15, 693, 'Man No. 4'),
(15, 694, 'Raquel'),
(15, 695, 'Long Hair Yuppy Scum'),
(15, 696, 'Winston Wolfe''s Girlfriend At Party (uncredited)'),
(15, 697, 'Bar Tender (uncredited)'),
(15, 698, 'Lucky Lady (uncredited)'),
(15, 699, 'Drug Dealer (uncredited)'),
(15, 700, 'Hopalong Cassidy (uncredited)'),
(15, 701, 'Woman in Bathroom (uncredited)'),
(15, 92, 'Michael (uncredited)'),
(16, 702, 'Forrest Gump'),
(16, 703, 'Mrs. Gump'),
(16, 704, 'Jenny Curran'),
(16, 705, 'Pvt. Benjamin Buford ''Bubba'' Blue'),
(16, 706, 'Lt. Dan Taylor'),
(16, 707, 'Young Forrest Gump'),
(16, 708, 'Young Jenny Curran'),
(16, 709, 'Forrest Gump Jr.'),
(16, 710, 'School Bus Driver'),
(16, 711, 'Drill Sergeant'),
(16, 712, 'Young Elvis Presley'),
(16, 713, 'College Football Coach'),
(16, 714, 'Barber'),
(16, 715, 'Principal'),
(16, 716, 'Louise'),
(16, 717, 'Boy with cross'),
(16, 718, 'Jenny''s Father'),
(16, 719, 'High School Football Coach'),
(16, 720, 'Recruiter'),
(16, 721, 'Newscaster'),
(16, 722, 'Earl'),
(16, 723, 'Jenny''s date'),
(16, 724, 'Local Anchor #1'),
(16, 725, 'President Kennedy (voice)'),
(16, 726, 'Army Recruiter'),
(16, 727, 'Barracks Recruit'),
(16, 728, 'Club patron'),
(16, 729, 'Club patron'),
(16, 730, 'Club patron'),
(16, 731, 'Helicopter gunman'),
(16, 732, 'Cleveland'),
(16, 733, 'Tex'),
(16, 734, 'Army Hospital Male Nurse'),
(16, 734, 'Wounded soldier'),
(16, 735, 'Wounded soldier'),
(16, 736, 'Hospital Officer'),
(16, 737, 'President Johnson (voice)'),
(16, 738, 'Isabel'),
(16, 739, 'Abbie Hoffman'),
(16, 740, 'Black Panther'),
(16, 741, 'Wesley'),
(16, 742, 'Hollywood Boulevard Girlfriend'),
(16, 743, 'Dick Cavett'),
(16, 744, 'Carla'),
(16, 744, 'Lenore'),
(16, 745, 'President Nixon (voice)'),
(16, 746, 'Discharge Officer'),
(16, 746, 'Drugged Out Boyfriend'),
(16, 747, 'Elderly Southern Woman'),
(16, 748, 'Waitress in cafe'),
(16, 749, 'Taxi Driver'),
(16, 750, 'Aging Hippie'),
(16, 751, 'Wild eyed man'),
(16, 752, 'Football Player (uncredited)'),
(16, 753, 'Cheerleader (uncredited)'),
(16, 754, 'Football Coach (uncredited)'),
(16, 755, 'Barracks Recruit (uncredited)'),
(16, 756, 'National Guardsman (uncredited)'),
(16, 757, 'Football Fan (uncredited)'),
(16, 758, 'Elvis Presley (voice) (uncredited)'),
(16, 759, 'Football Player (uncredited)'),
(16, 760, 'Black Panther (uncredited)'),
(16, 761, 'Nicholas Katzenbach (uncredited)'),
(16, 762, 'Jenny''s Babysitter (uncredited)'),
(17, 763, 'Nick Dunne'),
(17, 764, 'Amy Dunne'),
(17, 765, 'Tanner Bolt'),
(17, 766, 'Desi Collins'),
(17, 767, 'Ellen Abbott'),
(17, 768, 'Detective Jim Gilpin'),
(17, 769, 'Detective Rhonda Boney'),
(17, 770, 'Noelle Hawthorne'),
(17, 771, 'Shawna Kelly'),
(17, 772, 'Andie Fitzgerald'),
(17, 773, 'Tommy'),
(17, 774, 'Jeff'),
(17, 775, 'Greta'),
(17, 776, 'Margo Dunne'),
(17, 777, 'Sharon Schieber'),
(17, 778, 'Police Officer'),
(17, 779, 'Rand Elliott'),
(17, 780, 'Marybeth Elliott'),
(17, 781, 'Donnelly'),
(17, 782, 'Bill Dunne'),
(17, 783, 'Walter'),
(17, 784, 'Kelly Capitono'),
(17, 785, 'FBI'),
(17, 786, 'Mustached Man'),
(17, 787, 'Above-It-All Journalist'),
(17, 788, 'Nervous Intern'),
(17, 789, 'Security Guard'),
(17, 790, 'Fashionista'),
(17, 791, 'Female Officer'),
(17, 792, 'Doctor'),
(17, 793, 'Earnest Girl'),
(17, 794, 'Maureen Dunne'),
(17, 795, 'Friend 1'),
(17, 796, 'Friend 2'),
(17, 797, 'Guard'),
(17, 798, 'Tweaker Teen 1'),
(17, 799, 'Tweaker Teen 2'),
(17, 800, 'Jason'),
(17, 801, 'Airport Traveler'),
(17, 802, 'Producer'),
(17, 803, 'Lauren Nevens'),
(17, 804, 'Reporter One'),
(17, 805, 'Reporter'),
(17, 806, 'Casino Patron (uncredited)'),
(17, 807, 'Airport Passenger (uncredited)'),
(17, 808, 'Casino Customer (uncredited)'),
(17, 809, 'Press Reporter (uncredited)'),
(17, 810, 'Limo Driver (uncredited)'),
(17, 811, 'Needs a Fix (uncredited)'),
(17, 812, 'Black Jack Dealer (uncredited)'),
(17, 813, 'Waitress (uncredited)'),
(17, 814, 'Flight Attendant (uncredited)'),
(17, 815, 'Reporter (uncredited)'),
(17, 816, 'CSI Photographer (uncredited)'),
(17, 817, 'High roll dealer (uncredited)'),
(17, 818, 'Sharon''s Assistant (uncredited)'),
(17, 819, 'Coffee Cop (uncredited)'),
(17, 820, 'Hostess (uncredited)'),
(17, 821, 'Truck Stop Cook (uncredited)'),
(17, 822, 'Dealer (uncredited)'),
(17, 823, 'Amish Musician (uncredited)'),
(17, 824, 'Bartender (uncredited)'),
(17, 825, 'Pedestrian (uncredited)'),
(17, 826, 'Gate Agent (uncredited)'),
(17, 827, 'Bike Messenger (uncredited)'),
(17, 828, 'Williamsburg Musician (uncredited)'),
(17, 829, 'Police Station Woman (uncredited)'),
(18, 291, 'Jimmy Conway'),
(18, 830, 'Henry Hill'),
(18, 831, 'Tommy DeVito'),
(18, 832, 'Karen Hill'),
(18, 833, 'Paul Cicero'),
(18, 834, 'Morris Kessler'),
(18, 177, 'Frankie Carbone'),
(18, 835, 'Tuddy Cicero'),
(18, 836, 'Sonny Bunz'),
(18, 837, 'Frenchy'),
(18, 838, 'Billy Batts'),
(18, 839, 'Anthony Stabile'),
(18, 840, 'Mrs. DeVito - Tommy''s Mother'),
(18, 841, 'Karen''s Mother'),
(18, 842, 'Janice Rossi'),
(18, 843, 'Sandy'),
(18, 844, 'Spider'),
(18, 650, 'Stacks Edwards'),
(18, 845, 'Vinnie'),
(18, 846, 'Rosie'),
(18, 847, 'Parole Officer'),
(18, 848, 'Belle Kessler'),
(18, 849, 'Lois Byrd'),
(18, 850, 'Jerry Vale'),
(18, 851, 'Mickey Conway'),
(18, 852, 'Henry''s Mother'),
(18, 853, 'Henry''s Father'),
(18, 854, 'Michael Hill'),
(18, 855, 'Johnny Roastbeef'),
(18, 856, 'Dr. Dan'),
(18, 857, 'Tony'),
(18, 858, 'Johnny Dio'),
(18, 859, 'Ronnie'),
(18, 860, 'Tony Stacks'),
(18, 861, 'Young Tommy'),
(18, 862, 'Diane'),
(18, 863, 'Cicero''s Wife'),
(18, 864, 'Tuddy''s Wife'),
(18, 865, 'Angie'),
(18, 866, 'Susan'),
(18, 867, 'Tommy''s Girlfriend'),
(18, 868, 'Joe Buddha'),
(18, 869, 'Dealer'),
(18, 870, 'Liquor Cop #1'),
(18, 871, 'Liquor Cop #2'),
(18, 872, 'Mailman'),
(18, 873, 'Bleeding Man'),
(18, 874, 'Gambling Doorman'),
(18, 875, 'School Guard'),
(18, 876, 'Mob Lawyer'),
(18, 877, 'Fat Andy'),
(18, 170, 'Frankie The Wop'),
(18, 878, 'Man with Coatrack'),
(18, 879, 'Henry''s 60''s crew'),
(18, 880, 'Henry''s 60''s crew'),
(18, 881, 'Cicero''s 60''s crew'),
(18, 882, 'Henry Greeter #1'),
(18, 883, 'Henry Greeter #2'),
(18, 884, 'Batts'' Crew #1'),
(18, 885, 'Batts'' Crew #2'),
(18, 886, 'Prizefighter'),
(18, 887, 'Henry''s 70''s Crew'),
(18, 888, 'Henry''s 70''s Crew'),
(18, 889, 'Carbone''s Girlfriend'),
(18, 890, 'Henry''s Older Child - Judy'),
(18, 891, 'Florida Bookie'),
(18, 892, 'Prison Guard in Booth'),
(18, 893, 'Stacks'' Girlfriend'),
(18, 894, 'Joe Buddha''s Wife'),
(18, 895, 'Doctor'),
(18, 896, 'Arresting Narc'),
(18, 897, 'Waiter (uncredited)'),
(18, 898, 'Gangster''s Girlfriend (uncredited)'),
(18, 899, 'Truck Hijacker (uncredited)'),
(18, 900, 'Young Wiseguy (uncredited)'),
(18, 901, 'Cicero''s ''60s Crew (uncredited)'),
(18, 902, 'Jakie Rabinowitz (uncredited)'),
(18, 903, 'Fellas Chauffer (uncredited)'),
(18, 49, 'Marciano (uncredited)'),
(18, 904, 'Courtroom Defendant (uncredited)'),
(18, 905, '1956 Court Stenographer (uncredited)'),
(18, 906, 'Jimmy''s Son (uncredited)'),
(18, 180, 'Prison Inmate Sitting Behind Henry (uncredited)'),
(18, 907, 'Resturante Mob Onlooker (uncredited)'),
(19, 908, 'Luke Skywalker'),
(19, 909, 'Han Solo'),
(19, 910, 'Princess Leia'),
(19, 911, 'Darth Vader'),
(19, 912, 'Lando Calrissian'),
(19, 913, 'C-3PO'),
(19, 914, 'Chewbacca'),
(19, 915, 'Darth Vader (Voice)'),
(19, 916, 'R2-D2'),
(19, 246, 'Yoda (Voice)'),
(19, 917, 'Ben ''Obi-wan'' Kenobi'),
(19, 918, 'Boba Fett'),
(19, 919, 'Lando''s aide'),
(19, 920, 'Chief Ugnaught'),
(19, 921, 'Snow Creature'),
(19, 922, 'Emperor (voice)'),
(19, 923, 'Imperial Force General Veers'),
(19, 924, 'Imperial Force Admiral Piett'),
(19, 249, 'Rebel Force Major Derlin'),
(19, 925, 'Admiral Ozzel'),
(19, 926, 'Captain Needa'),
(19, 927, 'Captain Lennox, Imperial Officer'),
(19, 928, 'Bewil, an Imperial officer'),
(19, 929, 'Commander Nemet, an Imperial Officer'),
(19, 930, 'Cabbel, an Imperial Officer'),
(19, 931, 'Lieutenant Venka, an Imperial Officer'),
(19, 932, 'General Carlist Rieekan, an Rebel Force'),
(19, 933, 'Rebel pilot Zev Senesca (Rogue 2)'),
(19, 934, 'Rebel Force Wedge (Rogue 3)'),
(19, 935, 'Wes Janson, a Rebel Force (Wedge''s Gunner)'),
(19, 936, 'Dak Ralter, a Rebel Force'),
(19, 937, 'Derek Klivian, a Rebel Force Hobbie (Rogue 4)'),
(19, 938, 'Cal Alder, a Rebel Force Deck Lieutenant'),
(19, 939, 'Rebel Force Head Controller'),
(19, 940, 'Tamizander Rey, a Other Rebel Officer'),
(19, 941, 'Jeroen Webb, a Other Rebel Officer'),
(19, 942, 'Tigran Jamiro, Other Rebel Officer'),
(19, 943, 'Toryn Farr, Other Rebel Officer'),
(19, 944, 'Wyron Serper, Other Rebel Officer'),
(19, 945, 'Imperial Officer (uncredited)'),
(19, 946, 'Stormtrooper (uncredited)'),
(19, 947, 'Stormtrooper / Snowtrooper / Rebel Soldier / ... (uncredited)'),
(19, 948, 'Holographic Imperial Officer (uncredited)'),
(19, 949, 'Officer M''kae (Captain Needa''s Communications Officer) (uncredited)'),
(19, 950, 'Hoth Rebel Commander (uncredited)'),
(19, 951, 'Cloud City Guard (uncredited)'),
(19, 952, 'Snowtrooper Gunner (uncredited)'),
(19, 953, 'Snowtrooper (uncredited)'),
(19, 954, 'Snowtrooper (uncredited)'),
(19, 955, 'Snowtrooper (uncredited)'),
(19, 956, 'Bossk / Bespin Security Guard (uncredited)'),
(19, 957, 'Extra (uncredited)'),
(19, 958, 'Rebel Pilot (uncredited)'),
(19, 959, 'General McQuarrie (uncredited)'),
(19, 960, 'Stormtrooper / Imperial Comms Officer / Rebel Soldier (uncredited)'),
(19, 961, 'Wampa (uncredited)'),
(19, 962, '(voice, uncredited)'),
(19, 963, 'Echo Base Trooper (uncredited)'),
(19, 964, 'Boba Fett (voice) (uncredited)'),
(20, 965, 'Jordan Belfort'),
(20, 966, 'Donnie Azoff'),
(20, 967, 'Naomi Lapaglia'),
(20, 968, 'Agent Patrick Denham'),
(20, 969, 'Max Belfort'),
(20, 93, 'Mark Hanna'),
(20, 970, 'Brad'),
(20, 971, 'Chester Ming'),
(20, 972, 'Nicky Koskoff (''Rugrat'')'),
(20, 973, 'Robbie Feinberg (''Pinhead'')'),
(20, 974, 'Alden Kupferberg (''Sea Otter'')'),
(20, 975, 'Manny Riskin'),
(20, 976, 'Teresa Petrillo'),
(20, 977, 'Aunt Emma'),
(20, 978, 'Steve Madden'),
(20, 979, 'Toby Welch'),
(20, 980, 'Jean-Jacques Handali'),
(20, 981, 'Leah Belfort'),
(20, 982, 'Captain Ted Beecham'),
(20, 983, 'Chantalle'),
(20, 972, 'Rugrat'),
(20, 896, 'Bo Dietl'),
(20, 984, 'Nicholas the Butler'),
(20, 985, 'Janet'),
(20, 986, 'Kalil'),
(20, 987, 'Kimmie Belzer'),
(20, 988, 'Lucas Solomon'),
(20, 989, 'Rochelle Applebaum'),
(20, 990, 'Jerry Fogel'),
(20, 991, 'Agent Hughes'),
(20, 992, 'Aliyah Farran'),
(20, 993, 'Rothschild Broker #1'),
(20, 994, 'Dwayne'),
(20, 995, 'Hildy Azoff'),
(20, 996, 'Stratton Broker in a Bowtie'),
(20, 997, 'Stratton Oakmont Commercial (voice)'),
(20, 998, 'Auckland Straight Line Host'),
(20, 999, 'Honorary Samantha Stogel'),
(20, 1000, 'Nolan Drager (Jordan''s Lawyer)'),
(20, 849, 'Waitress'),
(20, 1001, 'Zip (Lude Buying Teenager #1)'),
(20, 1002, 'Pam'),
(20, 1003, 'Heidi'),
(20, 1004, 'Blair Hollingsworth'),
(20, 1005, 'SEC Attorney #1'),
(20, 1006, 'SEC Attorney #2'),
(20, 1007, 'SEC Attorney #3'),
(20, 1008, 'Barry Kleinman'),
(20, 1009, 'Straight Line Testimonial #1'),
(20, 1010, 'Rothschild Broker #2'),
(20, 1011, 'Rothschild Broker #3'),
(20, 1012, 'Rothschild Broker #4'),
(20, 1013, 'Rothschild Broker #8'),
(20, 1014, 'Investor''s Center Broker #1'),
(20, 1015, 'Investor''s Center Broker #2'),
(20, 1016, 'Stratton Broker #1'),
(20, 1017, 'Stratton Broker #2'),
(20, 1018, 'Stratton Broker #3'),
(20, 1019, 'Stratton Broker #4'),
(20, 1020, 'Stratton Broker #5'),
(20, 1021, 'Stratton Broker #6'),
(20, 1022, 'Young Broker'),
(20, 1023, 'Another Broker'),
(20, 1024, 'Party Broker #1'),
(20, 1025, 'Donnie''s Assistant'),
(20, 1026, 'Maitre d'' Hector'),
(20, 1027, 'Broker in Men''s Room'),
(20, 1028, 'Honorary Raymond Samitz'),
(20, 1029, 'Swiss Customs Officer #1'),
(20, 1030, 'Swiss Customs Officer #2'),
(20, 1031, 'Cop #1'),
(20, 1032, 'Cop #2'),
(20, 1033, 'Police Officer #2'),
(20, 1034, 'Brookville Police Officer #2'),
(20, 1035, 'Wedding Singer #1'),
(20, 1036, 'Cristy'),
(20, 1037, 'Hostess on The Naomi'),
(20, 1038, 'Skylar Belfort (4 Years Old)'),
(20, 1039, 'Lude Buying Teenager #2'),
(20, 1040, 'Job Applicant #1'),
(20, 1041, 'Abby'),
(20, 1042, 'FBI Agent #1'),
(20, 1043, 'FBI Agent #2'),
(20, 1044, 'Prison Guard'),
(20, 1045, 'Inmate Playing Tennis #2'),
(20, 1046, 'Rao''s Patron #1'),
(20, 888, 'Rao''s Patron #2'),
(20, 1047, 'Rao''s Patron #3'),
(20, 1048, 'Audience Member #1'),
(20, 1049, 'Audience Member #3'),
(20, 1050, 'Audience Member #4'),
(20, 1051, 'Audience Member #5'),
(20, 1052, 'Rocco #1'),
(20, 1053, 'Wedding Guest (uncredited)'),
(20, 1054, 'Wedding Guest (uncredited)'),
(20, 1055, 'Wedding Guest (uncredited)'),
(20, 1056, 'Kacandes Diner Man (uncredited)'),
(20, 1057, 'Italian Coastguard (uncredited)'),
(20, 1058, 'Broker (uncredited)'),
(20, 1059, 'Broker (uncredited)'),
(20, 1060, 'Stratton Broker (uncredited)'),
(20, 1061, 'Stratton Broker (uncredited)'),
(20, 1062, 'Stratton Broker (uncredited)'),
(20, 1063, 'Stratton Broker (uncredited)'),
(20, 1064, 'Stratton Broker (uncredited)'),
(20, 1065, 'Stratton Broker (uncredited)'),
(20, 1066, 'Upper Eastside Pedestrian (uncredited)'),
(20, 1067, 'Wolfpack #4 (uncredited)'),
(20, 1068, 'Wolfpack #1 (uncredited)'),
(20, 1069, 'Young Stratton Inc. Broker (uncredited)'),
(20, 1070, 'Broker Applicant (uncredited)'),
(20, 1071, 'Audience Member (uncredited)'),
(20, 1072, 'Court Officer / Broker (uncredited)'),
(20, 1073, 'Pool Party Guest (uncredited)'),
(20, 1074, 'Nicky Koskoff''s Escort (uncredited)'),
(20, 1075, 'Tai Chi Inmate (uncredited)'),
(20, 1076, 'Swiss Airline Passenger (uncredited)'),
(20, 1077, 'Rao''s Pedestrian (uncredited)'),
(20, 1078, 'Kimmie Belzer''s Desk Mate (uncredited)'),
(20, 1079, 'Singer'),
(20, 1080, 'Brantley (uncredited)'),
(20, 1081, 'Marina Sightseer (uncredited)'),
(20, 1082, 'Irritated Plane Passinger (uncredited)'),
(20, 1083, 'Party Goer (uncredited)'),
(20, 1084, 'Miami Busboy (uncredited)'),
(20, 1085, 'Masseuse to Donnie Azoff (uncredited)'),
(20, 49, 'Court Room Attendant (uncredited)'),
(20, 1086, 'Stratton Applicant (uncredited)'),
(20, 1087, 'Seminar Guest (uncredited)'),
(20, 1088, 'Strattonite (uncredited)'),
(20, 1089, 'Stripper (uncredited)'),
(20, 1090, 'Convention Attendee (uncredited)'),
(20, 1091, 'Courtroom Observer (uncredited)'),
(20, 1092, 'Kent - Broker (uncredited)'),
(20, 1093, 'Stock Broker (uncredited)'),
(20, 1094, '1st Class Swiss Airline Passenger (uncredited)'),
(20, 1095, 'Call Girl (uncredited)'),
(20, 1096, 'Banker (uncredited)'),
(20, 1097, 'Rudy (uncredited)'),
(20, 1098, 'Conference Attendee (uncredited)');

INSERT INTO Topic(Topic_ID, Name) VALUES
(1, 'Action'),
(2, 'Adventure'),
(3, 'Animation'),
(4, 'Comedy'),
(5, 'Crime'),
(6, 'Documentary'),
(7, 'Drama'),
(8, 'Family'),
(9, 'Fantasy'),
(10, 'Foreign'),
(11, 'History'),
(12, 'Horror'),
(13, 'Music'),
(14, 'Mystery'),
(15, 'Romance'),
(16, 'Science Fiction'),
(17, 'TV Movie'),
(18, 'Thriller'),
(19, 'War'),
(20, 'Western');

INSERT INTO MovieTopic(Movie_ID, Topic_ID) VALUES
(1, 7),
(1, 13),
(2, 7),
(2, 5),
(3, 2),
(3, 7),
(3, 16),
(4, 7),
(4, 5),
(5, 7),
(5, 4),
(6, 9),
(6, 2),
(6, 3),
(6, 8),
(7, 4),
(7, 7),
(8, 4),
(8, 3),
(8, 8),
(9, 7),
(9, 5),
(10, 16),
(10, 9),
(10, 2),
(11, 7),
(11, 1),
(11, 5),
(11, 18),
(12, 7),
(13, 7),
(13, 11),
(13, 19),
(14, 11),
(14, 7),
(14, 18),
(14, 19),
(15, 18),
(15, 5),
(16, 4),
(16, 7),
(16, 15),
(17, 14),
(17, 18),
(17, 7),
(18, 7),
(18, 5),
(19, 2),
(19, 1),
(19, 16),
(20, 5),
(20, 7),
(20, 4);

INSERT INTO Studio(Studio_ID, Name) VALUES
(1, 'Bold Films'),
(2, 'Blumhouse Productions'),
(3, 'Right of Way Films'),
(4, 'Castle Rock Entertainment'),
(5, 'Paramount Pictures'),
(6, 'Legendary Pictures'),
(7, 'Warner Bros.'),
(8, 'Syncopy'),
(9, 'Lynda Obst Productions'),
(10, 'Alfran Productions'),
(11, 'Gaumont'),
(12, 'Canal Plus'),
(13, 'TF1 Films Production'),
(14, 'CinéCinéma'),
(15, 'Quad Productions'),
(16, 'Chaocorp'),
(17, 'Ten Films'),
(18, 'TF1'),
(19, 'Studio Ghibli'),
(20, 'Melampo Cinematografica'),
(21, 'Cecchi Gori Group Tiger Cinematografica'),
(22, 'Walt Disney Pictures'),
(23, 'Pixar Animation Studios'),
(24, 'The Coppola Company'),
(25, 'Marvel Studios'),
(26, 'Marvel Enterprises'),
(27, 'Moving Picture Company (MPC)'),
(28, 'DC Comics'),
(29, 'Regency Enterprises'),
(30, 'Fox 2000 Pictures'),
(31, 'Taurus Film'),
(32, 'Linson Films'),
(33, 'Atman Entertainment'),
(34, 'Knickerbocker Films'),
(35, 'Universal Pictures'),
(36, 'Amblin Entertainment'),
(37, 'Black Bear Pictures'),
(38, 'Bristol Automotive'),
(39, 'Miramax Films'),
(40, 'A Band Apart'),
(41, 'Jersey Films'),
(42, 'Twentieth Century Fox Film Corporation'),
(43, 'New Regency Pictures'),
(44, 'Pacific Standard'),
(45, 'TSG Entertainment'),
(46, 'Artemple - Hollywood'),
(47, 'Lucasfilm'),
(48, 'Appian Way'),
(49, 'EMJAG Productions'),
(50, 'Red Granite Pictures'),
(51, 'Sikelia Productions');

INSERT INTO MovieStudio(Movie_ID, Studio_ID) VALUES
(1, 1),
(1, 2),
(1, 3),
(2, 4),
(3, 5),
(3, 6),
(3, 7),
(3, 8),
(3, 9),
(4, 5),
(4, 10),
(5, 11),
(5, 12),
(5, 13),
(5, 14),
(5, 15),
(5, 16),
(5, 17),
(5, 18),
(6, 19),
(7, 20),
(7, 21),
(8, 22),
(8, 23),
(9, 5),
(9, 24),
(10, 25),
(10, 26),
(10, 27),
(11, 28),
(11, 6),
(11, 7),
(11, 8),
(12, 29),
(12, 30),
(12, 31),
(12, 32),
(12, 33),
(12, 34),
(13, 35),
(13, 36),
(14, 37),
(14, 38),
(15, 39),
(15, 40),
(15, 41),
(16, 5),
(17, 42),
(17, 29),
(17, 43),
(17, 44),
(17, 45),
(17, 46),
(18, 7),
(19, 47),
(19, 42),
(20, 5),
(20, 48),
(20, 49),
(20, 50),
(20, 51);

