INSERT INTO Movie(Movie_ID, Title, Poster, Description, Release_Date, IMDB_ID) VALUES
(1, 'Whiplash', 'lIv1QinFqz4dlp5U4lQ6HaiskOZ.jpg', 'Under the direction of a ruthless instructor, a talented young drummer begins to pursue perfection at any cost, even his humanity.', to_date('2014-10-10', 'YYYY-MM-DD'), 'tt2582802'),
(2, 'The Shawshank Redemption', '9O7gLzmreU0nGkIB6K3BsJbzvNv.jpg', 'Framed in the 1940s for the double murder of his wife and her lover, upstanding banker Andy Dufresne begins a new life at the Shawshank prison, where he puts his accounting skills to work for an amoral warden. During his long stretch in prison, Dufresne comes to be admired by the other inmates -- including an older prisoner named Red -- for his integrity and unquenchable sense of hope.', to_date('1994-09-10', 'YYYY-MM-DD'), 'tt0111161'),
(3, 'Interstellar', 'nBNZadXqJSdt05SHLqgT0HuC5Gm.jpg', 'Interstellar chronicles the adventures of a group of explorers who make use of a newly discovered wormhole to surpass the limitations on human space travel and conquer the vast distances involved in an interstellar voyage.', to_date('2014-11-05', 'YYYY-MM-DD'), 'tt0816692'),
(4, 'The Godfather', 'd4KNaTrltq6bpkFS01pYtyXa09m.jpg', 'The story spans the years from 1945 to 1955 and chronicles the fictional Italian-American Corleone crime family. When organized crime family patriarch Vito Corleone barely survives an attempt on his life, his youngest son, Michael, steps in to take care of the would-be killers, launching a campaign of bloody revenge.', to_date('1972-03-15', 'YYYY-MM-DD'), 'tt0068646'),
(5, 'Intouchables', '4mFsNQwbD0F237Tx7gAPotd0nbJ.jpg', 'A true story of two men who should never have met - a quadriplegic aristocrat who was injured in a paragliding accident and a young man from the projects.', to_date('2011-11-02', 'YYYY-MM-DD'), 'tt1675434'),
(6, '千と千尋の神隠し', 'dL11DBPcRhWWnJcFXl9A07MrqTI.jpg', 'Spirited Away is an Oscar winning Japanese animated film about a ten year old girl who wanders away from her parents along a path that leads to a world ruled by strange and unusual monster-like animals. Her parents have been changed into pigs along with others inside a bathhouse full of these creatures. Will she ever see the world how it once was?', to_date('2001-07-20', 'YYYY-MM-DD'), 'tt0245429'),
(7, 'La vita è bella', 'f7DImXDebOs148U4uPjI61iDvaK.jpg', 'A touching story of an Italian book seller of Jewish ancestry who lives in his own little fairy tale. His creative and happy life would come to an abrupt halt when his entire family is deported to a concentration camp during World War II. While locked up he tries to convince his son that the whole thing is just a game.', to_date('1997-12-20', 'YYYY-MM-DD'), 'tt0118799'),
(8, 'Inside Out', 'aAmfIX3TT40zUHGcCKrlOZRKC7u.jpg', 'Growing up can be a bumpy road, and it''s no exception for Riley, who is uprooted from her Midwest life when her father starts a new job in San Francisco. Like all of us, Riley is guided by her emotions - Joy, Fear, Anger, Disgust and Sadness. The emotions live in Headquarters, the control center inside Riley''s mind, where they help advise her through everyday life. As Riley and her emotions struggle to adjust to a new life in San Francisco, turmoil ensues in Headquarters. Although Joy, Riley''s main and most important emotion, tries to keep things positive, the emotions conflict on how best to navigate a new city, house and school.', to_date('2015-06-09', 'YYYY-MM-DD'), 'tt2096673'),
(9, 'The Godfather: Part II', 'tHbMIIF51rguMNSastqoQwR0sBs.jpg', 'The continuing saga of the Corleone crime family tells the story of a young Vito Corleone growing up in Sicily and in 1910s New York; and follows Michael Corleone in the 1950s as he attempts to expand the family business into Las Vegas, Hollywood and Cuba', to_date('1974-12-20', 'YYYY-MM-DD'), 'tt0071562'),
(10, 'Guardians of the Galaxy', 'y31QB9kn3XSudA15tV7UWQ9XLuW.jpg', 'Light years from Earth, 26 years after being abducted, Peter Quill finds himself the prime target of a manhunt after discovering an orb wanted by Ronan the Accuser.', to_date('2014-07-30', 'YYYY-MM-DD'), 'tt2015381'),
(11, 'Fight Club', '811DjJTon9gD6hZ8nCjSitaIXFQ.jpg', 'A ticking-time-bomb insomniac and a slippery soap salesman channel primal male aggression into a shocking new form of therapy. Their concept catches on, with underground "fight clubs" forming in every town, until an eccentric gets in the way and ignites an out-of-control spiral toward oblivion.', to_date('1999-10-14', 'YYYY-MM-DD'), 'tt0137523'),
(12, 'The Dark Knight', '1hRoyzDtpgMU7Dz4JF22RANzQO7.jpg', 'Batman raises the stakes in his war on crime. With the help of Lt. Jim Gordon and District Attorney Harvey Dent, Batman sets out to dismantle the remaining criminal organizations that plague the streets. The partnership proves to be effective, but they soon find themselves prey to a reign of chaos unleashed by a rising criminal mastermind known to the terrified citizens of Gotham as the Joker.', to_date('2008-07-16', 'YYYY-MM-DD'), 'tt0468569'),
(13, 'Schindler''s List', 'yPisjyLweCl1tbgwgtzBCNCBle.jpg', 'Told from the perspective of businessman Oskar Schindler who saved over a thousand Jewish lives from the Nazis while they worked as slaves in his factory. Schindler’s List is based on a true story, illustrated in black and white and controversially filmed in many original locations.', to_date('1993-11-29', 'YYYY-MM-DD'), 'tt0108052'),
(14, 'The Imitation Game', 'noUp0XOqIcmgefRnRZa1nhtRvWO.jpg', 'Based on the real life story of legendary cryptanalyst Alan Turing, the film portrays the nail-biting race against time by Turing and his brilliant team of code-breakers at Britain''s top-secret Government Code and Cypher School at Bletchley Park, during the darkest days of World War II.', to_date('2014-11-14', 'YYYY-MM-DD'), 'tt2084970'),
(15, 'Pulp Fiction', 'dM2w364MScsjFf8pfMbaWUcWrR.jpg', 'A burger-loving hit man, his philosophical partner, a drug-addled gangster''s moll and a washed-up boxer converge in this sprawling, comedic crime caper. Their adventures unfurl in three stories that ingeniously trip back and forth in time.', to_date('1994-10-14', 'YYYY-MM-DD'), 'tt0110912'),
(16, 'Forrest Gump', 'z4ROnCrL77ZMzT0MsNXY5j25wS2.jpg', 'A man with a low IQ has accomplished great things in his life and been present during significant historic events - in each case, far exceeding what anyone imagined he could do. Yet, despite all the things he has attained, his one true love eludes him. ''Forrest Gump'' is the story of a man who rose above his challenges, and who proved that determination, courage, and love are more important than ability.', to_date('1994-06-22', 'YYYY-MM-DD'), 'tt0109830'),
(17, 'Gone Girl', 'gdiLTof3rbPDAmPaCf4g6op46bj.jpg', 'With his wife''s disappearance having become the focus of an intense media circus, a man sees the spotlight turned on him when it''s suspected that he may not be innocent.', to_date('2014-10-01', 'YYYY-MM-DD'), 'tt2267998'),
(18, 'Goodfellas', 'ckDwlkT8V71rQxqmxFgzS91rjlR.jpg', 'Henry Hill is a small time gangster, who takes part in a robbery with Jimmy Conway and Tommy De Vito, two other gangsters who have set their sights a bit higher. His two partners kill off everyone else involved in the robbery, and slowly start to climb up through the hierarchy of the Mob. Henry, however, is badly affected by his partners success, but will he stoop low enough to bring about the downfall of Jimmy and Tommy?', to_date('1990-09-12', 'YYYY-MM-DD'), 'tt0099685'),
(19, 'Star Wars: Episode V - The Empire Strikes Back', '6u1fYtxG5eqjhtCPDx04pJphQRW.jpg', 'The epic saga continues as Luke Skywalker, in hopes of defeating the evil Galactic Empire, learns the ways of the Jedi from aging master Yoda. But Darth Vader is more determined than ever to capture Luke. Meanwhile, rebel leader Princess Leia, cocky Han Solo, Chewbacca, and droids C-3PO and R2-D2 are thrown into various stages of capture, betrayal and despair.', to_date('1980-01-01', 'YYYY-MM-DD'), 'tt0080684'),
(20, 'The Grand Budapest Hotel', 'nX5XotM9yprCKarRH4fzOq1VM1J.jpg', 'The Grand Budapest Hotel tells of a legendary concierge at a famous European hotel between the wars and his friendship with a young employee who becomes his trusted protégé. The story involves the theft and recovery of a priceless Renaissance painting, the battle for an enormous family fortune and the slow and then sudden upheavals that transformed Europe during the first half of the 20th century.', to_date('2014-02-26', 'YYYY-MM-DD'), 'tt2278388'),
(21, 'The Wolf of Wall Street', 'vK1o5rZGqxyovfIhZyMELhk03wO.jpg', 'A New York stockbroker refuses to cooperate in a large securities fraud case involving corruption on Wall Street, corporate banking world and mob infiltration. Based on Jordan Belfort''s autobiography.', to_date('2013-12-25', 'YYYY-MM-DD'), 'tt0993846'),
(22, 'The Green Mile', '3yJUlOtVa09CYJocwBU8eAryja0.jpg', 'A supernatural tale set on death row in a Southern prison, where gentle giant John Coffey possesses the mysterious power to heal people''s ailments. When the cellblock''s head guard, Paul Edgecomb, recognizes Coffey''s miraculous gift, he tries desperately to help stave off the condemned man''s execution.', to_date('1999-12-10', 'YYYY-MM-DD'), 'tt0120689'),
(23, 'One Flew Over the Cuckoo''s Nest', '2Sns5oMb356JNdBHgBETjIpRYy9.jpg', 'While serving time for insanity at a state mental hospital, implacable rabble-rouser Randle Patrick McMurphy inspires his fellow patients to rebel against the authoritarian rule of head nurse Mildred Ratched.', to_date('1975-11-18', 'YYYY-MM-DD'), 'tt0073486'),
(24, 'Léon', 'gE8S02QUOhVnAmYu4tcrBlMTujz.jpg', 'Leon, the top hit man in New York, has earned a rep as an effective "cleaner". But when his next-door neighbors are wiped out by a loose-cannon DEA agent, he becomes the unwilling custodian of 12-year-old Mathilda. Before long, Mathilda''s thoughts turn to revenge, and she considers following in Leon''s footsteps.', to_date('1994-09-14', 'YYYY-MM-DD'), 'tt0110413'),
(25, 'American History X', 'fXepRAYOx1qC3wju7XdDGx60775.jpg', 'Derek Vineyard is paroled after serving 3 years in prison for killing two thugs who tried to break into/steal his truck. Through his brother, Danny Vineyard''s narration, we learn that before going to prison, Derek was a skinhead and the leader of a violent white supremacist gang that committed acts of racial crime throughout L.A. and his actions greatly influenced Danny. Reformed and fresh out of prison, Derek severs contact with the gang and becomes determined to keep Danny from going down the same violent path as he did.', to_date('1998-10-30', 'YYYY-MM-DD'), 'tt0120586'),
(26, 'The Usual Suspects', 'jgJoRWltoS17nD5MAQ1yK2Ztefw.jpg', 'A sole survivor tells of the twisty events leading up to a horrific gun battle on a boat, which begin when five criminals meet at a seemingly random police lineup.', to_date('1995-07-19', 'YYYY-MM-DD'), 'tt0114814'),
(27, 'Her', 'fsoTLnUXEUTNuVCBxAJMY0HPPd.jpg', 'In the not so distant future, Theodore, a lonely writer purchases a newly developed operating system designed to meet the user''s every needs. To Theordore''s surprise, a romantic relationship develops between him and his operating system. This unconventional love story blends science fiction and romance in a sweet tale that explores the nature of love and the ways that technology isolates and connects us all.', to_date('2013-12-18', 'YYYY-MM-DD'), 'tt1798709'),
(28, 'The Fault in Our Stars', 'sc6XLX6J714LDkVV3Ys3clgypQS.jpg', 'Despite the tumor-shrinking medical miracle that has bought her a few years, Hazel has never been anything but terminal, her final chapter inscribed upon diagnosis. But when a patient named Augustus Waters suddenly appears at Cancer Kid Support Group, Hazel''s story is about to be completely rewritten.', to_date('2014-05-16', 'YYYY-MM-DD'), 'tt2582846'),
(29, 'Inception', 'qmDpIHrmpJINaRKAfWQfftjCdyi.jpg', 'Cobb, a skilled thief who commits corporate espionage by infiltrating the subconscious of his targets is offered a chance to regain his old life as payment for a task considered to be impossible: "inception", the implantation of another person''s idea into a target''s subconscious.', to_date('2010-07-14', 'YYYY-MM-DD'), 'tt1375666'),
(30, 'The Theory of Everything', '4jspr8hLLuju59bCnMiefzRW4p0.jpg', 'A look at the relationship between the famous physicist Stephen Hawking and his wife.', to_date('2014-11-26', 'YYYY-MM-DD'), 'tt2980516'),
(31, '12 Years a Slave', 'kb3X943WMIJYVg4SOAyK0pmWL5D.jpg', 'In the pre-Civil War United States, Solomon Northup, a free black man from upstate New York, is abducted and sold into slavery. Facing cruelty as well as unexpected kindnesses Solomon struggles not only to stay alive, but to retain his dignity. In the twelfth year of his unforgettable odyssey, Solomon’s chance meeting with a Canadian abolitionist will forever alter his life.', to_date('2013-10-18', 'YYYY-MM-DD'), 'tt2024544'),
(32, 'Big Hero 6', 'hGRfWcy1HRGbsjK6jF7NILmqmFT.jpg', 'The special bond that develops between plus-sized inflatable robot Baymax, and prodigy Hiro Hamada, who team up with a group of friends to form a band of high-tech heroes.', to_date('2014-10-22', 'YYYY-MM-DD'), 'tt2245084'),
(33, 'Se7en', 'zgB9CCTDlXRv50Z70ZI4elJtNEk.jpg', 'Two homicide detectives are on a desperate hunt for a serial killer whose crimes are based on the "seven deadly sins" in this dark and haunting film that takes viewers from the tortured remains of one victim to the next. The seasoned Det. Sommerset researches each sin in an effort to get inside the killer''s mind, while his novice partner, Mills, scoffs at his efforts to unravel the case.', to_date('1995-09-22', 'YYYY-MM-DD'), 'tt0114369'),
(34, 'Reservoir Dogs', '4ctv9pxKpwjTFevWQbvaqXkXbPF.jpg', 'A botched robbery indicates a police informant, and the pressure mounts in the aftermath at a warehouse. Crime begets violence as the survivors -- veteran Mr. White, newcomer Mr. Orange, psychopathic parolee Mr. Blonde, bickering weasel Mr. Pink and Nice Guy Eddie -- unravel.', to_date('1992-06-25', 'YYYY-MM-DD'), 'tt0105236'),
(35, 'Dallas Buyers Club', 'aoxYci1HnJdb4bno2jYSnzSGDkL.jpg', 'Loosely based on the true-life tale of Ron Woodroof, a drug-taking, women-loving, homophobic man who in 1986 was diagnosed with HIV/AIDS and given thirty days to live.', to_date('2013-09-07', 'YYYY-MM-DD'), 'tt0790636'),
(36, 'The Lord of the Rings: The Return of the King', '50LoR9gJhbWZ5PpoHgi8MNTYgzd.jpg', 'Aragorn is revealed as the heir to the ancient kings as he, Gandalf and the other members of the broken fellowship struggle to save Gondor from Sauron''s forces. Meanwhile, Frodo and Sam bring the ring closer to the heart of Mordor, the dark lord''s realm.', to_date('2003-12-01', 'YYYY-MM-DD'), 'tt0167260'),
(37, 'The Shining', '9fgh3Ns1iRzlQNYuJyK0ARQZU7w.jpg', 'Jack Torrance accepts a caretaker job at the Overlook Hotel, where he, along with his wife Wendy and their son Danny, must live isolated from the rest of the world for the winter. But they aren''t prepared for the madness that lurks within.', to_date('1980-05-22', 'YYYY-MM-DD'), 'tt0081505'),
(38, 'Memento', 'fQMSaP88cf1nz4qwuNEEFtazuDM.jpg', 'Suffering short-term memory loss after a head injury, Leonard Shelby embarks on a grim quest to find the lowlife who murdered his wife in this gritty, complex thriller that packs more knots than a hangman''s noose. To carry out his plan, Shelby snaps Polaroids of people and places, jotting down contextual notes on the backs of photos to aid in his search and jog his memory. He even tattoos his own body in a desperate bid to remember.', to_date('2000-10-11', 'YYYY-MM-DD'), 'tt0209144'),
(39, 'How to Train Your Dragon 2', 'lRjOR4uclMQijUav4OjeZprlehu.jpg', 'The thrilling second chapter of the epic How To Train Your Dragon trilogy brings back the fantastical world of Hiccup and Toothless five years later. While Astrid, Snotlout and the rest of the gang are challenging each other to dragon races (the island''s new favorite contact sport), the now inseparable pair journey through the skies, charting unmapped territories and exploring new worlds. When one of their adventures leads to the discovery of a secret ice cave that is home to hundreds of new wild dragons and the mysterious Dragon Rider, the two friends find themselves at the center of a battle to protect the peace.', to_date('2014-06-12', 'YYYY-MM-DD'), 'tt1646971'),
(40, 'Star Wars', 'tvSlBzAdRE29bZe5yYWrJ2ds137.jpg', 'Princess Leia is captured and held hostage by the evil Imperial forces in their effort to take over the galactic Empire. Venturesome Luke Skywalker and dashing captain Han Solo team together with the loveable robot duo R2-D2 and C-3PO to rescue the beautiful princess and restore peace and justice in the Empire.', to_date('1977-03-20', 'YYYY-MM-DD'), 'tt0076759'),
(41, 'Prisoners', 'yAhqW57pwMAsCgmZpM5zSIVQVTh.jpg', 'When Keller Dover''s daughter and her friend go missing, he takes matters into his own hands as the police pursue multiple leads and the pressure mounts. But just how far will this desperate father go to protect his family?', to_date('2013-09-18', 'YYYY-MM-DD'), 'tt1392214'),
(42, 'Il buono, il brutto, il cattivo', 'v6TUio0GgIsK9pbW7FfFArbyECb.jpg', 'While the Civil War rages between the Union and the Confederacy, three men – a quiet loner, a ruthless hit man and a Mexican bandit – comb the American Southwest in search of a strongbox containing $200,000 in stolen gold.', to_date('1966-12-23', 'YYYY-MM-DD'), 'tt0060196'),
(43, 'Rush', 'cjEepHZOZAwmK6nAj5jis6HV75E.jpg', 'A biographical drama centered on the rivalry between Formula 1 drivers James Hunt and Niki Lauda during the 1976 Formula One motor-racing season.', to_date('2013-09-02', 'YYYY-MM-DD'), 'tt1979320'),
(44, 'Scarface', 'zr2p353wrd6j3wjLgDT4TcaestB.jpg', 'After getting a green card in exchange for assassinating a Cuban government official, Tony Montana stakes a claim on the drug trade in Miami. Viciously murdering anyone who stands in his way, Tony eventually becomes the biggest drug lord in the state, controlling nearly all the cocaine that comes through Miami. But increased pressure from the police, wars with Colombian drug cartels and his own drug-fueled paranoia serve to fuel the flames of his eventual downfall.', to_date('1983-12-08', 'YYYY-MM-DD'), 'tt0086250'),
(45, 'The Silence of the Lambs', 'qjAyTj2BSth1EQ89vNfo0JYVPFN.jpg', 'FBI trainee Clarice Starling ventures into a maximum-security asylum to pick the diseased brain of Hannibal Lecter, a psychiatrist turned homicidal cannibal. Starling needs clues to help her capture a serial killer. Unfortunately, her Faustian relationship with Lecter soon leads to his escape, and now two deranged killers are on the loose.', to_date('1991-02-14', 'YYYY-MM-DD'), 'tt0102926'),
(46, 'The Lord of the Rings: The Fellowship of the Ring', 'bxVxZb5O9OxCO0oRUNdCnpy9NST.jpg', 'Young hobbit Frodo Baggins, after inheriting a mysterious ring from his uncle Bilbo, must leave his home in order to keep it from falling into the hands of its evil creator. Along the way, a fellowship is formed to protect the ringbearer and make sure that the ring arrives at its final destination: Mt. Doom, the only place where it can be destroyed.', to_date('2001-12-18', 'YYYY-MM-DD'), 'tt0120737'),
(47, 'Into the Wild', 'lHyYgaocXR6KcJLxVmxZDj115hH.jpg', 'Based on a true story. After graduating from Emory University in 1992, top student and athlete Christopher McCandless abandoned his possessions, gave his entire $24,000 savings account to charity and hitchhiked to Alaska to live in the wilderness. Along the way, Christopher encounters a series of characters who shape his life.', to_date('2007-09-20', 'YYYY-MM-DD'), 'tt0758758'),
(48, 'Edge of Tomorrow', 'tpoVEYvm6qcXueZrQYJNRLXL88s.jpg', 'Major Bill Cage is an officer who has never seen a day of combat when he is unceremoniously demoted and dropped into combat. Cage is killed within minutes, managing to take an alpha alien down with him. He awakens back at the beginning of the same day and is forced to fight and die again... and again - as physical contact with the alien has thrown him into a time loop.', to_date('2014-05-27', 'YYYY-MM-DD'), 'tt1631867'),
(49, 'The Lord of the Rings: The Two Towers', '5o5fv1dHG7vWoH2hmqwihVPBoBm.jpg', 'Frodo and Sam are trekking to Mordor to destroy the One Ring of Power while Gimli, Legolas and Aragorn search for the orc-captured Merry and Pippin. All along, nefarious wizard Saruman awaits the Fellowship members at the Orthanc Tower in Isengard.', to_date('2002-12-18', 'YYYY-MM-DD'), 'tt0167261'),
(50, 'Le fabuleux destin d''Amélie Poulain', 'f0uorE7K7ggHfr8r7pUTOHWkOlE.jpg', 'At a tiny Parisian café, the adorable yet painfully shy Amélie (Audrey Tautou) accidentally discovers a gift for helping others. Soon Amelie is spending her days as a matchmaker, guardian angel, and all-around do-gooder. But when she bumps into a handsome stranger, will she find the courage to become the star of her very own love story?', to_date('2001-11-16', 'YYYY-MM-DD'), 'tt0211915'),
(51, 'The Prestige', '5MXyQfz8xUP3dIFPTubhTsbFY6N.jpg', 'A mysterious story of two magicians whose intense rivalry leads them on a life-long battle for supremacy -- full of obsession, deceit and jealousy with dangerous and deadly consequences.', to_date('2006-10-19', 'YYYY-MM-DD'), 'tt0482571'),
(52, 'The Matrix', 'lZpWprJqbIFpEV5uoHfoK0KCnTW.jpg', 'Thomas A. Anderson is a man living two lives. By day he is an average computer programmer and by night a malevolent hacker known as Neo, who finds himself targeted by the police when he is contacted by Morpheus, a legendary computer hacker, who reveals the shocking truth about our reality.', to_date('1999-03-30', 'YYYY-MM-DD'), 'tt0133093'),
(53, 'Back to the Future', 'pTpxQB1N0waaSc3OSn0e9oc8kx9.jpg', 'Eighties teenager Marty McFly is accidentally sent back in time to 1955, inadvertently disrupting his parents'' first meeting and attracting his mother''s romantic interest. Marty must repair the damage to history by rekindling his parents'' romance and - with the help of his eccentric inventor friend Doc Brown - return to 1985.', to_date('1985-07-03', 'YYYY-MM-DD'), 'tt0088763'),
(54, 'Eternal Sunshine of the Spotless Mind', '7y3eYvTsGjxPYDtSnumCLIMDkrV.jpg', 'A man, Joel Barish, heartbroken that his girlfriend Clementine underwent a procedure to erase him from her memory, decides to do the same. However, as he watches his memories of her fade away, he realizes that he still loves her, and may be too late to correct his mistake.', to_date('2004-03-19', 'YYYY-MM-DD'), 'tt0338013'),
(55, 'Return of the Jedi', 'jx5p0aHlbPXqe3AH9G15NvmWaqQ.jpg', 'As Rebel leaders map their strategy for an all-out attack on the Emperor''s newer, bigger Death Star. Han Solo remains frozen in the cavernous desert fortress of Jabba the Hutt, the most loathsome outlaw in the universe, who is also keeping Princess Leia as a slave girl. Now a master of the Force, Luke Skywalker rescues his friends, but he cannot become a true Jedi Knight until he wages his own crucial battle against Darth Vader, who has sworn to win Luke over to the dark side of the Force.', to_date('1983-05-23', 'YYYY-MM-DD'), 'tt0086190'),
(56, 'Inglourious Basterds', '6zYuTKyvcwmtNvXXvJZNT0IgBL0.jpg', 'In Nazi-occupied France during World War II, a group of Jewish-American soldiers known as "The Basterds" are chosen specifically to spread fear throughout the Third Reich by scalping and brutally killing Nazis. The Basterds, lead by Lt. Aldo Raine soon cross paths with a French-Jewish teenage girl who runs a movie theater in Paris which is targeted by the soldiers.', to_date('2009-08-18', 'YYYY-MM-DD'), 'tt0361748'),
(57, 'Captain Phillips', 'AnMTMPTUzeWNbYxzp29WqYf1br1.jpg', 'The true story of Captain Richard Phillips and the 2009 hijacking by Somali pirates of the US-flagged MV Maersk Alabama, the first American cargo ship to be hijacked in two hundred years.', to_date('2013-10-10', 'YYYY-MM-DD'), 'tt1535109'),
(58, 'Star Wars: The Force Awakens', 'vZpB8ezB1IqpxI9rx553TuGwDzJ.jpg', 'Thirty years after defeating the Galactic Empire, Han Solo and his allies face a new threat from the evil Kylo Ren and his army of Stormtroopers.', to_date('2015-12-15', 'YYYY-MM-DD'), 'tt2488496'),
(59, 'Kingsman: The Secret Service', '8x7ej0LnHdKUqilNNJXYOeyB6L9.jpg', 'The story of a super-secret spy organization that recruits an unrefined but promising street kid into the agency''s ultra-competitive training program just as a global threat emerges from a twisted tech genius.', to_date('2015-01-24', 'YYYY-MM-DD'), 'tt2802144'),
(60, 'The Departed', 'tGLO9zw5ZtCeyyEWgbYGgsFxC6i.jpg', 'To take down South Boston''s Irish Mafia, the police send in one of their own to infiltrate the underworld, not realizing the syndicate has done likewise in Martin Scorsese''s multiple Oscar-winning crime thriller. While an undercover cop curries favor with the mob kingpin, a career criminal rises through the police ranks. But both sides soon discover there''s a mole among them.', to_date('2006-10-05', 'YYYY-MM-DD'), 'tt0407887'),
(61, 'Blade Runner', 'p64TtbZGCElxQHpAMWmDHkWJlH2.jpg', 'In the smog-choked dystopian Los Angeles of 2019, blade runner Rick Deckard is called out of retirement to kill a quartet of replicants who have escaped to Earth seeking their creator for a way to extend their short life spans.', to_date('1982-06-25', 'YYYY-MM-DD'), 'tt0083658'),
(62, 'Captain America: The Winter Soldier', '5TQ6YDmymBpnF005OyoB7ohZps9.jpg', 'After the cataclysmic events in New York with The Avengers, Steve Rogers, aka Captain America is living quietly in Washington, D.C. and trying to adjust to the modern world. But when a S.H.I.E.L.D. colleague comes under attack, Steve becomes embroiled in a web of intrigue that threatens to put the world at risk. Joining forces with the Black Widow, Captain America struggles to expose the ever-widening conspiracy while fighting off professional assassins sent to silence him at every turn. When the full scope of the villainous plot is revealed, Captain America and the Black Widow enlist the help of a new ally, the Falcon. However, they soon find themselves up against an unexpected and formidable enemy—the Winter Soldier.', to_date('2014-03-20', 'YYYY-MM-DD'), 'tt1843866'),
(63, 'About Time', 'zSuh8dGwqpsWR7ccvYbfxbSZ37o.jpg', 'The night after another unsatisfactory New Year party, Tim''s father (Bill Nighy) tells his son that the men in his family have always had the ability to travel through time. Tim can''t change history, but he can change what happens and has happened in his own life---so he decides to make his world a better place...by getting a girlfriend. Sadly, that turns out not to be as easy as you might think.', to_date('2013-08-16', 'YYYY-MM-DD'), 'tt2194499'),
(64, 'The Perks of Being a Wallflower', 'cyNQLnHnXZcTUDXVVSEYmquOTOI.jpg', 'A coming-of-age story based on the best-selling novel by Stephen Chbosky, which follows 15-year-old freshman Charlie, an endearing and naive outsider who is taken under the wings of two seniors. A moving tale of love, loss, fear and hope - and the unforgettable friends that help us through life.', to_date('2012-09-20', 'YYYY-MM-DD'), 'tt1659337'),
(65, 'Ex Machina', 'btbRB7BrD887j5NrvjxceRDmaot.jpg', 'Caleb, a 26 year old coder at the world''s largest internet company, wins a competition to spend a week at a private mountain retreat belonging to Nathan, the reclusive CEO of the company. But when Caleb arrives at the remote location he finds that he will have to participate in a strange and fascinating experiment in which he must interact with the world''s first true artificial intelligence, housed in the body of a beautiful robot girl.', to_date('2015-01-21', 'YYYY-MM-DD'), 'tt0470752'),
(66, 'The Lego Movie', 'lMHbadNmznKs5vgBAkHxKGHulOa.jpg', 'An ordinary Lego mini-figure, mistakenly thought to be the extraordinary MasterBuilder, is recruited to join a quest to stop an evil Lego tyrant from gluing the universe together.', to_date('2014-02-06', 'YYYY-MM-DD'), 'tt1490017'),
(67, 'Harry Potter and the Deathly Hallows: Part 2', 'fTplI1NCSuEDP4ITLcTps739fcC.jpg', 'In the second installment of the two-part conclusion, Harry and his best friends, Ron and Hermione, continue their quest to vanquish the evil Voldemort once and for all. Just as things begin to look hopeless for the young wizards, Harry discovers a trio of magical objects that endow him with powers to rival Voldemort''s formidable skills.', to_date('2011-07-07', 'YYYY-MM-DD'), 'tt1201607'),
(68, 'The Lion King', 'bKPtXn9n4M4s8vvZrbw40mYsefB.jpg', 'A young lion cub named Simba can''t wait to be king. But his uncle craves the title for himself and will stop at nothing to get it.', to_date('1994-06-23', 'YYYY-MM-DD'), 'tt0110357'),
(69, 'Saving Private Ryan', 'gc7IN6bWNaWXv4vI6cxSmeB7PeO.jpg', 'As U.S. troops storm the beaches of Normandy, three brothers lie dead on the battlefield, with a fourth trapped behind enemy lines. Ranger captain John Miller and seven men are tasked with penetrating German-held territory and bringing the boy home.', to_date('1998-07-24', 'YYYY-MM-DD'), 'tt0120815'),
(70, 'Nightcrawler', 'fukWJhLISH7f6cnYSdgb0JrSP2Q.jpg', 'A driven young man (Gyllenhaal) stumbles upon the underground world of L.A. freelance crime journalism.  When Lou Bloom, desperate for work, muscles into the world of L.A. crime journalism, he blurs the line between observer and participant to become the star of his own story. Aiding him in his effort is Nina, a TV-news veteran.', to_date('2014-10-23', 'YYYY-MM-DD'), 'tt2872718'),
(71, 'X-Men: Days of Future Past', 'qKkFk9HELmABpcPoc1HHZGIxQ5a.jpg', 'The ultimate X-Men ensemble fights a war for the survival of the species across two time periods as they join forces with their younger selves in an epic battle that must change the past – to save our future.', to_date('2014-05-15', 'YYYY-MM-DD'), 'tt1877832'),
(72, 'American Beauty', 'or1MP8BZIAjqWYxPdPX724ydKar.jpg', 'Lester Burnham, a depressed suburban father in a mid-life crisis, decides to turn his hectic life around after developing an infatuation with his daughter''s attractive friend.', to_date('1999-09-14', 'YYYY-MM-DD'), 'tt0169547'),
(73, 'Django Unchained', '5WJnxuw41sddupf8cwOxYftuvJG.jpg', 'With the help of a German bounty hunter, a freed slave sets out to rescue his wife from a brutal Mississippi plantation owner.', to_date('2012-12-25', 'YYYY-MM-DD'), 'tt1853728'),
(74, 'Full Metal Jacket', '29veIwD38rVL2qY74emXQw4y25H.jpg', 'A pragmatic U.S. Marine observes the dehumanizing effects the U.S.-Vietnam War has on his fellow recruits from their brutal boot camp training to the bloody street fighting in Hue.', to_date('1987-05-31', 'YYYY-MM-DD'), 'tt0093058'),
(75, 'Gladiator', '6WBIzCgmDCYrqh64yDREGeDk9d3.jpg', 'Gladiator is an epic film of love, death and betrayal set in the Roman Empire. General Maximus'' success in battle earns the favour of an elderly Emperor at the expense of the Emperor''s son. In a fit of jealous rage the son slays his father before turning his anger towards Maximus. Now reduced to a slave, his family dead, Maximus must fight as a gladiator to gain his freedom, and his revenge.', to_date('2000-05-01', 'YYYY-MM-DD'), 'tt0172495'),
(76, 'The Hobbit: The Desolation of Smaug', 'gQCiuxGsfiXH1su6lp9n0nd0UeH.jpg', 'The Dwarves, Bilbo and Gandalf have successfully escaped the Misty Mountains, and Bilbo has gained the One Ring. They all continue their journey to get their gold back from the Dragon, Smaug.', to_date('2013-12-11', 'YYYY-MM-DD'), 'tt1170358'),
(77, '2001: A Space Odyssey', '90T7b2LIrL07ndYQBmSm09yqVEH.jpg', 'Humanity finds a mysterious object buried beneath the lunar surface and sets off to find its origins with the help of HAL 9000, the world''s most advanced super computer.', to_date('1968-04-05', 'YYYY-MM-DD'), 'tt0062622'),
(78, 'Good Will Hunting', 'jq8LjngZ7XZEQge5JFTdOGMrHyZ.jpg', 'Will Hunting, a janitor at MIT, has a gift for mathematics but needs help from a psychologist to find direction in his life.', to_date('1997-12-05', 'YYYY-MM-DD'), 'tt0119217'),
(79, 'Boyhood', 'eKi4e5zXhQKs0De4xu5AAMvu376.jpg', 'The film tells a story of a divorced couple trying to raise their young son. The story follows the boy for twelve years, from first grade at age 6 through 12th grade at age 17-18, and examines his relationship with his parents as he grows.', to_date('2014-06-05', 'YYYY-MM-DD'), 'tt1065073'),
(80, 'The Martian', '5aGhaIHYuQbqlHWvWYqMCnj40y2.jpg', 'During a manned mission to Mars, Astronaut Mark Watney is presumed dead after a fierce storm and left behind by his crew. But Watney has survived and finds himself stranded and alone on the hostile planet. With only meager supplies, he must draw upon his ingenuity, wit and spirit to subsist and find a way to signal to Earth that he is alive.', to_date('2015-09-30', 'YYYY-MM-DD'), 'tt3659388'),
(81, 'No Country for Old Men', '6o0UWX2naW7HK45PDNYmoMIk5qs.jpg', 'Llewelyn Moss stumbles upon dead bodies, $2 million and a hoard of heroin in a Texas desert, but methodical killer Anton Chigurh comes looking for it, with local sheriff Ed Tom Bell hot on his trail. The roles of prey and predator blur as the violent pursuit of money and justice collide.', to_date('2007-11-08', 'YYYY-MM-DD'), 'tt0477348'),
(82, 'A Clockwork Orange', 'hJYwfHxh9O7lyF7hTIT7ZoP8FYQ.jpg', 'The head of a gang of toughs, in an insensitive futuristic society, is conditioned to become physically ill at sex and violence during a prison sentence. When he is released, he''s brutally beaten by all of his old adversaries.', to_date('1971-12-18', 'YYYY-MM-DD'), 'tt0066921'),
(83, 'Gran Torino', 'yeBc5vpEiqIAZrbVQnl833GlBEi.jpg', 'Walt Kowalski, an iron-willed and inflexible Korean War veteran living in a changing world, is forced by his immigrant neighbors to confront his long-held prejudices.', to_date('2008-12-11', 'YYYY-MM-DD'), 'tt1205489'),
(84, 'WALL·E', '9cJETuLMc6R0bTWRA5i7ctY9bxk.jpg', 'WALL•E is the last robot left on an Earth that has been overrun with garbage and all humans have fled to outer space. For 700 years he has continued to try and clean up the mess, but has developed some rather interesting human-like qualities. When a ship arrives with a sleek new type of robot, WALL•E thinks he''s finally found a friend and stows away on the ship when it leaves.', to_date('2008-06-22', 'YYYY-MM-DD'), 'tt0910970'),
(85, 'Frozen', 'jIjdFXKUNtdf1bwqMrhearpyjMj.jpg', 'Young princess Anna of Arendelle dreams about finding true love at her sister Elsa’s coronation. Fate takes her on a dangerous journey in an attempt to end the eternal winter that has fallen over the kingdom. She''s accompanied by ice delivery man Kristoff, his reindeer Sven, and snowman Olaf. On an adventure where she will find out what friendship, courage, family, and true love really means.', to_date('2013-11-27', 'YYYY-MM-DD'), 'tt2294629'),
(86, 'Catch Me If You Can', 'MywWCQGJNUr5kivAQ7eseCG7rm.jpg', 'Frank W. Abagnale Jr. is a cunning con man -- posing as a doctor, lawyer and pilot all before turning 21. He''s also a deft forger, and his work attracts the attention of FBI agent Carl Hanratty, who makes it his mission to put Frank behind bars. But Frank not only eludes capture, he revels in the pursuit, even taking time to taunt Carl by phone.', to_date('2002-12-25', 'YYYY-MM-DD'), 'tt0264464'),
(87, 'The Big Lebowski', 'aHaVjVoXeNanfwUwQ92SG7tosFM.jpg', 'Jeffrey "The Dude" Lebowski, a Los Angeles slacker who only wants to bowl and drink white Russians, is mistaken for another Jeffrey Lebowski, a wheelchair-bound millionaire, and finds himself dragged into a strange series of events involving nihilists, adult film producers, ferrets, errant toes, and large sums of money.', to_date('1998-02-15', 'YYYY-MM-DD'), 'tt0118715'),
(88, 'Aliens', 'nORMXEkYEbzkU5WkMWMgRDJwjSZ.jpg', 'When Ripley''s lifepod is found by a salvage crew over 50 years later, she finds that terra-formers are on the very planet they found the alien species. When the company sends a family of colonists out to investigate her story... all contact is lost with the planet and colonists. They enlist Ripley and the colonial marines to return and search for answers.', to_date('1986-07-18', 'YYYY-MM-DD'), 'tt0090605'),
(89, 'Snatch', 'on9JlbGEccLsYkjeEph2Whm1DIp.jpg', 'The second film from British director Guy Ritchie. Snatch tells an obscure story similar to his first fast-paced crazy character-colliding filled film “Lock, Stock and Two Smoking Barrels.” There are two overlapping stories here – one is the search for a stolen diamond, and the other about a boxing promoter who’s having trouble with a psychotic gangster.', to_date('2000-09-01', 'YYYY-MM-DD'), 'tt0208092'),
(90, 'Up', 'gfFqBcoFW8uczyl2ytVmVmUg82k.jpg', 'After a lifetime of dreaming of traveling the world, 78-year-old homebody Carl flies away on an unbelievable adventure with Russell, an 8-year-old Wilderness Explorer, unexpectedly in tow. Together, the unlikely pair embarks on a thrilling odyssey full of jungle beasts and rough terrain.', to_date('2009-05-13', 'YYYY-MM-DD'), 'tt1049413'),
(91, 'Shutter Island', 'aZqKsvpJDFy2UzUMsdskNFbfkOd.jpg', 'World War II soldier-turned-U.S. marshal Teddy Daniels investigates the disappearance of a patient from a hospital for the criminally insane, but his efforts are compromised by his own troubling visions and by Dr. Cawley.', to_date('2010-02-18', 'YYYY-MM-DD'), 'tt1130884'),
(92, 'American Sniper', 'svPHnYE7N5NAGO49dBmRhq0vDQ3.jpg', 'U.S. Navy SEAL Chris Kyle takes his sole mission—protect his comrades—to heart and becomes one of the most lethal snipers in American history. His pinpoint accuracy not only saves countless lives but also makes him a prime target of insurgents. Despite grave danger and his struggle to be a good husband and father to his family back in the States, Kyle serves four tours of duty in Iraq. However, when he finally returns home, he finds that he cannot leave the war behind.', to_date('2014-12-25', 'YYYY-MM-DD'), 'tt2179136'),
(93, 'V for Vendetta', 'AoGpqw4S4ZGgwhlM3FgzFVwyIGl.jpg', 'In a world in which Great Britain has become a fascist state, a masked vigilante known only as "V" conducts guerrilla warfare against the oppressive British government. When "V" rescues a young woman from the secret police, he finds in her an ally with whom he can continue his fight to free the people of Britain.', to_date('2005-12-11', 'YYYY-MM-DD'), 'tt0434409'),
(94, 'Alien', 'uU9R1byS3USozpzWJ5oz7YAkXyk.jpg', 'During its return to the earth, commercial spaceship Nostromo intercepts a distress signal from a distant planet. When a three-member team of the crew discovers a chamber containing thousands of eggs on the planet, a creature inside one of the eggs attacks an explorer. The entire crew is unaware of the impending nightmare set to descend upon them when the alien parasite planted inside its unfortunate host is birthed.', to_date('1979-05-25', 'YYYY-MM-DD'), 'tt0078748'),
(95, 'Gravity', 'uPxtxhB2Fy9ihVqtBtNGHmknJqV.jpg', 'Dr. Ryan Stone (Sandra Bullock), a brilliant medical engineer on her first Shuttle mission, with veteran astronaut Matt Kowalsky (George Clooney) in command of his last flight before retiring. But on a seemingly routine spacewalk, disaster strikes. The Shuttle is destroyed, leaving Stone and Kowalsky completely alone-tethered to nothing but each other and spiraling out into the blackness of space. The deafening silence tells them they have lost any link to Earth and any chance for rescue. As fear turns to panic, every gulp of air eats away at what little oxygen is left. But the only way home may be to go further out into the terrifying expance of space…', to_date('2013-09-27', 'YYYY-MM-DD'), 'tt1454468'),
(96, 'Toy Story', 'uMZqKhT4YA6mqo2yczoznv7IDmv.jpg', 'Woody the cowboy is young Andy’s favorite toy. Yet this changes when Andy get the new super toy Buzz Lightyear for his birthday. Now that Woody is no longer number one he plans his revenge on Buzz. Toy Story is a milestone in film history for being the first feature film to use entirely computer animation.', to_date('1995-10-30', 'YYYY-MM-DD'), 'tt0114709'),
(97, 'Toy Story 3', 'tOwAAVeL1p3ls9dhOBo45ElodU3.jpg', 'Woody, Buzz, and the rest of Andy''s toys haven''t been played with in years. With Andy about to go to college, the gang find themselves accidentally left at a nefarious day care center. The toys must band together to escape and return home to Andy.', to_date('2010-06-16', 'YYYY-MM-DD'), 'tt0435761'),
(98, 'The Hunger Games: Catching Fire', 'tAhSyLxpaZJCr1oc2a3flvC2B7x.jpg', 'Katniss Everdeen has returned home safe after winning the 74th Annual Hunger Games along with fellow tribute Peeta Mellark. Winning means that they must turn around and leave their family and close friends, embarking on a "Victor''s Tour" of the districts. Along the way Katniss senses that a rebellion is simmering, but the Capitol is still very much in control as President Snow prepares the 75th Annual Hunger Games (The Quarter Quell) - a competition that could change Panem forever.', to_date('2013-11-15', 'YYYY-MM-DD'), 'tt1951264'),
(99, 'The Dark Knight Rises', 'dEYnvnUfXrqvqeRSqvIEtmzhoA8.jpg', 'Following the death of District Attorney Harvey Dent, Batman assumes responsibility for Dent''s crimes to protect the late attorney''s reputation and is subsequently hunted by the Gotham City Police Department. Eight years later, Batman encounters the mysterious Selina Kyle and the villainous Bane, a new terrorist leader who overwhelms Gotham''s finest. The Dark Knight resurfaces to protect a city that has branded him an enemy.', to_date('2012-07-16', 'YYYY-MM-DD'), 'tt1345836'),
(100, 'Avengers: Age of Ultron', 't90Y3G8UGQp0f0DrP60wRu9gfrH.jpg', 'When Tony Stark tries to jumpstart a dormant peacekeeping program, things go awry and Earth’s Mightiest Heroes are put to the ultimate test as the fate of the planet hangs in the balance. As the villainous Ultron emerges, it is up to The Avengers to stop him from enacting his terrible plans, and soon uneasy alliances and unexpected action pave the way for an epic and unique global adventure.', to_date('2015-04-22', 'YYYY-MM-DD'), 'tt2395427');

INSERT INTO Director(Director_ID, Name) VALUES
(1, 'Damien Chazelle'),
(2, 'Frank Darabont'),
(3, 'Christopher Nolan'),
(4, 'Francis Ford Coppola'),
(5, 'Eric Toledano'),
(6, 'Olivier Nakache'),
(7, 'Hayao Miyazaki'),
(8, 'Roberto Benigni'),
(9, 'Pete Docter'),
(10, 'Ronaldo Del Carmen'),
(11, 'James Gunn'),
(12, 'David Fincher'),
(13, 'Steven Spielberg'),
(14, 'Morten Tyldum'),
(15, 'Quentin Tarantino'),
(16, 'Robert Zemeckis'),
(17, 'Martin Scorsese'),
(18, 'Irvin Kershner'),
(19, 'Wes Anderson'),
(20, 'Miloš Forman'),
(21, 'Luc Besson'),
(22, 'Tony Kaye'),
(23, 'Bryan Singer'),
(24, 'Spike Jonze'),
(25, 'Josh Boone'),
(26, 'James Marsh'),
(27, 'Steve McQueen'),
(28, 'Don Hall'),
(29, 'Chris Williams'),
(30, 'Jean-Marc Vallée'),
(31, 'Peter Jackson'),
(32, 'Stanley Kubrick'),
(33, 'Dean DeBlois'),
(34, 'George Lucas'),
(35, 'Denis Villeneuve'),
(36, 'Sergio Leone'),
(37, 'Ron Howard'),
(38, 'Brian De Palma'),
(39, 'Jonathan Demme'),
(40, 'Sean Penn'),
(41, 'Doug Liman'),
(42, 'Jean-Pierre Jeunet'),
(43, 'Lilly Wachowski'),
(44, 'Lana Wachowski'),
(45, 'Michel Gondry'),
(46, 'Richard Marquand'),
(47, 'Paul Greengrass'),
(48, 'J.J. Abrams'),
(49, 'Matthew Vaughn'),
(50, 'Ridley Scott'),
(51, 'Joe Russo'),
(52, 'Anthony Russo'),
(53, 'Richard Curtis'),
(54, 'Stephen Chbosky'),
(55, 'Alex Garland'),
(56, 'Phil Lord'),
(57, 'Chris Miller'),
(58, 'David Yates'),
(59, 'Roger Allers'),
(60, 'Rob Minkoff'),
(61, 'Dan Gilroy'),
(62, 'Sam Mendes'),
(63, 'Gus Van Sant'),
(64, 'Richard Linklater'),
(65, 'Joel Coen'),
(66, 'Ethan Coen'),
(67, 'Clint Eastwood'),
(68, 'Andrew Stanton'),
(69, 'Chris Buck'),
(70, 'Jennifer Lee'),
(71, 'James Cameron'),
(72, 'Guy Ritchie'),
(73, 'Bob Peterson'),
(74, 'James McTeigue'),
(75, 'Alfonso Cuarón'),
(76, 'John Lasseter'),
(77, 'Lee Unkrich'),
(78, 'Francis Lawrence'),
(79, 'Joss Whedon');

INSERT INTO MovieDirector(Movie_ID, Director_ID) VALUES
(1, 1),
(2, 2),
(3, 3),
(4, 4),
(5, 5),
(5, 6),
(6, 7),
(7, 8),
(8, 9),
(8, 10),
(9, 4),
(10, 11),
(11, 12),
(12, 3),
(13, 13),
(14, 14),
(15, 15),
(16, 16),
(17, 12),
(18, 17),
(19, 18),
(20, 19),
(21, 17),
(22, 2),
(23, 20),
(24, 21),
(25, 22),
(26, 23),
(27, 24),
(28, 25),
(29, 3),
(30, 26),
(31, 27),
(32, 28),
(32, 29),
(33, 12),
(34, 15),
(35, 30),
(36, 31),
(37, 32),
(38, 3),
(39, 33),
(40, 34),
(41, 35),
(42, 36),
(43, 37),
(44, 38),
(45, 39),
(46, 31),
(47, 40),
(48, 41),
(49, 31),
(50, 42),
(51, 3),
(52, 43),
(52, 44),
(53, 16),
(54, 45),
(55, 46),
(56, 15),
(57, 47),
(58, 48),
(59, 49),
(60, 17),
(61, 50),
(62, 51),
(62, 52),
(63, 53),
(64, 54),
(65, 55),
(66, 56),
(66, 57),
(67, 58),
(68, 59),
(68, 60),
(69, 13),
(70, 61),
(71, 23),
(72, 62),
(73, 15),
(74, 32),
(75, 50),
(76, 31),
(77, 32),
(78, 63),
(79, 64),
(80, 50),
(81, 65),
(81, 66),
(82, 32),
(83, 67),
(84, 68),
(85, 69),
(85, 70),
(86, 13),
(87, 65),
(88, 71),
(89, 72),
(90, 73),
(90, 9),
(91, 17),
(92, 67),
(93, 74),
(94, 50),
(95, 75),
(96, 76),
(97, 77),
(98, 78),
(99, 3),
(100, 79);

INSERT INTO Actor(Actor_ID, Name, DOB) VALUES
(1, 'Miles Teller', to_date('1987-02-20', 'YYYY-MM-DD')),
(2, 'J.K. Simmons', to_date('1955-01-09', 'YYYY-MM-DD')),
(3, 'Melissa Benoist', to_date('1988-10-04', 'YYYY-MM-DD')),
(4, 'Austin Stowell', to_date('1984-12-24', 'YYYY-MM-DD')),
(5, 'Jayson Blair', null),
(6, 'Tim Robbins', to_date('1958-10-16', 'YYYY-MM-DD')),
(7, 'Morgan Freeman', to_date('1937-06-01', 'YYYY-MM-DD')),
(8, 'Bob Gunton', to_date('1945-11-15', 'YYYY-MM-DD')),
(9, 'William Sadler', to_date('1950-04-13', 'YYYY-MM-DD')),
(10, 'Clancy Brown', to_date('1959-01-05', 'YYYY-MM-DD')),
(11, 'Matthew McConaughey', to_date('1969-11-04', 'YYYY-MM-DD')),
(12, 'Anne Hathaway', to_date('1982-11-12', 'YYYY-MM-DD')),
(13, 'Jessica Chastain', to_date('1977-03-24', 'YYYY-MM-DD')),
(14, 'Michael Caine', to_date('1933-03-14', 'YYYY-MM-DD')),
(15, 'Casey Affleck', to_date('1975-08-12', 'YYYY-MM-DD')),
(16, 'Marlon Brando', to_date('1924-04-03', 'YYYY-MM-DD')),
(17, 'Al Pacino', to_date('1940-04-25', 'YYYY-MM-DD')),
(18, 'James Caan', to_date('1940-03-26', 'YYYY-MM-DD')),
(19, 'Richard S. Castellano', to_date('1933-09-04', 'YYYY-MM-DD')),
(20, 'Robert Duvall', to_date('1931-01-05', 'YYYY-MM-DD')),
(21, 'François Cluzet', to_date('1955-09-21', 'YYYY-MM-DD')),
(22, 'Omar Sy', to_date('1978-01-20', 'YYYY-MM-DD')),
(23, 'Anne Le Ny', to_date('1962-12-16', 'YYYY-MM-DD')),
(24, 'Audrey Fleurot', to_date('1977-07-06', 'YYYY-MM-DD')),
(25, 'Clotilde Mollet', null),
(26, 'Rumi Hiiragi', to_date('1987-08-01', 'YYYY-MM-DD')),
(27, 'Miyu Irino', null),
(28, 'Mari Natsuki', to_date('1952-05-02', 'YYYY-MM-DD')),
(29, 'Takashi Naitô', to_date('1955-05-27', 'YYYY-MM-DD')),
(30, 'Yasuko Sawaguchi', to_date('1965-06-11', 'YYYY-MM-DD')),
(31, 'Nicoletta Braschi', to_date('1960-08-10', 'YYYY-MM-DD')),
(32, 'Roberto Benigni', to_date('1952-10-27', 'YYYY-MM-DD')),
(33, 'Giorgio Cantarini', to_date('1992-12-05', 'YYYY-MM-DD')),
(34, 'Giustino Durano', to_date('1923-05-05', 'YYYY-MM-DD')),
(35, 'Amerigo Fontani', to_date('1955-06-15', 'YYYY-MM-DD')),
(36, 'Amy Poehler', to_date('1971-09-16', 'YYYY-MM-DD')),
(37, 'Phyllis Smith', to_date('1951-07-10', 'YYYY-MM-DD')),
(38, 'Richard Kind', to_date('1956-11-22', 'YYYY-MM-DD')),
(39, 'Bill Hader', to_date('1978-06-07', 'YYYY-MM-DD')),
(40, 'Lewis Black', to_date('1948-08-30', 'YYYY-MM-DD')),
(41, 'Diane Keaton', to_date('1946-01-05', 'YYYY-MM-DD')),
(42, 'Robert De Niro', to_date('1943-08-17', 'YYYY-MM-DD')),
(43, 'John Cazale', to_date('1935-08-12', 'YYYY-MM-DD')),
(44, 'Chris Pratt', to_date('1979-06-21', 'YYYY-MM-DD')),
(45, 'Zoe Saldana', to_date('1978-06-19', 'YYYY-MM-DD')),
(46, 'Dave Bautista', to_date('1969-01-18', 'YYYY-MM-DD')),
(47, 'Vin Diesel', to_date('1967-07-18', 'YYYY-MM-DD')),
(48, 'Bradley Cooper', to_date('1975-01-05', 'YYYY-MM-DD')),
(49, 'Edward Norton', to_date('1969-08-18', 'YYYY-MM-DD')),
(50, 'Brad Pitt', to_date('1963-12-18', 'YYYY-MM-DD')),
(51, 'Helena Bonham Carter', to_date('1966-05-26', 'YYYY-MM-DD')),
(52, 'Meat Loaf', to_date('1947-09-27', 'YYYY-MM-DD')),
(53, 'Jared Leto', to_date('1971-12-26', 'YYYY-MM-DD')),
(54, 'Christian Bale', to_date('1974-01-30', 'YYYY-MM-DD')),
(55, 'Heath Ledger', to_date('1979-04-04', 'YYYY-MM-DD')),
(56, 'Aaron Eckhart', to_date('1968-03-12', 'YYYY-MM-DD')),
(57, 'Maggie Gyllenhaal', to_date('1977-11-16', 'YYYY-MM-DD')),
(58, 'Liam Neeson', to_date('1952-06-07', 'YYYY-MM-DD')),
(59, 'Ben Kingsley', to_date('1943-12-31', 'YYYY-MM-DD')),
(60, 'Ralph Fiennes', to_date('1962-12-22', 'YYYY-MM-DD')),
(61, 'Caroline Goodall', to_date('1959-11-13', 'YYYY-MM-DD')),
(62, 'Jonathan Sagall', to_date('1959-04-23', 'YYYY-MM-DD')),
(63, 'Benedict Cumberbatch', to_date('1976-07-19', 'YYYY-MM-DD')),
(64, 'Keira Knightley', to_date('1985-03-26', 'YYYY-MM-DD')),
(65, 'Matthew Goode', to_date('1978-04-03', 'YYYY-MM-DD')),
(66, 'Rory Kinnear', to_date('1978-02-17', 'YYYY-MM-DD')),
(67, 'Allen Leech', to_date('1981-05-18', 'YYYY-MM-DD')),
(68, 'John Travolta', to_date('1954-02-18', 'YYYY-MM-DD')),
(69, 'Samuel L. Jackson', to_date('1948-12-21', 'YYYY-MM-DD')),
(70, 'Uma Thurman', to_date('1970-04-29', 'YYYY-MM-DD')),
(71, 'Bruce Willis', to_date('1955-03-19', 'YYYY-MM-DD')),
(72, 'Ving Rhames', to_date('1959-05-12', 'YYYY-MM-DD')),
(73, 'Tom Hanks', to_date('1956-07-09', 'YYYY-MM-DD')),
(74, 'Sally Field', to_date('1946-11-06', 'YYYY-MM-DD')),
(75, 'Robin Wright', to_date('1966-04-08', 'YYYY-MM-DD')),
(76, 'Mykelti Williamson', to_date('1957-03-04', 'YYYY-MM-DD')),
(77, 'Gary Sinise', to_date('1955-03-17', 'YYYY-MM-DD')),
(78, 'Ben Affleck', to_date('1972-08-15', 'YYYY-MM-DD')),
(79, 'Rosamund Pike', to_date('1979-01-27', 'YYYY-MM-DD')),
(80, 'Tyler Perry', to_date('1969-09-13', 'YYYY-MM-DD')),
(81, 'Neil Patrick Harris', to_date('1973-06-15', 'YYYY-MM-DD')),
(82, 'Missi Pyle', to_date('1972-11-16', 'YYYY-MM-DD')),
(83, 'Ray Liotta', to_date('1954-12-18', 'YYYY-MM-DD')),
(84, 'Joe Pesci', to_date('1943-02-09', 'YYYY-MM-DD')),
(85, 'Lorraine Bracco', to_date('1954-10-02', 'YYYY-MM-DD')),
(86, 'Paul Sorvino', to_date('1939-04-13', 'YYYY-MM-DD')),
(87, 'Mark Hamill', to_date('1951-09-25', 'YYYY-MM-DD')),
(88, 'Harrison Ford', to_date('1942-07-13', 'YYYY-MM-DD')),
(89, 'Carrie Fisher', to_date('1956-10-21', 'YYYY-MM-DD')),
(90, 'David Prowse', to_date('1935-07-01', 'YYYY-MM-DD')),
(91, 'Billy Dee Williams', to_date('1937-04-06', 'YYYY-MM-DD')),
(92, 'Tony Revolori', to_date('1996-04-28', 'YYYY-MM-DD')),
(93, 'F. Murray Abraham', to_date('1939-10-24', 'YYYY-MM-DD')),
(94, 'Mathieu Amalric', to_date('1965-10-25', 'YYYY-MM-DD')),
(95, 'Adrien Brody', to_date('1973-04-14', 'YYYY-MM-DD')),
(96, 'Leonardo DiCaprio', to_date('1974-11-11', 'YYYY-MM-DD')),
(97, 'Jonah Hill', to_date('1983-12-20', 'YYYY-MM-DD')),
(98, 'Margot Robbie', to_date('1990-07-02', 'YYYY-MM-DD')),
(99, 'Kyle Chandler', to_date('1965-09-17', 'YYYY-MM-DD')),
(100, 'Rob Reiner', to_date('1947-03-06', 'YYYY-MM-DD')),
(101, 'Michael Clarke Duncan', to_date('1957-12-10', 'YYYY-MM-DD')),
(102, 'David Morse', to_date('1953-10-11', 'YYYY-MM-DD')),
(103, 'Bonnie Hunt', to_date('1961-09-22', 'YYYY-MM-DD')),
(104, 'James Cromwell', to_date('1940-01-27', 'YYYY-MM-DD')),
(105, 'Jack Nicholson', to_date('1937-04-22', 'YYYY-MM-DD')),
(106, 'Louise Fletcher', to_date('1934-07-22', 'YYYY-MM-DD')),
(107, 'Danny DeVito', to_date('1944-11-17', 'YYYY-MM-DD')),
(108, 'William Redfield', to_date('1927-01-26', 'YYYY-MM-DD')),
(109, 'Scatman Crothers', to_date('1910-05-23', 'YYYY-MM-DD')),
(110, 'Jean Reno', to_date('1948-07-30', 'YYYY-MM-DD')),
(111, 'Natalie Portman', to_date('1981-06-09', 'YYYY-MM-DD')),
(112, 'Gary Oldman', to_date('1958-03-21', 'YYYY-MM-DD')),
(113, 'Danny Aiello', to_date('1933-06-20', 'YYYY-MM-DD')),
(114, 'Peter Appel', to_date('1959-10-19', 'YYYY-MM-DD')),
(115, 'Edward Furlong', to_date('1977-08-02', 'YYYY-MM-DD')),
(116, 'Beverly D''Angelo', to_date('1951-11-15', 'YYYY-MM-DD')),
(117, 'Avery Brooks', to_date('1948-10-02', 'YYYY-MM-DD')),
(118, 'Jennifer Lien', to_date('1974-08-24', 'YYYY-MM-DD')),
(119, 'Kevin Spacey', to_date('1959-07-26', 'YYYY-MM-DD')),
(120, 'Stephen Baldwin', to_date('1966-05-12', 'YYYY-MM-DD')),
(121, 'Gabriel Byrne', to_date('1950-05-12', 'YYYY-MM-DD')),
(122, 'Benicio del Toro', to_date('1967-02-19', 'YYYY-MM-DD')),
(123, 'Kevin Pollak', to_date('1957-10-30', 'YYYY-MM-DD')),
(124, 'Joaquin Phoenix', to_date('1974-10-28', 'YYYY-MM-DD')),
(125, 'Scarlett Johansson', to_date('1984-11-22', 'YYYY-MM-DD')),
(126, 'Rooney Mara', to_date('1985-04-17', 'YYYY-MM-DD')),
(127, 'Amy Adams', to_date('1974-08-20', 'YYYY-MM-DD')),
(128, 'Olivia Wilde', to_date('1984-03-10', 'YYYY-MM-DD')),
(129, 'Shailene Woodley', to_date('1991-11-15', 'YYYY-MM-DD')),
(130, 'Ansel Elgort', to_date('1994-03-14', 'YYYY-MM-DD')),
(131, 'Nat Wolff', to_date('1994-12-17', 'YYYY-MM-DD')),
(132, 'Laura Dern', to_date('1967-02-10', 'YYYY-MM-DD')),
(133, 'Sam Trammell', to_date('1971-05-15', 'YYYY-MM-DD')),
(134, 'Joseph Gordon-Levitt', to_date('1981-02-17', 'YYYY-MM-DD')),
(135, 'Ellen Page', to_date('1987-02-21', 'YYYY-MM-DD')),
(136, 'Tom Hardy', to_date('1977-09-15', 'YYYY-MM-DD')),
(137, 'Ken Watanabe', to_date('1959-10-21', 'YYYY-MM-DD')),
(138, 'Eddie Redmayne', to_date('1982-01-06', 'YYYY-MM-DD')),
(139, 'Felicity Jones', to_date('1983-10-17', 'YYYY-MM-DD')),
(140, 'Harry Lloyd', to_date('1983-11-17', 'YYYY-MM-DD')),
(141, 'David Thewlis', to_date('1963-03-20', 'YYYY-MM-DD')),
(142, 'Emily Watson', to_date('1967-01-14', 'YYYY-MM-DD')),
(143, 'Chiwetel Ejiofor', to_date('1977-07-10', 'YYYY-MM-DD')),
(144, 'Michael Fassbender', to_date('1977-04-02', 'YYYY-MM-DD')),
(145, 'Paul Dano', to_date('1984-06-19', 'YYYY-MM-DD')),
(146, 'Paul Giamatti', to_date('1967-06-06', 'YYYY-MM-DD')),
(147, 'Scott Adsit', to_date('1965-11-26', 'YYYY-MM-DD')),
(148, 'Ryan Potter', to_date('1995-09-12', 'YYYY-MM-DD')),
(149, 'Daniel Henney', to_date('1979-11-28', 'YYYY-MM-DD')),
(150, 'T.J. Miller', to_date('1981-06-04', 'YYYY-MM-DD')),
(151, 'Jamie Chung', to_date('1983-04-10', 'YYYY-MM-DD')),
(152, 'Gwyneth Paltrow', to_date('1972-09-27', 'YYYY-MM-DD')),
(153, 'Richard Roundtree', to_date('1942-07-09', 'YYYY-MM-DD')),
(154, 'R. Lee Ermey', to_date('1944-03-24', 'YYYY-MM-DD')),
(155, 'Harvey Keitel', to_date('1939-05-13', 'YYYY-MM-DD')),
(156, 'Tim Roth', to_date('1961-05-14', 'YYYY-MM-DD')),
(157, 'Michael Madsen', to_date('1957-09-25', 'YYYY-MM-DD')),
(158, 'Chris Penn', to_date('1965-10-10', 'YYYY-MM-DD')),
(159, 'Steve Buscemi', to_date('1957-12-13', 'YYYY-MM-DD')),
(160, 'Jennifer Garner', to_date('1972-04-17', 'YYYY-MM-DD')),
(161, 'Denis O''Hare', to_date('1962-01-17', 'YYYY-MM-DD')),
(162, 'Steve Zahn', to_date('1967-11-13', 'YYYY-MM-DD')),
(163, 'Elijah Wood', to_date('1981-01-28', 'YYYY-MM-DD')),
(164, 'Ian McKellen', to_date('1939-05-25', 'YYYY-MM-DD')),
(165, 'Viggo Mortensen', to_date('1958-10-20', 'YYYY-MM-DD')),
(166, 'Liv Tyler', to_date('1977-07-01', 'YYYY-MM-DD')),
(167, 'Orlando Bloom', to_date('1977-01-13', 'YYYY-MM-DD')),
(168, 'Shelley Duvall', to_date('1949-07-07', 'YYYY-MM-DD')),
(169, 'Danny Lloyd', to_date('1973-01-01', 'YYYY-MM-DD')),
(170, 'Barry Nelson', to_date('1917-04-16', 'YYYY-MM-DD')),
(171, 'Guy Pearce', to_date('1967-10-05', 'YYYY-MM-DD')),
(172, 'Carrie-Anne Moss', to_date('1967-08-21', 'YYYY-MM-DD')),
(173, 'Joe Pantoliano', to_date('1951-09-12', 'YYYY-MM-DD')),
(174, 'Mark Boone Junior', to_date('1955-03-17', 'YYYY-MM-DD')),
(175, 'Russ Fega', null),
(176, 'Jay Baruchel', to_date('1982-04-09', 'YYYY-MM-DD')),
(177, 'Gerard Butler', to_date('1969-11-13', 'YYYY-MM-DD')),
(178, 'Kristen Wiig', to_date('1973-08-22', 'YYYY-MM-DD')),
(179, 'Cate Blanchett', to_date('1969-05-14', 'YYYY-MM-DD')),
(180, 'Peter Cushing', to_date('1913-05-26', 'YYYY-MM-DD')),
(181, 'Alec Guinness', to_date('1914-04-02', 'YYYY-MM-DD')),
(182, 'Hugh Jackman', to_date('1968-10-12', 'YYYY-MM-DD')),
(183, 'Jake Gyllenhaal', to_date('1980-12-19', 'YYYY-MM-DD')),
(184, 'Maria Bello', to_date('1967-04-18', 'YYYY-MM-DD')),
(185, 'Melissa Leo', to_date('1960-09-14', 'YYYY-MM-DD')),
(186, 'Eli Wallach', to_date('1915-12-07', 'YYYY-MM-DD')),
(187, 'Clint Eastwood', to_date('1930-05-31', 'YYYY-MM-DD')),
(188, 'Lee Van Cleef', to_date('1925-01-09', 'YYYY-MM-DD')),
(189, 'Aldo Giuffrè', to_date('1924-04-10', 'YYYY-MM-DD')),
(190, 'Luigi Pistilli', to_date('1929-07-19', 'YYYY-MM-DD')),
(191, 'Daniel Brühl', to_date('1978-06-16', 'YYYY-MM-DD')),
(192, 'Chris Hemsworth', to_date('1983-08-11', 'YYYY-MM-DD')),
(193, 'Alexandra Maria Lara', to_date('1978-11-12', 'YYYY-MM-DD')),
(194, 'Natalie Dormer', to_date('1982-02-11', 'YYYY-MM-DD')),
(195, 'Steven Bauer', to_date('1956-12-02', 'YYYY-MM-DD')),
(196, 'Michelle Pfeiffer', to_date('1958-04-29', 'YYYY-MM-DD')),
(197, 'Mary Elizabeth Mastrantonio', to_date('1958-11-17', 'YYYY-MM-DD')),
(198, 'Robert Loggia', to_date('1930-01-03', 'YYYY-MM-DD')),
(199, 'Jodie Foster', to_date('1962-11-19', 'YYYY-MM-DD')),
(200, 'Anthony Hopkins', to_date('1937-12-31', 'YYYY-MM-DD')),
(201, 'Scott Glenn', to_date('1941-01-26', 'YYYY-MM-DD')),
(202, 'Ted Levine', to_date('1957-05-29', 'YYYY-MM-DD')),
(203, 'Anthony Heald', to_date('1944-08-25', 'YYYY-MM-DD')),
(204, 'Emile Hirsch', to_date('1985-03-13', 'YYYY-MM-DD')),
(205, 'Marcia Gay Harden', to_date('1959-08-14', 'YYYY-MM-DD')),
(206, 'William Hurt', to_date('1950-03-20', 'YYYY-MM-DD')),
(207, 'Jena Malone', to_date('1984-11-21', 'YYYY-MM-DD')),
(208, 'Brian H. Dierker', null),
(209, 'Tom Cruise', to_date('1962-07-03', 'YYYY-MM-DD')),
(210, 'Emily Blunt', to_date('1983-02-23', 'YYYY-MM-DD')),
(211, 'Brendan Gleeson', to_date('1955-03-29', 'YYYY-MM-DD')),
(212, 'Bill Paxton', to_date('1955-05-17', 'YYYY-MM-DD')),
(213, 'Jonas Armstrong', to_date('1981-01-01', 'YYYY-MM-DD')),
(214, 'Audrey Tautou', to_date('1978-08-09', 'YYYY-MM-DD')),
(215, 'Mathieu Kassovitz', to_date('1967-08-03', 'YYYY-MM-DD')),
(216, 'Rufus', to_date('1942-12-19', 'YYYY-MM-DD')),
(217, 'Jamel Debbouze', to_date('1975-06-18', 'YYYY-MM-DD')),
(218, 'Claire Maurier', to_date('1929-03-27', 'YYYY-MM-DD')),
(219, 'Andy Serkis', to_date('1964-04-20', 'YYYY-MM-DD')),
(220, 'Keanu Reeves', to_date('1964-09-02', 'YYYY-MM-DD')),
(221, 'Laurence Fishburne', to_date('1961-07-30', 'YYYY-MM-DD')),
(222, 'Hugo Weaving', to_date('1960-04-04', 'YYYY-MM-DD')),
(223, 'Gloria Foster', to_date('1933-11-15', 'YYYY-MM-DD')),
(224, 'Michael J. Fox', to_date('1961-06-09', 'YYYY-MM-DD')),
(225, 'Christopher Lloyd', to_date('1938-10-22', 'YYYY-MM-DD')),
(226, 'Lea Thompson', to_date('1961-05-31', 'YYYY-MM-DD')),
(227, 'Crispin Glover', to_date('1964-04-20', 'YYYY-MM-DD')),
(228, 'Thomas F. Wilson', to_date('1959-04-15', 'YYYY-MM-DD')),
(229, 'Jim Carrey', to_date('1962-01-17', 'YYYY-MM-DD')),
(230, 'Kate Winslet', to_date('1975-10-05', 'YYYY-MM-DD')),
(231, 'Mark Ruffalo', to_date('1967-11-22', 'YYYY-MM-DD')),
(232, 'Kirsten Dunst', to_date('1982-04-30', 'YYYY-MM-DD')),
(233, 'Anthony Daniels', to_date('1946-02-21', 'YYYY-MM-DD')),
(234, 'Mélanie Laurent', to_date('1983-02-21', 'YYYY-MM-DD')),
(235, 'Christoph Waltz', to_date('1956-10-04', 'YYYY-MM-DD')),
(236, 'Eli Roth', to_date('1972-04-18', 'YYYY-MM-DD')),
(237, 'Catherine Keener', to_date('1959-03-23', 'YYYY-MM-DD')),
(238, 'Max Martini', to_date('1969-12-11', 'YYYY-MM-DD')),
(239, 'Chris Mulkey', to_date('1948-05-03', 'YYYY-MM-DD')),
(240, 'Yul Vazquez', null),
(241, 'Daisy Ridley', to_date('1992-04-10', 'YYYY-MM-DD')),
(242, 'John Boyega', to_date('1992-03-17', 'YYYY-MM-DD')),
(243, 'Adam Driver', to_date('1983-11-19', 'YYYY-MM-DD')),
(244, 'Taron Egerton', to_date('1989-11-10', 'YYYY-MM-DD')),
(245, 'Colin Firth', to_date('1960-09-10', 'YYYY-MM-DD')),
(246, 'Mark Strong', to_date('1963-08-05', 'YYYY-MM-DD')),
(247, 'Matt Damon', to_date('1970-10-08', 'YYYY-MM-DD')),
(248, 'Mark Wahlberg', to_date('1971-06-05', 'YYYY-MM-DD')),
(249, 'Martin Sheen', to_date('1940-08-03', 'YYYY-MM-DD')),
(250, 'Rutger Hauer', to_date('1944-01-23', 'YYYY-MM-DD')),
(251, 'Sean Young', to_date('1959-11-20', 'YYYY-MM-DD')),
(252, 'Edward James Olmos', to_date('1947-02-24', 'YYYY-MM-DD')),
(253, 'Chris Evans', to_date('1981-06-13', 'YYYY-MM-DD')),
(254, 'Sebastian Stan', to_date('1983-08-13', 'YYYY-MM-DD')),
(255, 'Robert Redford', to_date('1936-08-18', 'YYYY-MM-DD')),
(256, 'Rachel McAdams', to_date('1978-11-17', 'YYYY-MM-DD')),
(257, 'Bill Nighy', to_date('1949-12-12', 'YYYY-MM-DD')),
(258, 'Domhnall Gleeson', to_date('1983-05-12', 'YYYY-MM-DD')),
(259, 'Tom Hollander', to_date('1967-08-25', 'YYYY-MM-DD')),
(260, 'Logan Lerman', to_date('1992-01-19', 'YYYY-MM-DD')),
(261, 'Emma Watson', to_date('1990-04-15', 'YYYY-MM-DD')),
(262, 'Ezra Miller', to_date('1992-09-30', 'YYYY-MM-DD')),
(263, 'Paul Rudd', to_date('1969-04-06', 'YYYY-MM-DD')),
(264, 'Nina Dobrev', to_date('1989-01-09', 'YYYY-MM-DD')),
(265, 'Oscar Isaac', to_date('1979-03-09', 'YYYY-MM-DD')),
(266, 'Alicia Vikander', to_date('1988-10-03', 'YYYY-MM-DD')),
(267, 'Sonoya Mizuno', null),
(268, 'Corey Johnson', to_date('1961-05-17', 'YYYY-MM-DD')),
(269, 'Will Arnett', to_date('1970-05-04', 'YYYY-MM-DD')),
(270, 'Elizabeth Banks', to_date('1974-02-10', 'YYYY-MM-DD')),
(271, 'Craig Berry', null),
(272, 'Alison Brie', to_date('1982-12-29', 'YYYY-MM-DD')),
(273, 'David Burrows', null),
(274, 'Daniel Radcliffe', to_date('1989-07-23', 'YYYY-MM-DD')),
(275, 'Rupert Grint', to_date('1988-08-24', 'YYYY-MM-DD')),
(276, 'Alan Rickman', to_date('1946-02-21', 'YYYY-MM-DD')),
(277, 'Maggie Smith', to_date('1934-12-28', 'YYYY-MM-DD')),
(278, 'Jonathan Taylor Thomas', to_date('1981-09-08', 'YYYY-MM-DD')),
(279, 'Matthew Broderick', to_date('1962-03-21', 'YYYY-MM-DD')),
(280, 'James Earl Jones', to_date('1931-01-17', 'YYYY-MM-DD')),
(281, 'Jeremy Irons', to_date('1948-09-19', 'YYYY-MM-DD')),
(282, 'Moira Kelly', to_date('1968-03-06', 'YYYY-MM-DD')),
(283, 'Tom Sizemore', to_date('1961-11-29', 'YYYY-MM-DD')),
(284, 'Dennis Farina', to_date('1944-02-29', 'YYYY-MM-DD')),
(285, 'Joerg Stadler', to_date('1961', 'YYYY-MM-DD')),
(286, 'Rene Russo', to_date('1954-02-17', 'YYYY-MM-DD')),
(287, 'Kevin Rahm', to_date('1971-01-07', 'YYYY-MM-DD')),
(288, 'Riz Ahmed', to_date('1982-12-01', 'YYYY-MM-DD')),
(289, 'James McAvoy', to_date('1979-04-21', 'YYYY-MM-DD')),
(290, 'Patrick Stewart', to_date('1940-07-13', 'YYYY-MM-DD')),
(291, 'Annette Bening', to_date('1958-05-29', 'YYYY-MM-DD')),
(292, 'Thora Birch', to_date('1982-03-11', 'YYYY-MM-DD')),
(293, 'Wes Bentley', to_date('1978-09-04', 'YYYY-MM-DD')),
(294, 'Mena Suvari', to_date('1979-02-13', 'YYYY-MM-DD')),
(295, 'Jamie Foxx', to_date('1967-12-13', 'YYYY-MM-DD')),
(296, 'Kerry Washington', to_date('1977-01-31', 'YYYY-MM-DD')),
(297, 'Matthew Modine', to_date('1959-03-22', 'YYYY-MM-DD')),
(298, 'Adam Baldwin', to_date('1962-02-27', 'YYYY-MM-DD')),
(299, 'Vincent D''Onofrio', to_date('1959-06-30', 'YYYY-MM-DD')),
(300, 'Dorian Harewood', to_date('1950-08-06', 'YYYY-MM-DD')),
(301, 'Russell Crowe', to_date('1964-04-07', 'YYYY-MM-DD')),
(302, 'Connie Nielsen', to_date('1965-07-03', 'YYYY-MM-DD')),
(303, 'Oliver Reed', to_date('1938-02-13', 'YYYY-MM-DD')),
(304, 'Richard Harris', to_date('1930-10-01', 'YYYY-MM-DD')),
(305, 'Martin Freeman', to_date('1971-09-08', 'YYYY-MM-DD')),
(306, 'Richard Armitage', to_date('1971-08-22', 'YYYY-MM-DD')),
(307, 'Ken Stott', to_date('1957-10-19', 'YYYY-MM-DD')),
(308, 'Graham McTavish', to_date('1961-01-04', 'YYYY-MM-DD')),
(309, 'Keir Dullea', to_date('1936-05-30', 'YYYY-MM-DD')),
(310, 'Douglas Rain', to_date('1928-03-13', 'YYYY-MM-DD')),
(311, 'Gary Lockwood', to_date('1937-02-21', 'YYYY-MM-DD')),
(312, 'William Sylvester', to_date('1922-01-31', 'YYYY-MM-DD')),
(313, 'Daniel Richter', null),
(314, 'Robin Williams', to_date('1951-07-21', 'YYYY-MM-DD')),
(315, 'Stellan Skarsgård', to_date('1951-06-13', 'YYYY-MM-DD')),
(316, 'Minnie Driver', to_date('1970-01-31', 'YYYY-MM-DD')),
(317, 'Ellar Coltrane', to_date('1994-08-27', 'YYYY-MM-DD')),
(318, 'Patricia Arquette', to_date('1968-04-08', 'YYYY-MM-DD')),
(319, 'Elijah Smith', null),
(320, 'Lorelei Linklater', to_date('1994-05-29', 'YYYY-MM-DD')),
(321, 'Steven Chester Prince', to_date('1963-06-01', 'YYYY-MM-DD')),
(322, 'Jeff Daniels', to_date('1955-02-19', 'YYYY-MM-DD')),
(323, 'Michael Peña', to_date('1976-01-13', 'YYYY-MM-DD')),
(324, 'Tommy Lee Jones', to_date('1946-09-15', 'YYYY-MM-DD')),
(325, 'Javier Bardem', to_date('1969-03-01', 'YYYY-MM-DD')),
(326, 'Josh Brolin', to_date('1968-02-12', 'YYYY-MM-DD')),
(327, 'Woody Harrelson', to_date('1961-07-23', 'YYYY-MM-DD')),
(328, 'Kelly Macdonald', to_date('1976-02-23', 'YYYY-MM-DD')),
(329, 'Malcolm McDowell', to_date('1943-06-13', 'YYYY-MM-DD')),
(330, 'Patrick Magee', to_date('1922-03-31', 'YYYY-MM-DD')),
(331, 'Adrienne Corri', to_date('1930-11-13', 'YYYY-MM-DD')),
(332, 'Michael Bates', to_date('1920-12-04', 'YYYY-MM-DD')),
(333, 'Warren Clarke', to_date('1947-04-26', 'YYYY-MM-DD')),
(334, 'Christopher Carley', to_date('1978-05-31', 'YYYY-MM-DD')),
(335, 'Bee Vang', to_date('1991-11-04', 'YYYY-MM-DD')),
(336, 'Ahney Her', to_date('1992', 'YYYY-MM-DD')),
(337, 'Brian Haley', to_date('1963-02-12', 'YYYY-MM-DD')),
(338, 'Ben Burtt', to_date('1948-07-12', 'YYYY-MM-DD')),
(339, 'Elissa Knight', to_date('1975-04-15', 'YYYY-MM-DD')),
(340, 'Jeff Garlin', to_date('1962-06-05', 'YYYY-MM-DD')),
(341, 'Fred Willard', to_date('1939-09-18', 'YYYY-MM-DD')),
(342, 'John Ratzenberger', to_date('1947-04-06', 'YYYY-MM-DD')),
(343, 'Kristen Bell', to_date('1980-07-18', 'YYYY-MM-DD')),
(344, 'Idina Menzel', to_date('1971-05-30', 'YYYY-MM-DD')),
(345, 'Jonathan Groff', to_date('1985-03-26', 'YYYY-MM-DD')),
(346, 'Josh Gad', to_date('1981-02-23', 'YYYY-MM-DD')),
(347, 'Santino Fontana', null),
(348, 'Christopher Walken', to_date('1943-03-31', 'YYYY-MM-DD')),
(349, 'Jeff Bridges', to_date('1949-12-04', 'YYYY-MM-DD')),
(350, 'John Goodman', to_date('1952-06-20', 'YYYY-MM-DD')),
(351, 'Julianne Moore', to_date('1960-12-03', 'YYYY-MM-DD')),
(352, 'David Huddleston', to_date('1930-09-17', 'YYYY-MM-DD')),
(353, 'Sigourney Weaver', to_date('1949-10-08', 'YYYY-MM-DD')),
(354, 'Carrie Henn', to_date('1976-05-07', 'YYYY-MM-DD')),
(355, 'Michael Biehn', to_date('1956-07-31', 'YYYY-MM-DD')),
(356, 'Lance Henriksen', to_date('1940-05-05', 'YYYY-MM-DD')),
(357, 'Paul Reiser', to_date('1957-03-30', 'YYYY-MM-DD')),
(358, 'Jason Statham', to_date('1967-07-26', 'YYYY-MM-DD')),
(359, 'Stephen Graham', to_date('1973-08-03', 'YYYY-MM-DD')),
(360, 'Vinnie Jones', to_date('1965-01-05', 'YYYY-MM-DD')),
(361, 'Alan Ford', to_date('1938-02-23', 'YYYY-MM-DD')),
(362, 'Ed Asner', to_date('1929-11-15', 'YYYY-MM-DD')),
(363, 'Christopher Plummer', to_date('1929-12-13', 'YYYY-MM-DD')),
(364, 'Jordan Nagai', to_date('2000-02-05', 'YYYY-MM-DD')),
(365, 'Bob Peterson', to_date('1961-01-18', 'YYYY-MM-DD')),
(366, 'Delroy Lindo', to_date('1952-11-18', 'YYYY-MM-DD')),
(367, 'Emily Mortimer', to_date('1971-12-01', 'YYYY-MM-DD')),
(368, 'Michelle Williams', to_date('1980-09-09', 'YYYY-MM-DD')),
(369, 'Kyle Gallner', to_date('1986-10-22', 'YYYY-MM-DD')),
(370, 'Cole Konis', null),
(371, 'Ben Reed', to_date('1965-01-05', 'YYYY-MM-DD')),
(372, 'Elise Robertson', null),
(373, 'Stephen Rea', to_date('1946-10-31', 'YYYY-MM-DD')),
(374, 'Stephen Fry', to_date('1957-08-24', 'YYYY-MM-DD')),
(375, 'John Hurt', to_date('1940-01-22', 'YYYY-MM-DD')),
(376, 'Tom Skerritt', to_date('1933-08-25', 'YYYY-MM-DD')),
(377, 'Veronica Cartwright', to_date('1949-04-20', 'YYYY-MM-DD')),
(378, 'Harry Dean Stanton', to_date('1926-07-14', 'YYYY-MM-DD')),
(379, 'Sandra Bullock', to_date('1964-07-26', 'YYYY-MM-DD')),
(380, 'George Clooney', to_date('1961-05-06', 'YYYY-MM-DD')),
(381, 'Ed Harris', to_date('1950-11-28', 'YYYY-MM-DD')),
(382, 'Orto Ignatiussen', null),
(383, 'Phaldut Sharma', null),
(384, 'Tim Allen', to_date('1953-06-13', 'YYYY-MM-DD')),
(385, 'Don Rickles', to_date('1926-05-08', 'YYYY-MM-DD')),
(386, 'Jim Varney', to_date('1949-06-15', 'YYYY-MM-DD')),
(387, 'Wallace Shawn', to_date('1943-11-12', 'YYYY-MM-DD')),
(388, 'Ned Beatty', to_date('1937-07-06', 'YYYY-MM-DD')),
(389, 'Joan Cusack', to_date('1962-10-11', 'YYYY-MM-DD')),
(390, 'Michael Keaton', to_date('1951-09-05', 'YYYY-MM-DD')),
(391, 'Jennifer Lawrence', to_date('1990-08-15', 'YYYY-MM-DD')),
(392, 'Josh Hutcherson', to_date('1992-10-12', 'YYYY-MM-DD')),
(393, 'Liam Hemsworth', to_date('1990-01-13', 'YYYY-MM-DD')),
(394, 'Robert Downey Jr.', to_date('1965-04-04', 'YYYY-MM-DD'));

INSERT INTO MovieActor(Movie_ID, Actor_ID, Role_Name) VALUES
(1, 1, 'Andrew Neimann'),
(1, 2, 'Terence Fletcher'),
(1, 3, 'Nicole'),
(1, 4, 'Ryan'),
(1, 5, 'Travis'),
(2, 6, 'Andy Dufresne'),
(2, 7, 'Ellis Boyd ''Red'' Redding'),
(2, 8, 'Warden Samuel Norton'),
(2, 9, 'Heywood'),
(2, 10, 'Captain Byron T. Hadley'),
(3, 11, 'Cooper'),
(3, 12, 'Brand'),
(3, 13, 'Murph'),
(3, 14, 'Professor Brand'),
(3, 15, 'Tom'),
(4, 16, 'Don Vito Corleone'),
(4, 17, 'Michael Corleone'),
(4, 18, 'Santino ''Sonny'' Corleone'),
(4, 19, 'Pete Clemenza'),
(4, 20, 'Tom Hagen'),
(5, 21, 'Philippe'),
(5, 22, 'Driss'),
(5, 23, 'Yvonne'),
(5, 24, 'Magalie'),
(5, 25, 'Marcelle'),
(6, 26, 'Chihiro (voice)'),
(6, 27, 'Haku (voice)'),
(6, 28, 'Yubaba (voice)'),
(6, 29, 'Chihiro''s Father (voice)'),
(6, 30, 'Chihiro''s Mother (voice)'),
(7, 31, 'Dora'),
(7, 32, 'Guido Orefice'),
(7, 33, 'Giosué Orefice'),
(7, 34, 'Eliseo Orefice'),
(7, 35, 'Rodolfo'),
(8, 36, 'Joy (voice)'),
(8, 37, 'Sadness (voice)'),
(8, 38, 'Bing Bong (voice)'),
(8, 39, 'Fear (voice)'),
(8, 40, 'Anger (voice)'),
(9, 17, 'Don Michael Corleone'),
(9, 20, 'Tom Hagen'),
(9, 41, 'Kay Corleone'),
(9, 42, 'Vito Corleone'),
(9, 43, 'Fredo Corleone'),
(10, 44, 'Peter Quill / Star-Lord'),
(10, 45, 'Gamora'),
(10, 46, 'Drax the Destroyer'),
(10, 47, 'Groot (voice)'),
(10, 48, 'Rocket (voice)'),
(11, 49, 'The Narrator'),
(11, 50, 'Tyler Durden'),
(11, 51, 'Marla Singer'),
(11, 52, 'Robert ''Bob'' Paulson'),
(11, 53, 'Angel Face'),
(12, 54, 'Bruce Wayne'),
(12, 55, 'Joker'),
(12, 56, 'Harvey Dent'),
(12, 14, 'Alfred'),
(12, 57, 'Rachel Dawes'),
(13, 58, 'Oskar Schindler'),
(13, 59, 'Itzhak Stern'),
(13, 60, 'Amon Goeth'),
(13, 61, 'Emilie Schindler'),
(13, 62, 'Poldek Pfefferberg'),
(14, 63, 'Alan Turing'),
(14, 64, 'Joan Clarke'),
(14, 65, 'Hugh Alexander'),
(14, 66, 'Detective Robert Nock'),
(14, 67, 'John Cairncross'),
(15, 68, 'Vincent Vega'),
(15, 69, 'Jules Winfield'),
(15, 70, 'Mia Wallace'),
(15, 71, 'Butch Coolidge'),
(15, 72, 'Marsellus Wallace'),
(16, 73, 'Forrest Gump'),
(16, 74, 'Mrs. Gump'),
(16, 75, 'Jenny Curran'),
(16, 76, 'Pvt. Benjamin Buford ''Bubba'' Blue'),
(16, 77, 'Lt. Dan Taylor'),
(17, 78, 'Nick Dunne'),
(17, 79, 'Amy Dunne'),
(17, 80, 'Tanner Bolt'),
(17, 81, 'Desi Collins'),
(17, 82, 'Ellen Abbott'),
(18, 42, 'Jimmy Conway'),
(18, 83, 'Henry Hill'),
(18, 84, 'Tommy DeVito'),
(18, 85, 'Karen Hill'),
(18, 86, 'Paul Cicero'),
(19, 87, 'Luke Skywalker'),
(19, 88, 'Han Solo'),
(19, 89, 'Princess Leia'),
(19, 90, 'Darth Vader'),
(19, 91, 'Lando Calrissian'),
(20, 60, 'M. Gustave'),
(20, 92, 'Zero Moustafa'),
(20, 93, 'Mr. Moustafa'),
(20, 94, 'Serge'),
(20, 95, 'Dmitri'),
(21, 96, 'Jordan Belfort'),
(21, 97, 'Donnie Azoff'),
(21, 98, 'Naomi Lapaglia'),
(21, 99, 'Agent Patrick Denham'),
(21, 100, 'Max Belfort'),
(22, 73, 'Paul Edgecomb'),
(22, 101, 'John Coffey'),
(22, 102, 'Brutus "Brutal" Howell'),
(22, 103, 'Jan Edgecomb'),
(22, 104, 'Warden Hal Moores'),
(23, 105, 'Randle Patrick McMurphy'),
(23, 106, 'Nurse Mildred Ratched'),
(23, 107, 'Martini'),
(23, 108, 'Harding'),
(23, 109, 'Orderly Turkle'),
(24, 110, 'Léon'),
(24, 111, 'Mathilda'),
(24, 112, 'Stansfield'),
(24, 113, 'Tony'),
(24, 114, 'Malky'),
(25, 49, 'Derek Vinyard'),
(25, 115, 'Danny Vinyard'),
(25, 116, 'Doris Vinyard'),
(25, 117, 'Dr. Bob Sweeney'),
(25, 118, 'Davina Vinyard'),
(26, 119, 'Roger ''Verbal'' Kint'),
(26, 120, 'Michael McManus'),
(26, 121, 'Dean Keaton'),
(26, 122, 'Fred Fenster'),
(26, 123, 'Todd Hockney'),
(27, 124, 'Theodore'),
(27, 125, 'Samantha (voice)'),
(27, 126, 'Catherine'),
(27, 127, 'Amy'),
(27, 128, 'Blind Date'),
(28, 129, 'Hazel Grace Lancaster'),
(28, 130, 'Augustus Waters'),
(28, 131, 'Isaac'),
(28, 132, 'Mrs. Lancaster'),
(28, 133, 'Mr. Lancaster'),
(29, 96, 'Dom Cobb'),
(29, 134, 'Arthur'),
(29, 135, 'Ariadne'),
(29, 136, 'Eames'),
(29, 137, 'Saito'),
(30, 138, 'Stephen Hawking'),
(30, 139, 'Jane Hawking'),
(30, 140, 'Brian'),
(30, 141, 'Dennis Sciama'),
(30, 142, 'Beryl Wilde'),
(31, 143, 'Solomon Northup'),
(31, 144, 'Edwin Epps'),
(31, 63, 'William Ford'),
(31, 145, 'John Tibeats'),
(31, 146, 'Theophilus Freeman'),
(32, 147, 'Baymax (voice)'),
(32, 148, 'Hiro Hamada (voice)'),
(32, 149, 'Tadashi Hamada (voice)'),
(32, 150, 'Fred (voice)'),
(32, 151, 'GoGo Tomago (voice)'),
(33, 50, 'Detective David Mills'),
(33, 7, 'Detective Lt. William Somerset'),
(33, 152, 'Tracy Mills'),
(33, 153, 'Dist. Atty. Martin Talbot'),
(33, 154, 'Police Captain'),
(34, 155, 'Mr. White/Larry Dimmick'),
(34, 156, 'Mr. Orange/Freddy Newandyke'),
(34, 157, 'Mr. Blonde/Vic Vega'),
(34, 158, 'Nice Guy Eddie Cabot'),
(34, 159, 'Mr. Pink'),
(35, 11, 'Ron Woodroof'),
(35, 160, 'Dr. Eve Saks'),
(35, 53, 'Rayon'),
(35, 161, 'Dr. Sevard'),
(35, 162, 'Tucker'),
(36, 163, 'Frodo Baggins'),
(36, 164, 'Gandalf the White'),
(36, 165, 'Aragorn'),
(36, 166, 'Arwen Evenstar'),
(36, 167, 'Legolas'),
(37, 105, 'Jack Torrance'),
(37, 168, 'Wendy Torrance'),
(37, 169, 'Danny Torrance'),
(37, 109, 'Dick Hallorann'),
(37, 170, 'Stuart Ullman'),
(38, 171, 'Leonard'),
(38, 172, 'Natalie'),
(38, 173, 'Teddy Gammell'),
(38, 174, 'Burt'),
(38, 175, 'Waiter'),
(39, 176, 'Hiccup (voice)'),
(39, 177, 'Stoick the Vast (voice)'),
(39, 178, 'Ruffnut (voice)'),
(39, 97, 'Snotlout (voice)'),
(39, 179, 'Valka (voice)'),
(40, 87, 'Luke Skywalker'),
(40, 88, 'Han Solo'),
(40, 89, 'Princess Leia Organa'),
(40, 180, 'Grand Moff Tarkin'),
(40, 181, 'Ben (Obi-Wan) Kenobi'),
(41, 182, 'Keller Dover'),
(41, 183, 'Detective Loki'),
(41, 145, 'Alex Jones'),
(41, 184, 'Grace Dover'),
(41, 185, 'Holly Jones'),
(42, 186, 'Tuco'),
(42, 187, 'Blondie'),
(42, 188, 'Sentenza/Angel Eyes'),
(42, 189, 'Alcoholic Union Captain'),
(42, 190, 'Father Pablo Ramirez'),
(43, 191, 'Niki Lauda'),
(43, 192, 'James Hunt'),
(43, 128, 'Suzy Miller'),
(43, 193, 'Marlene Lauda'),
(43, 194, 'Gemma'),
(44, 17, 'Tony Montana'),
(44, 195, 'Manny Ribera'),
(44, 196, 'Elvira Hancock'),
(44, 197, 'Gina Montana'),
(44, 198, 'Frank Lopez'),
(45, 199, 'Clarice Starling'),
(45, 200, 'Hannibal Lecter'),
(45, 201, 'Jack Crawford'),
(45, 202, 'Jame ''Buffalo Bill'' Gumb'),
(45, 203, 'Dr. Frederick Chilton'),
(46, 163, 'Frodo Baggins'),
(46, 164, 'Gandalf the Grey'),
(46, 165, 'Aragorn'),
(46, 166, 'Arwen Evenstar'),
(46, 167, 'Legolas'),
(47, 204, 'Christopher McCandless'),
(47, 205, 'Billie McCandless'),
(47, 206, 'Walt McCandless'),
(47, 207, 'Carine McCandless'),
(47, 208, 'Rainey'),
(48, 209, 'Maj. William "Bill" Cage'),
(48, 210, 'Sgt. Rita Vrataski'),
(48, 211, 'General Brigham'),
(48, 212, 'Msg. Farell'),
(48, 213, 'Skinner'),
(49, 163, 'Frodo Baggins'),
(49, 164, 'Gandalf the White'),
(49, 165, 'Aragorn'),
(49, 166, 'Arwen Evenstar'),
(49, 167, 'Legolas'),
(50, 214, 'Amélie Poulain'),
(50, 215, 'Nino Quincampoix'),
(50, 216, 'Raphaël Poulain'),
(50, 217, 'Lucien'),
(50, 218, 'Suzanne'),
(51, 182, 'Robert Angier'),
(51, 54, 'Alfred Borden'),
(51, 14, 'Cutter'),
(51, 125, 'Olivia Wenscombe'),
(51, 219, 'Alley'),
(52, 220, 'Neo'),
(52, 221, 'Morpheus'),
(52, 172, 'Trinity'),
(52, 222, 'Agent Smith'),
(52, 223, 'Oracle'),
(53, 224, 'Marty McFly'),
(53, 225, 'Dr. Emmett Brown'),
(53, 226, 'Lorraine Baines'),
(53, 227, 'George McFly'),
(53, 228, 'Biff Tannen'),
(54, 229, 'Joel Barish'),
(54, 230, 'Clementine Kruczynski'),
(54, 163, 'Patrick'),
(54, 231, 'Stan'),
(54, 232, 'Mary'),
(55, 87, 'Luke Skywalker'),
(55, 88, 'Han Solo'),
(55, 89, 'Princess Leia'),
(55, 91, 'Lando Calrissian'),
(55, 233, 'C-3PO'),
(56, 50, 'LT. Aldo Raine'),
(56, 234, 'Shosanna'),
(56, 235, 'COL. Hans Landa'),
(56, 236, 'SGT. Donny Donowitz'),
(56, 144, 'LT. Archie Hicox'),
(57, 73, 'Captain Richard Phillips'),
(57, 237, 'Andrea Phillips'),
(57, 238, 'SEAL Commander'),
(57, 239, 'John Cronan'),
(57, 240, 'Captain Frank Castellano'),
(58, 241, 'Rey'),
(58, 242, 'Finn'),
(58, 243, 'Kylo Ren'),
(58, 88, 'Han Solo'),
(58, 89, 'Princess Leia'),
(59, 244, 'Gary ''Eggsy'' Unwin'),
(59, 245, 'Harry Hart / Galahad'),
(59, 69, 'Valentine'),
(59, 14, 'Arthur'),
(59, 246, 'Merlin'),
(60, 96, 'William "Billy" Costigan, Jr.'),
(60, 247, 'Staff Sgt. Colin Sullivan'),
(60, 105, 'Francis "Frank" Costello'),
(60, 248, 'Staff Sgt. Sean Dignam'),
(60, 249, 'Capt. Oliver Charles Queenan'),
(61, 88, 'Rick Deckard'),
(61, 250, 'Roy Batty'),
(61, 251, 'Rachael'),
(61, 252, 'Gaff'),
(62, 253, 'Steve Rogers / Captain America'),
(62, 125, 'Natasha Romanoff / Black Widow'),
(62, 254, 'James Buchanan ''Bucky'' Barnes / The Winter Soldier'),
(62, 69, 'Nick Fury'),
(62, 255, 'Alexander Pierce'),
(63, 256, 'Mary'),
(63, 257, 'Dad'),
(63, 258, 'Tim'),
(63, 259, 'Harry'),
(63, 98, 'Charlotte'),
(64, 260, 'Charlie'),
(64, 261, 'Sam'),
(64, 262, 'Patrick'),
(64, 263, 'Bill'),
(64, 264, 'Candace'),
(65, 258, 'Caleb'),
(65, 265, 'Nathan'),
(65, 266, 'Ava'),
(65, 267, 'Kyoko'),
(65, 268, 'Jay'),
(66, 269, 'Batman / Bruce Wayne (voice)'),
(66, 270, 'Wyldstyle / Lucy (voice)'),
(66, 271, 'Blake / Additional Voices (voice)'),
(66, 272, 'Unikitty (voice)'),
(66, 273, 'Octan Robot / Additional Voices (voice)'),
(67, 274, 'Harry Potter'),
(67, 275, 'Ron Weasley'),
(67, 261, 'Hermione Granger'),
(67, 276, 'Severus Snape'),
(67, 277, 'Minerva McGonagall'),
(68, 278, 'Young Simba'),
(68, 279, 'Adult Simba'),
(68, 280, 'King Mufasa'),
(68, 281, 'Scar'),
(68, 282, 'Adult Nala'),
(69, 73, 'Captain John H. Miller'),
(69, 283, 'Technical Sergeant Michael Horvath'),
(69, 284, 'Lieutenant Colonel Walter Anderson'),
(69, 238, 'Corporal Henderson'),
(69, 285, 'Steamboat Willie'),
(70, 183, 'Louis Bloom'),
(70, 212, 'Joe Loder'),
(70, 286, 'Nina Romina'),
(70, 287, 'Frank Kruse'),
(70, 288, 'Rick'),
(71, 182, 'Logan / Wolverine'),
(71, 289, 'Professor Charles Xavier (Past)'),
(71, 290, 'Professor Charles Xavier (Future)'),
(71, 144, 'Erik Lehnsherr / Magneto (Past)'),
(71, 164, 'Erik Lehnsherr / Magneto (Future)'),
(72, 119, 'Lester Burnham'),
(72, 291, 'Carolyn Burnham'),
(72, 292, 'Jane Burnham'),
(72, 293, 'Ricky Fitts'),
(72, 294, 'Angela Hayes'),
(73, 295, 'Django'),
(73, 235, 'Dr. King Schultz'),
(73, 96, 'Calvin Candie'),
(73, 296, 'Broomhilda von Shaft'),
(73, 69, 'Stephen'),
(74, 297, 'Pvt. Joker'),
(74, 298, 'Animal Mother'),
(74, 299, 'Pvt. Pyle'),
(74, 154, 'Gny. Sgt. Hartman'),
(74, 300, 'Eightball'),
(75, 301, 'Maximus'),
(75, 124, 'Commodus'),
(75, 302, 'Lucilla'),
(75, 303, 'Proximo'),
(75, 304, 'Marcus Aurelius'),
(76, 305, 'Bilbo Baggins'),
(76, 164, 'Gandalf'),
(76, 306, 'Thorin Oakenshield'),
(76, 307, 'Balin'),
(76, 308, 'Dwalin'),
(77, 309, 'Dr. Dave Bowman'),
(77, 310, 'HAL 9000 (voice)'),
(77, 311, 'Dr. Frank Poole'),
(77, 312, 'Dr. Heywood R. Floyd'),
(77, 313, 'Moon-Watcher'),
(78, 247, 'Will Hunting'),
(78, 314, 'Sean Maguire'),
(78, 78, 'Chuckie Sullivan'),
(78, 315, 'Prof. Gerald Lambeau'),
(78, 316, 'Skylar'),
(79, 317, 'Mason'),
(79, 318, 'Mom'),
(79, 319, 'Tommy'),
(79, 320, 'Samantha'),
(79, 321, 'Ted (as Steven Prince)'),
(80, 247, 'Mark Watney'),
(80, 13, 'Melissa Lewis'),
(80, 178, 'Annie Montrose'),
(80, 322, 'Teddy Sanders'),
(80, 323, 'Rick Martinez'),
(81, 324, 'Sheriff Ed Tom Bell'),
(81, 325, 'Anton Chigurh'),
(81, 326, 'Llewelyn Moss'),
(81, 327, 'Carson Wells'),
(81, 328, 'Carla Jean Moss'),
(82, 329, 'Alexander de Large'),
(82, 330, 'Mr. Alexander'),
(82, 331, 'Mrs. Alexander'),
(82, 332, 'Chief Guard'),
(82, 333, 'Dim'),
(83, 187, 'Walt Kowalski'),
(83, 334, 'Father Janovich'),
(83, 335, 'Tao Vang Lor'),
(83, 336, 'Sue Lor'),
(83, 337, 'Mitch Kowalski'),
(84, 338, 'WALL·E / M-O (voice)'),
(84, 339, 'EVE (voice)'),
(84, 340, 'Captain (voice)'),
(84, 341, 'Shelby Forthright, BnL CEO'),
(84, 342, 'John (voice)'),
(85, 343, 'Anna (voice)'),
(85, 344, 'Elsa (voice)'),
(85, 345, 'Kristoff (voice)'),
(85, 346, 'Olaf (voice)'),
(85, 347, 'Hans (voice)'),
(86, 96, 'Frank Abagnale Jr.'),
(86, 73, 'Carl Hanratty'),
(86, 348, 'Frank Abagnale, Sr.'),
(86, 249, 'Roger Strong'),
(86, 127, 'Brenda Strong'),
(87, 349, 'The Dude'),
(87, 350, 'Walter Sobchak'),
(87, 159, 'Theodore Donald Kerabatsos'),
(87, 351, 'Maude Lebowski'),
(87, 352, 'Jeffrey Lebowski - The Big Lebowski'),
(88, 353, 'Lieutenant Ellen Ripley'),
(88, 354, 'Rebecca "Newt" Jorden'),
(88, 355, 'Corporal Dwayne Hicks'),
(88, 356, 'L. Bishop'),
(88, 357, 'Carter J. Burke'),
(89, 358, 'Turkish'),
(89, 50, 'Mickey O''Neil'),
(89, 359, 'Tommy'),
(89, 360, 'Bullet Tooth Tony'),
(89, 361, 'Brick Top Polford'),
(90, 362, 'Carl Fredricksen (voice)'),
(90, 363, 'Charles Muntz (voice)'),
(90, 364, 'Russell (voice)'),
(90, 365, 'Dug / Alpha (voice)'),
(90, 366, 'Beta (voice)'),
(91, 96, 'Teddy Daniels'),
(91, 231, 'Chuck Aule'),
(91, 59, 'Dr. John Cawley'),
(91, 367, 'Rachel Solando'),
(91, 368, 'Dolores Chanal'),
(92, 48, 'Chris Kyle'),
(92, 369, 'Goat - Winston'),
(92, 370, 'Young Chris Kyle'),
(92, 371, 'Wayne Kyle'),
(92, 372, 'Debbie Kyle'),
(93, 111, 'Evey Hammond'),
(93, 222, 'V / William Rookwood'),
(93, 373, 'Chief Inspector Eric Finch'),
(93, 374, 'Gordon Deitrich'),
(93, 375, 'Chancellor Adam Sutler'),
(94, 353, 'Ripley'),
(94, 376, 'Dallas'),
(94, 377, 'Lambert'),
(94, 378, 'Brett'),
(94, 375, 'Kane'),
(95, 379, 'Dr. Ryan Stone'),
(95, 380, 'Matt Kowalski'),
(95, 381, 'Mission Control (voice)'),
(95, 382, 'Aningaaq (voice)'),
(95, 383, 'Shariff (voice)'),
(96, 73, 'Woody (voice)'),
(96, 384, 'Buzz Lightyear (voice)'),
(96, 385, 'Mr. Potato Head (voice)'),
(96, 386, 'Slinky Dog (voice)'),
(96, 387, 'Rex (voice)'),
(97, 73, 'Woody (voice)'),
(97, 384, 'Buzz Lightyear (voice)'),
(97, 388, 'Lotso (voice)'),
(97, 389, 'Jessie the Yodeling Cowgirl (voice)'),
(97, 390, 'Ken (voice)'),
(98, 391, 'Katniss Everdeen'),
(98, 392, 'Peeta Mellark'),
(98, 393, 'Gale Hawthorne'),
(98, 327, 'Haymitch Abernathy'),
(98, 270, 'Effie Trinket'),
(99, 54, 'Bruce Wayne / Batman'),
(99, 14, 'Alfred'),
(99, 112, 'Commissioner Gordon'),
(99, 12, 'Selina Kyle'),
(99, 136, 'Bane'),
(100, 394, 'Tony Stark / Iron Man'),
(100, 253, 'Steve Rogers / Captain America'),
(100, 192, 'Thor'),
(100, 231, 'Bruce Banner / The Hulk'),
(100, 125, 'Natasha Romanoff / Black Widow');

INSERT INTO Topic(Topic_ID, Name) VALUES
(1, 'Action'),
(2, 'Adventure'),
(3, 'Animation'),
(4, 'Comedy'),
(5, 'Crime'),
(6, 'Documentary'),
(7, 'Drama'),
(8, 'Family'),
(9, 'Fantasy'),
(10, 'Foreign'),
(11, 'History'),
(12, 'Horror'),
(13, 'Music'),
(14, 'Mystery'),
(15, 'Romance'),
(16, 'Science Fiction'),
(17, 'TV Movie'),
(18, 'Thriller'),
(19, 'War'),
(20, 'Western');

INSERT INTO MovieTopic(Movie_ID, Topic_ID) VALUES
(1, 7),
(1, 13),
(2, 7),
(2, 5),
(3, 2),
(3, 7),
(3, 16),
(4, 7),
(4, 5),
(5, 7),
(5, 4),
(6, 9),
(6, 2),
(6, 3),
(6, 8),
(7, 4),
(7, 7),
(8, 4),
(8, 3),
(8, 8),
(9, 7),
(9, 5),
(10, 16),
(10, 9),
(10, 2),
(11, 7),
(12, 7),
(12, 1),
(12, 5),
(12, 18),
(13, 7),
(13, 11),
(13, 19),
(14, 11),
(14, 7),
(14, 18),
(14, 19),
(15, 18),
(15, 5),
(16, 4),
(16, 7),
(16, 15),
(17, 14),
(17, 18),
(17, 7),
(18, 7),
(18, 5),
(19, 2),
(19, 1),
(19, 16),
(20, 4),
(20, 7),
(21, 5),
(21, 7),
(21, 4),
(22, 9),
(22, 7),
(22, 5),
(23, 7),
(24, 18),
(24, 5),
(24, 7),
(25, 7),
(26, 7),
(26, 5),
(26, 18),
(27, 15),
(27, 16),
(27, 7),
(28, 15),
(28, 7),
(29, 1),
(29, 18),
(29, 16),
(29, 14),
(29, 2),
(30, 7),
(30, 15),
(31, 7),
(31, 11),
(32, 2),
(32, 8),
(32, 3),
(32, 1),
(32, 4),
(33, 5),
(33, 14),
(33, 18),
(34, 5),
(34, 18),
(35, 7),
(35, 11),
(36, 2),
(36, 9),
(36, 1),
(37, 12),
(37, 18),
(38, 14),
(38, 18),
(39, 9),
(39, 1),
(39, 2),
(39, 3),
(39, 4),
(39, 8),
(40, 2),
(40, 1),
(40, 16),
(41, 7),
(41, 18),
(41, 5),
(42, 20),
(43, 7),
(43, 1),
(44, 1),
(44, 5),
(44, 7),
(44, 18),
(45, 5),
(45, 7),
(45, 18),
(46, 2),
(46, 9),
(46, 1),
(47, 2),
(47, 7),
(48, 1),
(48, 16),
(49, 2),
(49, 9),
(49, 1),
(50, 4),
(50, 15),
(51, 7),
(51, 14),
(51, 18),
(52, 2),
(52, 1),
(52, 18),
(52, 16),
(53, 2),
(53, 4),
(53, 16),
(53, 8),
(54, 16),
(54, 7),
(54, 15),
(55, 2),
(55, 1),
(55, 16),
(56, 7),
(56, 1),
(56, 18),
(56, 19),
(57, 1),
(57, 7),
(57, 18),
(58, 1),
(58, 2),
(58, 16),
(58, 9),
(59, 5),
(59, 4),
(59, 1),
(59, 2),
(60, 7),
(60, 18),
(60, 5),
(61, 16),
(61, 7),
(61, 18),
(62, 1),
(62, 2),
(62, 16),
(63, 4),
(63, 7),
(63, 16),
(64, 7),
(64, 15),
(65, 7),
(65, 16),
(66, 2),
(66, 9),
(66, 3),
(66, 4),
(66, 1),
(66, 8),
(67, 2),
(67, 9),
(67, 8),
(68, 3),
(68, 8),
(68, 7),
(69, 7),
(69, 11),
(69, 19),
(70, 5),
(70, 7),
(70, 18),
(71, 1),
(71, 2),
(71, 9),
(71, 16),
(72, 7),
(73, 7),
(73, 20),
(74, 7),
(74, 19),
(75, 1),
(75, 7),
(75, 2),
(76, 2),
(76, 9),
(77, 16),
(77, 14),
(77, 2),
(78, 7),
(79, 7),
(80, 7),
(80, 2),
(80, 16),
(81, 5),
(81, 7),
(81, 18),
(82, 7),
(82, 16),
(83, 7),
(84, 3),
(84, 8),
(85, 3),
(85, 2),
(85, 8),
(86, 7),
(86, 5),
(87, 4),
(87, 5),
(88, 12),
(88, 1),
(88, 18),
(88, 16),
(89, 18),
(89, 5),
(90, 3),
(90, 4),
(90, 8),
(90, 2),
(91, 7),
(91, 18),
(91, 14),
(92, 19),
(92, 1),
(93, 1),
(93, 18),
(93, 9),
(94, 12),
(94, 1),
(94, 18),
(94, 16),
(95, 16),
(95, 18),
(95, 7),
(96, 3),
(96, 4),
(96, 8),
(97, 3),
(97, 8),
(97, 4),
(98, 16),
(98, 18),
(98, 1),
(98, 2),
(99, 1),
(99, 5),
(99, 7),
(99, 18),
(100, 1),
(100, 2),
(100, 16);

INSERT INTO Studio(Studio_ID, Name) VALUES
(1, 'Bold Films'),
(2, 'Blumhouse Productions'),
(3, 'Right of Way Films'),
(4, 'Castle Rock Entertainment'),
(5, 'Paramount Pictures'),
(6, 'Legendary Pictures'),
(7, 'Warner Bros.'),
(8, 'Syncopy'),
(9, 'Lynda Obst Productions'),
(10, 'Alfran Productions'),
(11, 'Gaumont'),
(12, 'Canal Plus'),
(13, 'TF1 Films Production'),
(14, 'CinéCinéma'),
(15, 'Quad Productions'),
(16, 'Chaocorp'),
(17, 'Ten Films'),
(18, 'TF1'),
(19, 'Studio Ghibli'),
(20, 'Melampo Cinematografica'),
(21, 'Cecchi Gori Group Tiger Cinematografica'),
(22, 'Walt Disney Pictures'),
(23, 'Pixar Animation Studios'),
(24, 'The Coppola Company'),
(25, 'Marvel Studios'),
(26, 'Marvel Enterprises'),
(27, 'Moving Picture Company (MPC)'),
(28, 'Regency Enterprises'),
(29, 'Fox 2000 Pictures'),
(30, 'Taurus Film'),
(31, 'Linson Films'),
(32, 'Atman Entertainment'),
(33, 'Knickerbocker Films'),
(34, 'DC Comics'),
(35, 'Universal Pictures'),
(36, 'Amblin Entertainment'),
(37, 'Black Bear Pictures'),
(38, 'Bristol Automotive'),
(39, 'Miramax Films'),
(40, 'A Band Apart'),
(41, 'Jersey Films'),
(42, 'Twentieth Century Fox Film Corporation'),
(43, 'New Regency Pictures'),
(44, 'Pacific Standard'),
(45, 'TSG Entertainment'),
(46, 'Artemple - Hollywood'),
(47, 'Lucasfilm'),
(48, 'Fox Searchlight Pictures'),
(49, 'Scott Rudin Productions'),
(50, 'Studio Babelsberg'),
(51, 'Indian Paintbrush'),
(52, 'American Empirical Pictures'),
(53, 'Appian Way'),
(54, 'EMJAG Productions'),
(55, 'Red Granite Pictures'),
(56, 'Sikelia Productions'),
(57, 'Darkwoods Productions'),
(58, 'Fantasy Films'),
(59, 'New Line Cinema'),
(60, 'The Turman-Morrissey Company'),
(61, 'Savoy Pictures'),
(62, 'PolyGram Filmed Entertainment'),
(63, 'Annapurna Pictures'),
(64, 'Temple Hill Entertainment'),
(65, 'Working Title Films'),
(66, 'Plan B Entertainment'),
(67, 'River Road Entertainment'),
(68, 'Film4'),
(69, 'Walt Disney Animation Studios'),
(70, 'Juno Pix'),
(71, 'Cecchi Gori Pictures'),
(72, 'Live Entertainment'),
(73, 'Dog Eat Dog Productions Inc.'),
(74, 'Universal Studios'),
(75, 'Voltage Pictures'),
(76, 'Truth Entertainment'),
(77, 'WingNut Films'),
(78, 'Hawk Films'),
(79, 'Producers Circle'),
(80, 'Peregrine'),
(81, 'Summit Entertainment'),
(82, 'Newmarket Capital Group'),
(83, 'Team Todd'),
(84, 'I Remember Productions'),
(85, 'DreamWorks Animation'),
(86, 'Mad Hatter Entertainment'),
(87, 'Alcon Entertainment'),
(88, 'Madhouse Entertainment'),
(89, '8:38 Productions'),
(90, 'United Artists'),
(91, 'Constantin Film Produktion'),
(92, 'Produzioni Europee Associati (PEA)'),
(93, 'Arturo González Producciones Cinematográficas S.A.'),
(94, 'Revolution Films'),
(95, 'Cross Creek Pictures'),
(96, 'Exclusive Media Group'),
(97, 'Double Negative'),
(98, 'Orion Pictures'),
(99, 'Strong Heart/Demme Production'),
(100, 'The Saul Zaentz Company'),
(101, 'Paramount Vantage'),
(102, 'Art Linson Productions'),
(103, 'Into the Wild'),
(104, 'Village Roadshow Pictures'),
(105, 'Viz Media'),
(106, 'Province of British Columbia Production Services Tax Credit'),
(107, '3 Arts Entertainment'),
(108, 'RatPac-Dune Entertainment'),
(109, 'Claudie Ossard Productions'),
(110, 'MMC Independent'),
(111, 'Tapioca Films'),
(112, 'France 3 Cinema'),
(113, 'Sofica Sofinergie 5'),
(114, 'Victoires Productions'),
(115, 'Filmstiftung Nordrhein-Westfalen'),
(116, 'Union Générale Cinématographique (UGC)'),
(117, 'Newmarket Productions'),
(118, 'Touchstone Pictures'),
(119, 'Groucho II Film Partnership'),
(120, 'Silver Pictures'),
(121, 'U-Drive Productions'),
(122, 'Anonymous Content'),
(123, 'This Is That Productions'),
(124, 'Focus Features'),
(125, 'Zehnte Babelsberg'),
(126, 'Visiona Romantica'),
(127, 'Michael De Luca Productions'),
(128, 'Trigger Street Productions'),
(129, 'Truenorth Productions'),
(130, 'Bad Robot'),
(131, 'Marv Films'),
(132, '20th Century Fox Film Corporation'),
(133, 'Vertigo Entertainment'),
(134, 'Media Asia Films'),
(135, 'Initial Entertainment Group (IEG)'),
(136, 'Plan B Entertainment'),
(137, 'Shaw Brothers'),
(138, 'The Ladd Company'),
(139, 'Translux'),
(140, 'Mr. Mudd Production'),
(141, 'DNA Films'),
(142, 'A24'),
(143, 'Lin Pictures'),
(144, 'Warner Bros. Animation'),
(145, 'LEGO'),
(146, 'Animal Logic'),
(147, 'Warner Animation Group'),
(148, 'Heyday Films'),
(149, 'Walt Disney Feature Animation'),
(150, 'DreamWorks SKG'),
(151, 'Mutual Film Company'),
(152, 'Mark Gordon Productions'),
(153, 'Open Road Films'),
(154, 'Donners'' Company'),
(155, 'Marvel Entertainment'),
(156, 'Bad Hat Harry Productions'),
(157, 'Down Productions'),
(158, 'Jinks/Cohen Company'),
(159, 'Columbia Pictures'),
(160, 'The Weinstein Company'),
(161, 'Stanley Kubrick Productions'),
(162, 'Natant'),
(163, 'Scott Free Productions'),
(164, 'Red Wagon Entertainment'),
(165, 'Mill Film'),
(166, 'C & L'),
(167, 'Dawliz'),
(168, 'Metro-Goldwyn-Mayer (MGM)'),
(169, 'Lawrence Bender Productions'),
(170, 'Be Gentlemen Limited Partnership'),
(171, 'IFC Productions'),
(172, 'Mid Atlantic Films'),
(173, 'International Traders'),
(174, 'Genre Films'),
(175, 'Mike Zoss Productions'),
(176, 'Malpaso Productions'),
(177, 'Gerber Pictures'),
(178, 'Double Nickel Entertainment'),
(179, 'Matten Productions'),
(180, 'WV Films IV'),
(181, 'Kemp Company'),
(182, 'Splendid Pictures'),
(183, 'SLM Production Group'),
(184, 'Brandywine Productions'),
(185, 'Columbia Pictures Corporation'),
(186, 'SKA Films'),
(187, 'Phoenix Pictures'),
(188, 'Mad Chance Productions'),
(189, '22 & Indiana Pictures'),
(190, 'Virtual Studios'),
(191, 'Anarchos Productions'),
(192, 'Medienboard Berlin-Brandenburg'),
(193, 'Fünfte Babelsberg Film'),
(194, 'Twentieth Century-Fox Productions'),
(195, 'Esperanto Filmoj'),
(196, 'Lionsgate'),
(197, 'Color Force'),
(198, 'DC Entertainment');

INSERT INTO MovieStudio(Movie_ID, Studio_ID) VALUES
(1, 1),
(1, 2),
(1, 3),
(2, 4),
(3, 5),
(3, 6),
(3, 7),
(3, 8),
(3, 9),
(4, 5),
(4, 10),
(5, 11),
(5, 12),
(5, 13),
(5, 14),
(5, 15),
(5, 16),
(5, 17),
(5, 18),
(6, 19),
(7, 20),
(7, 21),
(8, 22),
(8, 23),
(9, 5),
(9, 24),
(10, 25),
(10, 26),
(10, 27),
(11, 28),
(11, 29),
(11, 30),
(11, 31),
(11, 32),
(11, 33),
(12, 34),
(12, 6),
(12, 7),
(12, 8),
(13, 35),
(13, 36),
(14, 37),
(14, 38),
(15, 39),
(15, 40),
(15, 41),
(16, 5),
(17, 42),
(17, 28),
(17, 43),
(17, 44),
(17, 45),
(17, 46),
(18, 7),
(19, 47),
(19, 42),
(20, 48),
(20, 49),
(20, 50),
(20, 51),
(20, 45),
(20, 52),
(21, 5),
(21, 53),
(21, 54),
(21, 55),
(21, 56),
(22, 4),
(22, 57),
(22, 7),
(23, 58),
(23, 7),
(24, 11),
(25, 59),
(25, 60),
(25, 61),
(26, 62),
(27, 63),
(28, 29),
(28, 64),
(28, 45),
(29, 6),
(29, 7),
(29, 8),
(30, 65),
(31, 66),
(31, 28),
(31, 67),
(31, 68),
(31, 43),
(32, 22),
(32, 69),
(33, 59),
(33, 70),
(33, 71),
(34, 72),
(34, 73),
(35, 74),
(35, 35),
(35, 75),
(35, 76),
(36, 77),
(36, 59),
(37, 78),
(37, 79),
(37, 7),
(37, 80),
(38, 81),
(38, 82),
(38, 83),
(38, 84),
(39, 85),
(39, 86),
(40, 47),
(40, 42),
(41, 87),
(41, 88),
(41, 89),
(42, 90),
(42, 91),
(42, 92),
(42, 93),
(43, 94),
(43, 65),
(43, 95),
(43, 96),
(43, 97),
(44, 35),
(45, 98),
(45, 99),
(46, 77),
(46, 59),
(46, 100),
(47, 101),
(47, 67),
(47, 102),
(47, 103),
(48, 104),
(48, 7),
(48, 105),
(48, 106),
(48, 107),
(48, 108),
(49, 77),
(49, 59),
(49, 100),
(50, 12),
(50, 109),
(50, 110),
(50, 111),
(50, 112),
(50, 113),
(50, 114),
(50, 115),
(50, 116),
(51, 117),
(51, 7),
(51, 118),
(51, 8),
(52, 104),
(52, 119),
(52, 120),
(52, 7),
(53, 35),
(53, 36),
(53, 121),
(54, 122),
(54, 123),
(54, 124),
(55, 47),
(55, 42),
(56, 35),
(56, 40),
(56, 125),
(56, 126),
(57, 49),
(57, 127),
(57, 128),
(58, 47),
(58, 129),
(58, 130),
(59, 131),
(59, 45),
(59, 132),
(60, 133),
(60, 134),
(60, 7),
(60, 135),
(60, 136),
(61, 137),
(61, 7),
(61, 138),
(62, 25),
(63, 65),
(63, 139),
(64, 81),
(64, 140),
(65, 141),
(65, 68),
(65, 142),
(66, 104),
(66, 34),
(66, 133),
(66, 143),
(66, 144),
(66, 145),
(66, 7),
(66, 146),
(66, 147),
(66, 108),
(67, 7),
(67, 148),
(67, 27),
(68, 22),
(68, 149),
(69, 5),
(69, 150),
(69, 36),
(69, 151),
(69, 152),
(70, 1),
(70, 153),
(71, 42),
(71, 154),
(71, 155),
(71, 156),
(71, 45),
(71, 157),
(72, 150),
(72, 158),
(73, 159),
(73, 160),
(74, 161),
(74, 7),
(74, 162),
(75, 150),
(75, 35),
(75, 163),
(75, 164),
(75, 165),
(75, 166),
(75, 167),
(76, 77),
(76, 59),
(76, 168),
(77, 161),
(77, 168),
(78, 39),
(78, 169),
(78, 170),
(79, 171),
(80, 42),
(80, 163),
(80, 172),
(80, 173),
(80, 45),
(80, 174),
(81, 39),
(81, 49),
(81, 101),
(81, 175),
(82, 78),
(82, 7),
(83, 104),
(83, 176),
(83, 177),
(83, 7),
(83, 178),
(83, 179),
(83, 180),
(84, 22),
(84, 23),
(85, 22),
(85, 69),
(86, 150),
(86, 181),
(86, 182),
(87, 62),
(87, 65),
(88, 42),
(88, 183),
(88, 184),
(89, 185),
(89, 186),
(90, 22),
(90, 23),
(91, 5),
(91, 53),
(91, 187),
(91, 56),
(92, 104),
(92, 176),
(92, 7),
(92, 108),
(92, 188),
(92, 189),
(93, 50),
(93, 34),
(93, 190),
(93, 191),
(93, 120),
(93, 7),
(93, 192),
(93, 193),
(94, 194),
(94, 184),
(95, 7),
(95, 148),
(95, 195),
(96, 22),
(96, 23),
(97, 22),
(97, 23),
(98, 196),
(98, 197),
(99, 6),
(99, 7),
(99, 198),
(99, 8),
(100, 25);

INSERT INTO Profile(Profile_ID, First_Name, Last_Name) VALUES
(1, 'Dummy', 'user'),
(2, 'Dummy', 'user'),
(3, 'Dummy', 'user'),
(4, 'Dummy', 'user'),
(5, 'Dummy', 'user'),
(6, 'Dummy', 'user'),
(7, 'Dummy', 'user'),
(8, 'Dummy', 'user'),
(9, 'Dummy', 'user'),
(10, 'Dummy', 'user'),
(11, 'Dummy', 'user'),
(12, 'Dummy', 'user'),
(13, 'Dummy', 'user'),
(14, 'Dummy', 'user'),
(15, 'Dummy', 'user'),
(16, 'Dummy', 'user'),
(17, 'Dummy', 'user'),
(18, 'Dummy', 'user'),
(19, 'Dummy', 'user'),
(20, 'Dummy', 'user'),
(21, 'Dummy', 'user'),
(22, 'Dummy', 'user'),
(23, 'Dummy', 'user'),
(24, 'Dummy', 'user'),
(25, 'Dummy', 'user'),
(26, 'Dummy', 'user'),
(27, 'Dummy', 'user'),
(28, 'Dummy', 'user'),
(29, 'Dummy', 'user'),
(30, 'Dummy', 'user'),
(31, 'Dummy', 'user'),
(32, 'Dummy', 'user'),
(33, 'Dummy', 'user'),
(34, 'Dummy', 'user'),
(35, 'Dummy', 'user'),
(36, 'Dummy', 'user'),
(37, 'Dummy', 'user'),
(38, 'Dummy', 'user'),
(39, 'Dummy', 'user'),
(40, 'Dummy', 'user'),
(41, 'Dummy', 'user'),
(42, 'Dummy', 'user'),
(43, 'Dummy', 'user'),
(44, 'Dummy', 'user'),
(45, 'Dummy', 'user'),
(46, 'Dummy', 'user'),
(47, 'Dummy', 'user'),
(48, 'Dummy', 'user'),
(49, 'Dummy', 'user'),
(50, 'Dummy', 'user'),
(51, 'Dummy', 'user'),
(52, 'Dummy', 'user'),
(53, 'Dummy', 'user'),
(54, 'Dummy', 'user'),
(55, 'Dummy', 'user'),
(56, 'Dummy', 'user'),
(57, 'Dummy', 'user'),
(58, 'Dummy', 'user'),
(59, 'Dummy', 'user'),
(60, 'Dummy', 'user'),
(61, 'Dummy', 'user'),
(62, 'Dummy', 'user'),
(63, 'Dummy', 'user'),
(64, 'Dummy', 'user'),
(65, 'Dummy', 'user'),
(66, 'Dummy', 'user'),
(67, 'Dummy', 'user'),
(68, 'Dummy', 'user'),
(69, 'Dummy', 'user'),
(70, 'Dummy', 'user'),
(71, 'Dummy', 'user'),
(72, 'Dummy', 'user'),
(73, 'Dummy', 'user'),
(74, 'Dummy', 'user'),
(75, 'Dummy', 'user'),
(76, 'Dummy', 'user'),
(77, 'Dummy', 'user'),
(78, 'Dummy', 'user'),
(79, 'Dummy', 'user'),
(80, 'Dummy', 'user'),
(81, 'Dummy', 'user'),
(82, 'Dummy', 'user'),
(83, 'Dummy', 'user'),
(84, 'Dummy', 'user'),
(85, 'Dummy', 'user'),
(86, 'Dummy', 'user'),
(87, 'Dummy', 'user'),
(88, 'Dummy', 'user'),
(89, 'Dummy', 'user'),
(90, 'Dummy', 'user'),
(91, 'Dummy', 'user'),
(92, 'Dummy', 'user'),
(93, 'Dummy', 'user'),
(94, 'Dummy', 'user'),
(95, 'Dummy', 'user'),
(96, 'Dummy', 'user'),
(97, 'Dummy', 'user'),
(98, 'Dummy', 'user'),
(99, 'Dummy', 'user'),
(100, 'Dummy', 'user');

INSERT INTO ProfileMovie(Profile_ID, Movie_ID, Rating) VALUES
(1, 1, 4),
(2, 1, 4),
(3, 1, 9),
(4, 1, 7),
(5, 1, 10),
(6, 1, 9),
(7, 1, 8),
(8, 1, 7),
(9, 1, 9),
(10, 1, 3),
(11, 1, 6),
(12, 1, 1),
(13, 1, 4),
(14, 1, 5),
(15, 1, 1),
(16, 1, 7),
(17, 1, 9),
(18, 1, 9),
(19, 1, 5),
(20, 1, 10),
(21, 1, 6),
(22, 1, 8),
(23, 1, 3),
(24, 1, 4),
(25, 1, 2),
(26, 1, 9),
(27, 1, 7),
(28, 1, 9),
(29, 1, 10),
(30, 1, 1),
(31, 1, 10),
(32, 1, 7),
(33, 1, 1),
(34, 1, 3),
(35, 1, 6),
(36, 1, 3),
(37, 1, 6),
(38, 1, 8),
(39, 1, 9),
(40, 1, 3),
(41, 1, 3),
(42, 1, 8),
(43, 1, 7),
(44, 1, 5),
(45, 1, 10),
(46, 1, 9),
(47, 1, 7),
(48, 1, 4),
(49, 1, 8),
(50, 1, 2),
(51, 1, 2),
(52, 1, 5),
(53, 1, 4),
(54, 1, 6),
(55, 1, 2),
(56, 1, 9),
(57, 1, 5),
(58, 1, 9),
(59, 1, 8),
(60, 1, 9),
(61, 1, 6),
(62, 1, 6),
(63, 1, 6),
(64, 1, 9),
(65, 1, 4),
(66, 1, 8),
(67, 1, 5),
(68, 1, 5),
(69, 1, 4),
(70, 1, 8),
(71, 1, 8),
(72, 1, 8),
(73, 1, 8),
(74, 1, 4),
(75, 1, 3),
(76, 1, 9),
(77, 1, 3),
(78, 1, 6),
(79, 1, 6),
(80, 1, 10),
(81, 1, 3),
(82, 1, 8),
(83, 1, 2),
(84, 1, 10),
(85, 1, 9),
(86, 1, 3),
(87, 1, 1),
(88, 1, 8),
(89, 1, 4),
(90, 1, 3),
(91, 1, 1),
(92, 1, 5),
(93, 1, 2),
(94, 1, 1),
(95, 1, 3),
(96, 1, 3),
(97, 1, 7),
(98, 1, 1),
(99, 1, 9),
(100, 1, 2),
(1, 2, 4),
(2, 2, 10),
(3, 2, 4),
(4, 2, 2),
(5, 2, 2),
(6, 2, 3),
(7, 2, 2),
(8, 2, 5),
(9, 2, 8),
(10, 2, 4),
(11, 2, 2),
(12, 2, 1),
(13, 2, 4),
(14, 2, 9),
(15, 2, 4),
(16, 2, 5),
(17, 2, 5),
(18, 2, 9),
(19, 2, 8),
(20, 2, 7),
(21, 2, 6),
(22, 2, 1),
(23, 2, 9),
(24, 2, 3),
(25, 2, 10),
(26, 2, 3),
(27, 2, 3),
(28, 2, 8),
(29, 2, 2),
(30, 2, 9),
(31, 2, 7),
(32, 2, 8),
(33, 2, 10),
(34, 2, 5),
(35, 2, 5),
(36, 2, 1),
(37, 2, 10),
(38, 2, 1),
(39, 2, 4),
(40, 2, 7),
(41, 2, 8),
(42, 2, 4),
(43, 2, 8),
(44, 2, 5),
(45, 2, 10),
(46, 2, 4),
(47, 2, 6),
(48, 2, 7),
(49, 2, 8),
(50, 2, 3),
(51, 2, 7),
(52, 2, 7),
(53, 2, 5),
(54, 2, 8),
(55, 2, 8),
(56, 2, 1),
(57, 2, 1),
(58, 2, 3),
(59, 2, 9),
(60, 2, 1),
(61, 2, 9),
(62, 2, 5),
(63, 2, 3),
(64, 2, 9),
(65, 2, 8),
(66, 2, 1),
(67, 2, 10),
(68, 2, 10),
(69, 2, 9),
(70, 2, 5),
(71, 2, 8),
(72, 2, 10),
(73, 2, 4),
(74, 2, 4),
(75, 2, 6),
(76, 2, 9),
(77, 2, 3),
(78, 2, 7),
(79, 2, 2),
(80, 2, 8),
(81, 2, 7),
(82, 2, 10),
(83, 2, 8),
(84, 2, 2),
(85, 2, 8),
(86, 2, 10),
(87, 2, 5),
(88, 2, 4),
(89, 2, 6),
(90, 2, 9),
(91, 2, 7),
(92, 2, 6),
(93, 2, 8),
(94, 2, 1),
(95, 2, 5),
(96, 2, 2),
(97, 2, 10),
(98, 2, 1),
(99, 2, 4),
(100, 2, 10),
(1, 3, 2),
(2, 3, 5),
(3, 3, 8),
(4, 3, 1),
(5, 3, 8),
(6, 3, 1),
(7, 3, 8),
(8, 3, 9),
(9, 3, 6),
(10, 3, 8),
(11, 3, 10),
(12, 3, 10),
(13, 3, 3),
(14, 3, 7),
(15, 3, 8),
(16, 3, 6),
(17, 3, 1),
(18, 3, 3),
(19, 3, 6),
(20, 3, 1),
(21, 3, 10),
(22, 3, 4),
(23, 3, 6),
(24, 3, 1),
(25, 3, 3),
(26, 3, 3),
(27, 3, 9),
(28, 3, 3),
(29, 3, 2),
(30, 3, 3),
(31, 3, 8),
(32, 3, 3),
(33, 3, 7),
(34, 3, 10),
(35, 3, 4),
(36, 3, 5),
(37, 3, 1),
(38, 3, 7),
(39, 3, 8),
(40, 3, 6),
(41, 3, 2),
(42, 3, 8),
(43, 3, 2),
(44, 3, 2),
(45, 3, 7),
(46, 3, 2),
(47, 3, 5),
(48, 3, 9),
(49, 3, 6),
(50, 3, 1),
(51, 3, 2),
(52, 3, 6),
(53, 3, 8),
(54, 3, 8),
(55, 3, 9),
(56, 3, 6),
(57, 3, 5),
(58, 3, 6),
(59, 3, 10),
(60, 3, 1),
(61, 3, 3),
(62, 3, 10),
(63, 3, 6),
(64, 3, 4),
(65, 3, 4),
(66, 3, 7),
(67, 3, 6),
(68, 3, 6),
(69, 3, 9),
(70, 3, 3),
(71, 3, 2),
(72, 3, 5),
(73, 3, 5),
(74, 3, 1),
(75, 3, 4),
(76, 3, 4),
(77, 3, 4),
(78, 3, 10),
(79, 3, 9),
(80, 3, 7),
(81, 3, 1),
(82, 3, 10),
(83, 3, 7),
(84, 3, 9),
(85, 3, 6),
(86, 3, 10),
(87, 3, 4),
(88, 3, 10),
(89, 3, 1),
(90, 3, 9),
(91, 3, 1),
(92, 3, 5),
(93, 3, 1),
(94, 3, 2),
(95, 3, 8),
(96, 3, 5),
(97, 3, 2),
(98, 3, 2),
(99, 3, 6),
(100, 3, 3),
(1, 4, 9),
(2, 4, 10),
(3, 4, 8),
(4, 4, 9),
(5, 4, 7),
(6, 4, 3),
(7, 4, 1),
(8, 4, 4),
(9, 4, 9),
(10, 4, 5),
(11, 4, 7),
(12, 4, 5),
(13, 4, 8),
(14, 4, 2),
(15, 4, 4),
(16, 4, 8),
(17, 4, 5),
(18, 4, 5),
(19, 4, 7),
(20, 4, 6),
(21, 4, 2),
(22, 4, 3),
(23, 4, 1),
(24, 4, 2),
(25, 4, 6),
(26, 4, 5),
(27, 4, 5),
(28, 4, 8),
(29, 4, 6),
(30, 4, 6),
(31, 4, 5),
(32, 4, 10),
(33, 4, 5),
(34, 4, 7),
(35, 4, 5),
(36, 4, 10),
(37, 4, 4),
(38, 4, 4),
(39, 4, 1),
(40, 4, 2),
(41, 4, 3),
(42, 4, 8),
(43, 4, 4),
(44, 4, 3),
(45, 4, 1),
(46, 4, 10),
(47, 4, 10),
(48, 4, 2),
(49, 4, 10),
(50, 4, 1),
(51, 4, 8),
(52, 4, 2),
(53, 4, 8),
(54, 4, 7),
(55, 4, 6),
(56, 4, 1),
(57, 4, 8),
(58, 4, 5),
(59, 4, 3),
(60, 4, 9),
(61, 4, 5),
(62, 4, 7),
(63, 4, 7),
(64, 4, 5),
(65, 4, 6),
(66, 4, 7),
(67, 4, 1),
(68, 4, 10),
(69, 4, 3),
(70, 4, 6),
(71, 4, 3),
(72, 4, 9),
(73, 4, 5),
(74, 4, 1),
(75, 4, 8),
(76, 4, 3),
(77, 4, 6),
(78, 4, 5),
(79, 4, 5),
(80, 4, 5),
(81, 4, 2),
(82, 4, 2),
(83, 4, 8),
(84, 4, 8),
(85, 4, 6),
(86, 4, 9),
(87, 4, 3),
(88, 4, 1),
(89, 4, 5),
(90, 4, 3),
(91, 4, 4),
(92, 4, 7),
(93, 4, 4),
(94, 4, 8),
(95, 4, 6),
(96, 4, 7),
(97, 4, 1),
(98, 4, 7),
(99, 4, 9),
(100, 4, 7),
(1, 5, 3),
(2, 5, 10),
(3, 5, 6),
(4, 5, 8),
(5, 5, 8),
(6, 5, 9),
(7, 5, 8),
(8, 5, 10),
(9, 5, 4),
(10, 5, 6),
(11, 5, 4),
(12, 5, 1),
(13, 5, 2),
(14, 5, 6),
(15, 5, 8),
(16, 5, 9),
(17, 5, 8),
(18, 5, 10),
(19, 5, 1),
(20, 5, 8),
(21, 5, 4),
(22, 5, 5),
(23, 5, 4),
(24, 5, 2),
(25, 5, 10),
(26, 5, 2),
(27, 5, 10),
(28, 5, 8),
(29, 5, 3),
(30, 5, 6),
(31, 5, 1),
(32, 5, 1),
(33, 5, 3),
(34, 5, 2),
(35, 5, 2),
(36, 5, 10),
(37, 5, 2),
(38, 5, 8),
(39, 5, 10),
(40, 5, 2),
(41, 5, 4),
(42, 5, 7),
(43, 5, 9),
(44, 5, 6),
(45, 5, 2),
(46, 5, 2),
(47, 5, 7),
(48, 5, 6),
(49, 5, 2),
(50, 5, 8),
(51, 5, 8),
(52, 5, 4),
(53, 5, 8),
(54, 5, 7),
(55, 5, 2),
(56, 5, 8),
(57, 5, 9),
(58, 5, 4),
(59, 5, 7),
(60, 5, 2),
(61, 5, 5),
(62, 5, 7),
(63, 5, 10),
(64, 5, 3),
(65, 5, 9),
(66, 5, 9),
(67, 5, 7),
(68, 5, 10),
(69, 5, 6),
(70, 5, 5),
(71, 5, 2),
(72, 5, 6),
(73, 5, 7),
(74, 5, 5),
(75, 5, 10),
(76, 5, 1),
(77, 5, 9),
(78, 5, 7),
(79, 5, 10),
(80, 5, 4),
(81, 5, 6),
(82, 5, 5),
(83, 5, 4),
(84, 5, 9),
(85, 5, 4),
(86, 5, 9),
(87, 5, 5),
(88, 5, 10),
(89, 5, 4),
(90, 5, 7),
(91, 5, 9),
(92, 5, 8),
(93, 5, 10),
(94, 5, 7),
(95, 5, 9),
(96, 5, 8),
(97, 5, 7),
(98, 5, 10),
(99, 5, 9),
(100, 5, 4),
(1, 6, 8),
(2, 6, 9),
(3, 6, 2),
(4, 6, 3),
(5, 6, 9),
(6, 6, 7),
(7, 6, 10),
(8, 6, 2),
(9, 6, 6),
(10, 6, 7),
(11, 6, 6),
(12, 6, 7),
(13, 6, 4),
(14, 6, 4),
(15, 6, 9),
(16, 6, 2),
(17, 6, 9),
(18, 6, 2),
(19, 6, 5),
(20, 6, 3),
(21, 6, 2),
(22, 6, 2),
(23, 6, 5),
(24, 6, 8),
(25, 6, 6),
(26, 6, 10),
(27, 6, 1),
(28, 6, 3),
(29, 6, 3),
(30, 6, 8),
(31, 6, 9),
(32, 6, 4),
(33, 6, 9),
(34, 6, 5),
(35, 6, 4),
(36, 6, 6),
(37, 6, 2),
(38, 6, 5),
(39, 6, 4),
(40, 6, 8),
(41, 6, 4),
(42, 6, 5),
(43, 6, 10),
(44, 6, 7),
(45, 6, 5),
(46, 6, 10),
(47, 6, 4),
(48, 6, 10),
(49, 6, 3),
(50, 6, 7),
(51, 6, 4),
(52, 6, 5),
(53, 6, 10),
(54, 6, 1),
(55, 6, 1),
(56, 6, 6),
(57, 6, 1),
(58, 6, 4),
(59, 6, 10),
(60, 6, 1),
(61, 6, 2),
(62, 6, 2),
(63, 6, 4),
(64, 6, 6),
(65, 6, 2),
(66, 6, 4),
(67, 6, 7),
(68, 6, 9),
(69, 6, 5),
(70, 6, 5),
(71, 6, 9),
(72, 6, 8),
(73, 6, 3),
(74, 6, 9),
(75, 6, 8),
(76, 6, 3),
(77, 6, 10),
(78, 6, 1),
(79, 6, 3),
(80, 6, 10),
(81, 6, 10),
(82, 6, 5),
(83, 6, 3),
(84, 6, 6),
(85, 6, 6),
(86, 6, 10),
(87, 6, 9),
(88, 6, 5),
(89, 6, 4),
(90, 6, 5),
(91, 6, 5),
(92, 6, 4),
(93, 6, 6),
(94, 6, 1),
(95, 6, 4),
(96, 6, 2),
(97, 6, 7),
(98, 6, 1),
(99, 6, 3),
(100, 6, 8),
(1, 7, 4),
(2, 7, 6),
(3, 7, 9),
(4, 7, 3),
(5, 7, 1),
(6, 7, 9),
(7, 7, 5),
(8, 7, 5),
(9, 7, 5),
(10, 7, 1),
(11, 7, 4),
(12, 7, 9),
(13, 7, 9),
(14, 7, 10),
(15, 7, 10),
(16, 7, 7),
(17, 7, 3),
(18, 7, 9),
(19, 7, 4),
(20, 7, 4),
(21, 7, 1),
(22, 7, 4),
(23, 7, 5),
(24, 7, 3),
(25, 7, 9),
(26, 7, 7),
(27, 7, 2),
(28, 7, 7),
(29, 7, 8),
(30, 7, 8),
(31, 7, 4),
(32, 7, 5),
(33, 7, 3),
(34, 7, 6),
(35, 7, 6),
(36, 7, 1),
(37, 7, 5),
(38, 7, 10),
(39, 7, 9),
(40, 7, 1),
(41, 7, 10),
(42, 7, 5),
(43, 7, 10),
(44, 7, 9),
(45, 7, 8),
(46, 7, 5),
(47, 7, 5),
(48, 7, 2),
(49, 7, 5),
(50, 7, 2),
(51, 7, 10),
(52, 7, 7),
(53, 7, 7),
(54, 7, 9),
(55, 7, 7),
(56, 7, 6),
(57, 7, 5),
(58, 7, 2),
(59, 7, 7),
(60, 7, 1),
(61, 7, 7),
(62, 7, 8),
(63, 7, 2),
(64, 7, 6),
(65, 7, 6),
(66, 7, 1),
(67, 7, 3),
(68, 7, 4),
(69, 7, 5),
(70, 7, 6),
(71, 7, 8),
(72, 7, 3),
(73, 7, 1),
(74, 7, 6),
(75, 7, 7),
(76, 7, 7),
(77, 7, 5),
(78, 7, 9),
(79, 7, 6),
(80, 7, 2),
(81, 7, 2),
(82, 7, 6),
(83, 7, 6),
(84, 7, 6),
(85, 7, 6),
(86, 7, 6),
(87, 7, 7),
(88, 7, 8),
(89, 7, 3),
(90, 7, 10),
(91, 7, 3),
(92, 7, 7),
(93, 7, 10),
(94, 7, 5),
(95, 7, 8),
(96, 7, 3),
(97, 7, 2),
(98, 7, 5),
(99, 7, 2),
(100, 7, 6),
(1, 8, 9),
(2, 8, 10),
(3, 8, 1),
(4, 8, 5),
(5, 8, 7),
(6, 8, 4),
(7, 8, 7),
(8, 8, 2),
(9, 8, 6),
(10, 8, 1),
(11, 8, 5),
(12, 8, 1),
(13, 8, 3),
(14, 8, 1),
(15, 8, 10),
(16, 8, 5),
(17, 8, 10),
(18, 8, 4),
(19, 8, 7),
(20, 8, 3),
(21, 8, 1),
(22, 8, 8),
(23, 8, 1),
(24, 8, 8),
(25, 8, 8),
(26, 8, 3),
(27, 8, 3),
(28, 8, 2),
(29, 8, 8),
(30, 8, 8),
(31, 8, 1),
(32, 8, 6),
(33, 8, 5),
(34, 8, 6),
(35, 8, 5),
(36, 8, 3),
(37, 8, 6),
(38, 8, 9),
(39, 8, 5),
(40, 8, 5),
(41, 8, 7),
(42, 8, 10),
(43, 8, 9),
(44, 8, 2),
(45, 8, 8),
(46, 8, 4),
(47, 8, 4),
(48, 8, 1),
(49, 8, 10),
(50, 8, 8),
(51, 8, 3),
(52, 8, 8),
(53, 8, 6),
(54, 8, 5),
(55, 8, 5),
(56, 8, 10),
(57, 8, 8),
(58, 8, 10),
(59, 8, 7),
(60, 8, 3),
(61, 8, 9),
(62, 8, 8),
(63, 8, 10),
(64, 8, 7),
(65, 8, 10),
(66, 8, 6),
(67, 8, 4),
(68, 8, 9),
(69, 8, 2),
(70, 8, 5),
(71, 8, 8),
(72, 8, 6),
(73, 8, 10),
(74, 8, 9),
(75, 8, 3),
(76, 8, 9),
(77, 8, 10),
(78, 8, 9),
(79, 8, 4),
(80, 8, 2),
(81, 8, 10),
(82, 8, 10),
(83, 8, 2),
(84, 8, 2),
(85, 8, 3),
(86, 8, 7),
(87, 8, 6),
(88, 8, 9),
(89, 8, 4),
(90, 8, 4),
(91, 8, 7),
(92, 8, 5),
(93, 8, 6),
(94, 8, 9),
(95, 8, 1),
(96, 8, 10),
(97, 8, 6),
(98, 8, 10),
(99, 8, 4),
(100, 8, 8),
(1, 9, 7),
(2, 9, 5),
(3, 9, 6),
(4, 9, 1),
(5, 9, 2),
(6, 9, 3),
(7, 9, 7),
(8, 9, 9),
(9, 9, 9),
(10, 9, 9),
(11, 9, 3),
(12, 9, 10),
(13, 9, 5),
(14, 9, 5),
(15, 9, 8),
(16, 9, 9),
(17, 9, 10),
(18, 9, 1),
(19, 9, 9),
(20, 9, 8),
(21, 9, 3),
(22, 9, 4),
(23, 9, 6),
(24, 9, 1),
(25, 9, 8),
(26, 9, 6),
(27, 9, 6),
(28, 9, 8),
(29, 9, 9),
(30, 9, 7),
(31, 9, 7),
(32, 9, 1),
(33, 9, 8),
(34, 9, 4),
(35, 9, 4),
(36, 9, 7),
(37, 9, 7),
(38, 9, 4),
(39, 9, 5),
(40, 9, 10),
(41, 9, 10),
(42, 9, 7),
(43, 9, 10),
(44, 9, 1),
(45, 9, 10),
(46, 9, 3),
(47, 9, 1),
(48, 9, 1),
(49, 9, 3),
(50, 9, 8),
(51, 9, 7),
(52, 9, 9),
(53, 9, 5),
(54, 9, 1),
(55, 9, 1),
(56, 9, 1),
(57, 9, 9),
(58, 9, 8),
(59, 9, 3),
(60, 9, 4),
(61, 9, 8),
(62, 9, 3),
(63, 9, 3),
(64, 9, 2),
(65, 9, 8),
(66, 9, 1),
(67, 9, 10),
(68, 9, 8),
(69, 9, 6),
(70, 9, 9),
(71, 9, 5),
(72, 9, 5),
(73, 9, 1),
(74, 9, 7),
(75, 9, 5),
(76, 9, 3),
(77, 9, 7),
(78, 9, 4),
(79, 9, 1),
(80, 9, 1),
(81, 9, 3),
(82, 9, 7),
(83, 9, 6),
(84, 9, 7),
(85, 9, 6),
(86, 9, 3),
(87, 9, 7),
(88, 9, 10),
(89, 9, 7),
(90, 9, 3),
(91, 9, 3),
(92, 9, 2),
(93, 9, 2),
(94, 9, 2),
(95, 9, 4),
(96, 9, 4),
(97, 9, 6),
(98, 9, 3),
(99, 9, 8),
(100, 9, 4),
(1, 10, 2),
(2, 10, 7),
(3, 10, 3),
(4, 10, 6),
(5, 10, 3),
(6, 10, 7),
(7, 10, 4),
(8, 10, 4),
(9, 10, 2),
(10, 10, 8),
(11, 10, 2),
(12, 10, 2),
(13, 10, 2),
(14, 10, 8),
(15, 10, 1),
(16, 10, 8),
(17, 10, 1),
(18, 10, 2),
(19, 10, 6),
(20, 10, 3),
(21, 10, 2),
(22, 10, 8),
(23, 10, 4),
(24, 10, 6),
(25, 10, 1),
(26, 10, 8),
(27, 10, 2),
(28, 10, 3),
(29, 10, 1),
(30, 10, 7),
(31, 10, 9),
(32, 10, 3),
(33, 10, 5),
(34, 10, 7),
(35, 10, 3),
(36, 10, 8),
(37, 10, 2),
(38, 10, 8),
(39, 10, 5),
(40, 10, 7),
(41, 10, 5),
(42, 10, 4),
(43, 10, 1),
(44, 10, 4),
(45, 10, 2),
(46, 10, 1),
(47, 10, 4),
(48, 10, 7),
(49, 10, 10),
(50, 10, 8),
(51, 10, 6),
(52, 10, 6),
(53, 10, 3),
(54, 10, 3),
(55, 10, 9),
(56, 10, 5),
(57, 10, 2),
(58, 10, 9),
(59, 10, 9),
(60, 10, 4),
(61, 10, 2),
(62, 10, 8),
(63, 10, 2),
(64, 10, 4),
(65, 10, 1),
(66, 10, 9),
(67, 10, 5),
(68, 10, 4),
(69, 10, 6),
(70, 10, 8),
(71, 10, 10),
(72, 10, 2),
(73, 10, 1),
(74, 10, 9),
(75, 10, 10),
(76, 10, 5),
(77, 10, 1),
(78, 10, 6),
(79, 10, 9),
(80, 10, 4),
(81, 10, 4),
(82, 10, 3),
(83, 10, 9),
(84, 10, 9),
(85, 10, 7),
(86, 10, 1),
(87, 10, 9),
(88, 10, 4),
(89, 10, 8),
(90, 10, 6),
(91, 10, 3),
(92, 10, 5),
(93, 10, 10),
(94, 10, 4),
(95, 10, 1),
(96, 10, 9),
(97, 10, 8),
(98, 10, 4),
(99, 10, 2),
(100, 10, 1),
(1, 11, 6),
(2, 11, 8),
(3, 11, 5),
(4, 11, 6),
(5, 11, 9),
(6, 11, 10),
(7, 11, 1),
(8, 11, 8),
(9, 11, 2),
(10, 11, 9),
(11, 11, 3),
(12, 11, 3),
(13, 11, 4),
(14, 11, 6),
(15, 11, 9),
(16, 11, 1),
(17, 11, 2),
(18, 11, 9),
(19, 11, 1),
(20, 11, 1),
(21, 11, 6),
(22, 11, 2),
(23, 11, 4),
(24, 11, 5),
(25, 11, 2),
(26, 11, 1),
(27, 11, 9),
(28, 11, 6),
(29, 11, 7),
(30, 11, 6),
(31, 11, 8),
(32, 11, 1),
(33, 11, 4),
(34, 11, 9),
(35, 11, 2),
(36, 11, 7),
(37, 11, 5),
(38, 11, 9),
(39, 11, 4),
(40, 11, 6),
(41, 11, 3),
(42, 11, 3),
(43, 11, 2),
(44, 11, 7),
(45, 11, 3),
(46, 11, 4),
(47, 11, 7),
(48, 11, 4),
(49, 11, 7),
(50, 11, 7),
(51, 11, 1),
(52, 11, 8),
(53, 11, 8),
(54, 11, 9),
(55, 11, 7),
(56, 11, 10),
(57, 11, 5),
(58, 11, 8),
(59, 11, 4),
(60, 11, 8),
(61, 11, 8),
(62, 11, 2),
(63, 11, 10),
(64, 11, 9),
(65, 11, 2),
(66, 11, 8),
(67, 11, 2),
(68, 11, 8),
(69, 11, 2),
(70, 11, 1),
(71, 11, 8),
(72, 11, 10),
(73, 11, 10),
(74, 11, 10),
(75, 11, 2),
(76, 11, 7),
(77, 11, 10),
(78, 11, 6),
(79, 11, 5),
(80, 11, 8),
(81, 11, 9),
(82, 11, 4),
(83, 11, 7),
(84, 11, 2),
(85, 11, 2),
(86, 11, 1),
(87, 11, 10),
(88, 11, 5),
(89, 11, 8),
(90, 11, 10),
(91, 11, 6),
(92, 11, 8),
(93, 11, 6),
(94, 11, 8),
(95, 11, 5),
(96, 11, 8),
(97, 11, 9),
(98, 11, 4),
(99, 11, 4),
(100, 11, 1),
(1, 12, 4),
(2, 12, 6),
(3, 12, 9),
(4, 12, 6),
(5, 12, 5),
(6, 12, 4),
(7, 12, 9),
(8, 12, 8),
(9, 12, 9),
(10, 12, 10),
(11, 12, 8),
(12, 12, 10),
(13, 12, 5),
(14, 12, 4),
(15, 12, 3),
(16, 12, 8),
(17, 12, 5),
(18, 12, 8),
(19, 12, 3),
(20, 12, 9),
(21, 12, 3),
(22, 12, 2),
(23, 12, 7),
(24, 12, 4),
(25, 12, 1),
(26, 12, 6),
(27, 12, 2),
(28, 12, 8),
(29, 12, 10),
(30, 12, 7),
(31, 12, 3),
(32, 12, 10),
(33, 12, 10),
(34, 12, 4),
(35, 12, 1),
(36, 12, 6),
(37, 12, 6),
(38, 12, 1),
(39, 12, 3),
(40, 12, 5),
(41, 12, 10),
(42, 12, 2),
(43, 12, 1),
(44, 12, 3),
(45, 12, 4),
(46, 12, 9),
(47, 12, 2),
(48, 12, 6),
(49, 12, 1),
(50, 12, 4),
(51, 12, 5),
(52, 12, 7),
(53, 12, 4),
(54, 12, 2),
(55, 12, 2),
(56, 12, 1),
(57, 12, 9),
(58, 12, 1),
(59, 12, 5),
(60, 12, 1),
(61, 12, 2),
(62, 12, 1),
(63, 12, 3),
(64, 12, 10),
(65, 12, 5),
(66, 12, 2),
(67, 12, 1),
(68, 12, 9),
(69, 12, 2),
(70, 12, 7),
(71, 12, 10),
(72, 12, 7),
(73, 12, 6),
(74, 12, 8),
(75, 12, 3),
(76, 12, 1),
(77, 12, 8),
(78, 12, 1),
(79, 12, 4),
(80, 12, 1),
(81, 12, 9),
(82, 12, 7),
(83, 12, 4),
(84, 12, 9),
(85, 12, 8),
(86, 12, 7),
(87, 12, 1),
(88, 12, 2),
(89, 12, 2),
(90, 12, 4),
(91, 12, 3),
(92, 12, 3),
(93, 12, 7),
(94, 12, 7),
(95, 12, 9),
(96, 12, 9),
(97, 12, 9),
(98, 12, 4),
(99, 12, 5),
(100, 12, 7),
(1, 13, 4),
(2, 13, 5),
(3, 13, 8),
(4, 13, 2),
(5, 13, 1),
(6, 13, 5),
(7, 13, 3),
(8, 13, 3),
(9, 13, 3),
(10, 13, 7),
(11, 13, 7),
(12, 13, 6),
(13, 13, 8),
(14, 13, 2),
(15, 13, 4),
(16, 13, 3),
(17, 13, 9),
(18, 13, 8),
(19, 13, 8),
(20, 13, 1),
(21, 13, 2),
(22, 13, 5),
(23, 13, 3),
(24, 13, 7),
(25, 13, 1),
(26, 13, 3),
(27, 13, 2),
(28, 13, 6),
(29, 13, 4),
(30, 13, 2),
(31, 13, 7),
(32, 13, 10),
(33, 13, 3),
(34, 13, 9),
(35, 13, 2),
(36, 13, 8),
(37, 13, 7),
(38, 13, 9),
(39, 13, 8),
(40, 13, 6),
(41, 13, 10),
(42, 13, 10),
(43, 13, 6),
(44, 13, 9),
(45, 13, 10),
(46, 13, 8),
(47, 13, 8),
(48, 13, 6),
(49, 13, 2),
(50, 13, 6),
(51, 13, 2),
(52, 13, 8),
(53, 13, 5),
(54, 13, 6),
(55, 13, 10),
(56, 13, 6),
(57, 13, 3),
(58, 13, 4),
(59, 13, 2),
(60, 13, 1),
(61, 13, 8),
(62, 13, 3),
(63, 13, 3),
(64, 13, 3),
(65, 13, 10),
(66, 13, 9),
(67, 13, 1),
(68, 13, 4),
(69, 13, 4),
(70, 13, 3),
(71, 13, 2),
(72, 13, 9),
(73, 13, 1),
(74, 13, 7),
(75, 13, 8),
(76, 13, 5),
(77, 13, 1),
(78, 13, 1),
(79, 13, 5),
(80, 13, 6),
(81, 13, 9),
(82, 13, 7),
(83, 13, 10),
(84, 13, 3),
(85, 13, 9),
(86, 13, 8),
(87, 13, 8),
(88, 13, 3),
(89, 13, 2),
(90, 13, 6),
(91, 13, 3),
(92, 13, 10),
(93, 13, 10),
(94, 13, 5),
(95, 13, 2),
(96, 13, 9),
(97, 13, 1),
(98, 13, 9),
(99, 13, 6),
(100, 13, 1),
(1, 14, 4),
(2, 14, 8),
(3, 14, 4),
(4, 14, 8),
(5, 14, 2),
(6, 14, 6),
(7, 14, 6),
(8, 14, 3),
(9, 14, 5),
(10, 14, 8),
(11, 14, 9),
(12, 14, 3),
(13, 14, 8),
(14, 14, 7),
(15, 14, 9),
(16, 14, 9),
(17, 14, 4),
(18, 14, 7),
(19, 14, 1),
(20, 14, 4),
(21, 14, 2),
(22, 14, 1),
(23, 14, 5),
(24, 14, 5),
(25, 14, 2),
(26, 14, 10),
(27, 14, 8),
(28, 14, 1),
(29, 14, 3),
(30, 14, 2),
(31, 14, 4),
(32, 14, 8),
(33, 14, 7),
(34, 14, 5),
(35, 14, 2),
(36, 14, 7),
(37, 14, 6),
(38, 14, 8),
(39, 14, 5),
(40, 14, 4),
(41, 14, 7),
(42, 14, 7),
(43, 14, 8),
(44, 14, 2),
(45, 14, 4),
(46, 14, 2),
(47, 14, 10),
(48, 14, 3),
(49, 14, 7),
(50, 14, 5),
(51, 14, 5),
(52, 14, 9),
(53, 14, 3),
(54, 14, 2),
(55, 14, 1),
(56, 14, 6),
(57, 14, 5),
(58, 14, 8),
(59, 14, 5),
(60, 14, 10),
(61, 14, 8),
(62, 14, 10),
(63, 14, 3),
(64, 14, 4),
(65, 14, 4),
(66, 14, 2),
(67, 14, 9),
(68, 14, 8),
(69, 14, 4),
(70, 14, 7),
(71, 14, 1),
(72, 14, 4),
(73, 14, 1),
(74, 14, 5),
(75, 14, 4),
(76, 14, 6),
(77, 14, 9),
(78, 14, 1),
(79, 14, 9),
(80, 14, 10),
(81, 14, 5),
(82, 14, 5),
(83, 14, 3),
(84, 14, 7),
(85, 14, 6),
(86, 14, 6),
(87, 14, 1),
(88, 14, 1),
(89, 14, 8),
(90, 14, 4),
(91, 14, 3),
(92, 14, 5),
(93, 14, 2),
(94, 14, 2),
(95, 14, 1),
(96, 14, 5),
(97, 14, 3),
(98, 14, 3),
(99, 14, 1),
(100, 14, 10),
(1, 15, 5),
(2, 15, 1),
(3, 15, 5),
(4, 15, 7),
(5, 15, 1),
(6, 15, 7),
(7, 15, 4),
(8, 15, 10),
(9, 15, 5),
(10, 15, 7),
(11, 15, 1),
(12, 15, 6),
(13, 15, 2),
(14, 15, 5),
(15, 15, 1),
(16, 15, 7),
(17, 15, 6),
(18, 15, 8),
(19, 15, 7),
(20, 15, 9),
(21, 15, 3),
(22, 15, 4),
(23, 15, 5),
(24, 15, 3),
(25, 15, 7),
(26, 15, 8),
(27, 15, 1),
(28, 15, 1),
(29, 15, 7),
(30, 15, 6),
(31, 15, 6),
(32, 15, 1),
(33, 15, 4),
(34, 15, 9),
(35, 15, 3),
(36, 15, 7),
(37, 15, 4),
(38, 15, 2),
(39, 15, 3),
(40, 15, 5),
(41, 15, 9),
(42, 15, 9),
(43, 15, 3),
(44, 15, 7),
(45, 15, 3),
(46, 15, 8),
(47, 15, 7),
(48, 15, 5),
(49, 15, 8),
(50, 15, 2),
(51, 15, 10),
(52, 15, 5),
(53, 15, 10),
(54, 15, 1),
(55, 15, 6),
(56, 15, 10),
(57, 15, 1),
(58, 15, 5),
(59, 15, 10),
(60, 15, 5),
(61, 15, 2),
(62, 15, 4),
(63, 15, 7),
(64, 15, 1),
(65, 15, 2),
(66, 15, 1),
(67, 15, 9),
(68, 15, 7),
(69, 15, 7),
(70, 15, 4),
(71, 15, 5),
(72, 15, 5),
(73, 15, 10),
(74, 15, 3),
(75, 15, 4),
(76, 15, 3),
(77, 15, 6),
(78, 15, 4),
(79, 15, 6),
(80, 15, 10),
(81, 15, 5),
(82, 15, 3),
(83, 15, 6),
(84, 15, 1),
(85, 15, 4),
(86, 15, 10),
(87, 15, 4),
(88, 15, 8),
(89, 15, 3),
(90, 15, 6),
(91, 15, 7),
(92, 15, 10),
(93, 15, 4),
(94, 15, 1),
(95, 15, 3),
(96, 15, 4),
(97, 15, 10),
(98, 15, 9),
(99, 15, 3),
(100, 15, 6),
(1, 16, 7),
(2, 16, 5),
(3, 16, 6),
(4, 16, 8),
(5, 16, 7),
(6, 16, 8),
(7, 16, 10),
(8, 16, 6),
(9, 16, 1),
(10, 16, 2),
(11, 16, 4),
(12, 16, 4),
(13, 16, 6),
(14, 16, 4),
(15, 16, 2),
(16, 16, 2),
(17, 16, 2),
(18, 16, 2),
(19, 16, 7),
(20, 16, 4),
(21, 16, 2),
(22, 16, 10),
(23, 16, 6),
(24, 16, 9),
(25, 16, 7),
(26, 16, 5),
(27, 16, 4),
(28, 16, 1),
(29, 16, 5),
(30, 16, 8),
(31, 16, 2),
(32, 16, 6),
(33, 16, 5),
(34, 16, 6),
(35, 16, 5),
(36, 16, 6),
(37, 16, 8),
(38, 16, 2),
(39, 16, 10),
(40, 16, 5),
(41, 16, 2),
(42, 16, 2),
(43, 16, 3),
(44, 16, 5),
(45, 16, 8),
(46, 16, 5),
(47, 16, 5),
(48, 16, 2),
(49, 16, 5),
(50, 16, 10),
(51, 16, 2),
(52, 16, 3),
(53, 16, 1),
(54, 16, 10),
(55, 16, 5),
(56, 16, 9),
(57, 16, 8),
(58, 16, 9),
(59, 16, 5),
(60, 16, 2),
(61, 16, 10),
(62, 16, 10),
(63, 16, 3),
(64, 16, 8),
(65, 16, 1),
(66, 16, 10),
(67, 16, 2),
(68, 16, 4),
(69, 16, 6),
(70, 16, 5),
(71, 16, 8),
(72, 16, 9),
(73, 16, 9),
(74, 16, 2),
(75, 16, 7),
(76, 16, 4),
(77, 16, 6),
(78, 16, 6),
(79, 16, 10),
(80, 16, 7),
(81, 16, 7),
(82, 16, 7),
(83, 16, 4),
(84, 16, 4),
(85, 16, 10),
(86, 16, 6),
(87, 16, 6),
(88, 16, 1),
(89, 16, 6),
(90, 16, 1),
(91, 16, 6),
(92, 16, 4),
(93, 16, 5),
(94, 16, 8),
(95, 16, 3),
(96, 16, 6),
(97, 16, 9),
(98, 16, 5),
(99, 16, 2),
(100, 16, 7),
(1, 17, 5),
(2, 17, 6),
(3, 17, 8),
(4, 17, 4),
(5, 17, 9),
(6, 17, 10),
(7, 17, 7),
(8, 17, 4),
(9, 17, 5),
(10, 17, 10),
(11, 17, 4),
(12, 17, 4),
(13, 17, 8),
(14, 17, 8),
(15, 17, 6),
(16, 17, 9),
(17, 17, 8),
(18, 17, 10),
(19, 17, 1),
(20, 17, 2),
(21, 17, 6),
(22, 17, 2),
(23, 17, 4),
(24, 17, 8),
(25, 17, 7),
(26, 17, 4),
(27, 17, 8),
(28, 17, 7),
(29, 17, 6),
(30, 17, 4),
(31, 17, 10),
(32, 17, 8),
(33, 17, 5),
(34, 17, 4),
(35, 17, 3),
(36, 17, 1),
(37, 17, 6),
(38, 17, 8),
(39, 17, 3),
(40, 17, 6),
(41, 17, 3),
(42, 17, 3),
(43, 17, 1),
(44, 17, 4),
(45, 17, 5),
(46, 17, 4),
(47, 17, 3),
(48, 17, 2),
(49, 17, 4),
(50, 17, 2),
(51, 17, 9),
(52, 17, 5),
(53, 17, 5),
(54, 17, 1),
(55, 17, 5),
(56, 17, 3),
(57, 17, 2),
(58, 17, 2),
(59, 17, 4),
(60, 17, 4),
(61, 17, 8),
(62, 17, 3),
(63, 17, 5),
(64, 17, 8),
(65, 17, 4),
(66, 17, 10),
(67, 17, 10),
(68, 17, 5),
(69, 17, 4),
(70, 17, 8),
(71, 17, 7),
(72, 17, 8),
(73, 17, 4),
(74, 17, 4),
(75, 17, 3),
(76, 17, 1),
(77, 17, 1),
(78, 17, 3),
(79, 17, 10),
(80, 17, 10),
(81, 17, 1),
(82, 17, 8),
(83, 17, 9),
(84, 17, 10),
(85, 17, 3),
(86, 17, 6),
(87, 17, 8),
(88, 17, 2),
(89, 17, 4),
(90, 17, 2),
(91, 17, 7),
(92, 17, 2),
(93, 17, 8),
(94, 17, 1),
(95, 17, 6),
(96, 17, 10),
(97, 17, 1),
(98, 17, 1),
(99, 17, 5),
(100, 17, 2),
(1, 18, 7),
(2, 18, 7),
(3, 18, 4),
(4, 18, 10),
(5, 18, 9),
(6, 18, 5),
(7, 18, 8),
(8, 18, 7),
(9, 18, 3),
(10, 18, 5),
(11, 18, 9),
(12, 18, 3),
(13, 18, 4),
(14, 18, 9),
(15, 18, 9),
(16, 18, 7),
(17, 18, 7),
(18, 18, 1),
(19, 18, 7),
(20, 18, 9),
(21, 18, 4),
(22, 18, 9),
(23, 18, 6),
(24, 18, 6),
(25, 18, 2),
(26, 18, 4),
(27, 18, 2),
(28, 18, 3),
(29, 18, 1),
(30, 18, 7),
(31, 18, 9),
(32, 18, 2),
(33, 18, 7),
(34, 18, 10),
(35, 18, 8),
(36, 18, 7),
(37, 18, 7),
(38, 18, 2),
(39, 18, 3),
(40, 18, 4),
(41, 18, 5),
(42, 18, 3),
(43, 18, 4),
(44, 18, 10),
(45, 18, 2),
(46, 18, 2),
(47, 18, 2),
(48, 18, 4),
(49, 18, 2),
(50, 18, 1),
(51, 18, 10),
(52, 18, 5),
(53, 18, 2),
(54, 18, 10),
(55, 18, 7),
(56, 18, 1),
(57, 18, 1),
(58, 18, 4),
(59, 18, 4),
(60, 18, 10),
(61, 18, 10),
(62, 18, 9),
(63, 18, 3),
(64, 18, 6),
(65, 18, 7),
(66, 18, 3),
(67, 18, 3),
(68, 18, 4),
(69, 18, 4),
(70, 18, 7),
(71, 18, 2),
(72, 18, 1),
(73, 18, 7),
(74, 18, 9),
(75, 18, 8),
(76, 18, 9),
(77, 18, 1),
(78, 18, 10),
(79, 18, 6),
(80, 18, 7),
(81, 18, 1),
(82, 18, 3),
(83, 18, 9),
(84, 18, 4),
(85, 18, 3),
(86, 18, 6),
(87, 18, 3),
(88, 18, 6),
(89, 18, 2),
(90, 18, 2),
(91, 18, 8),
(92, 18, 5),
(93, 18, 9),
(94, 18, 6),
(95, 18, 3),
(96, 18, 1),
(97, 18, 2),
(98, 18, 8),
(99, 18, 9),
(100, 18, 7),
(1, 19, 9),
(2, 19, 9),
(3, 19, 4),
(4, 19, 1),
(5, 19, 8),
(6, 19, 3),
(7, 19, 5),
(8, 19, 9),
(9, 19, 4),
(10, 19, 9),
(11, 19, 4),
(12, 19, 7),
(13, 19, 8),
(14, 19, 3),
(15, 19, 8),
(16, 19, 6),
(17, 19, 9),
(18, 19, 4),
(19, 19, 1),
(20, 19, 8),
(21, 19, 9),
(22, 19, 7),
(23, 19, 3),
(24, 19, 7),
(25, 19, 2),
(26, 19, 1),
(27, 19, 4),
(28, 19, 3),
(29, 19, 8),
(30, 19, 7),
(31, 19, 10),
(32, 19, 7),
(33, 19, 2),
(34, 19, 9),
(35, 19, 1),
(36, 19, 3),
(37, 19, 6),
(38, 19, 4),
(39, 19, 4),
(40, 19, 3),
(41, 19, 9),
(42, 19, 10),
(43, 19, 7),
(44, 19, 2),
(45, 19, 4),
(46, 19, 9),
(47, 19, 7),
(48, 19, 2),
(49, 19, 6),
(50, 19, 9),
(51, 19, 9),
(52, 19, 9),
(53, 19, 7),
(54, 19, 5),
(55, 19, 4),
(56, 19, 2),
(57, 19, 1),
(58, 19, 5),
(59, 19, 1),
(60, 19, 6),
(61, 19, 8),
(62, 19, 9),
(63, 19, 8),
(64, 19, 7),
(65, 19, 4),
(66, 19, 9),
(67, 19, 3),
(68, 19, 6),
(69, 19, 1),
(70, 19, 9),
(71, 19, 10),
(72, 19, 4),
(73, 19, 4),
(74, 19, 4),
(75, 19, 9),
(76, 19, 5),
(77, 19, 9),
(78, 19, 7),
(79, 19, 1),
(80, 19, 2),
(81, 19, 2),
(82, 19, 6),
(83, 19, 5),
(84, 19, 10),
(85, 19, 4),
(86, 19, 3),
(87, 19, 8),
(88, 19, 3),
(89, 19, 2),
(90, 19, 7),
(91, 19, 10),
(92, 19, 10),
(93, 19, 8),
(94, 19, 7),
(95, 19, 8),
(96, 19, 1),
(97, 19, 1),
(98, 19, 6),
(99, 19, 9),
(100, 19, 9),
(1, 20, 5),
(2, 20, 4),
(3, 20, 3),
(4, 20, 8),
(5, 20, 10),
(6, 20, 4),
(7, 20, 2),
(8, 20, 10),
(9, 20, 5),
(10, 20, 7),
(11, 20, 2),
(12, 20, 1),
(13, 20, 8),
(14, 20, 5),
(15, 20, 9),
(16, 20, 1),
(17, 20, 6),
(18, 20, 1),
(19, 20, 5),
(20, 20, 10),
(21, 20, 9),
(22, 20, 10),
(23, 20, 5),
(24, 20, 2),
(25, 20, 1),
(26, 20, 3),
(27, 20, 9),
(28, 20, 6),
(29, 20, 10),
(30, 20, 6),
(31, 20, 6),
(32, 20, 2),
(33, 20, 7),
(34, 20, 3),
(35, 20, 7),
(36, 20, 5),
(37, 20, 4),
(38, 20, 10),
(39, 20, 5),
(40, 20, 9),
(41, 20, 6),
(42, 20, 10),
(43, 20, 2),
(44, 20, 3),
(45, 20, 5),
(46, 20, 2),
(47, 20, 4),
(48, 20, 8),
(49, 20, 4),
(50, 20, 8),
(51, 20, 4),
(52, 20, 5),
(53, 20, 10),
(54, 20, 4),
(55, 20, 8),
(56, 20, 4),
(57, 20, 4),
(58, 20, 7),
(59, 20, 1),
(60, 20, 6),
(61, 20, 2),
(62, 20, 6),
(63, 20, 8),
(64, 20, 7),
(65, 20, 7),
(66, 20, 5),
(67, 20, 7),
(68, 20, 3),
(69, 20, 4),
(70, 20, 8),
(71, 20, 7),
(72, 20, 1),
(73, 20, 7),
(74, 20, 6),
(75, 20, 6),
(76, 20, 8),
(77, 20, 10),
(78, 20, 5),
(79, 20, 10),
(80, 20, 1),
(81, 20, 2),
(82, 20, 3),
(83, 20, 2),
(84, 20, 3),
(85, 20, 6),
(86, 20, 3),
(87, 20, 10),
(88, 20, 10),
(89, 20, 8),
(90, 20, 7),
(91, 20, 7),
(92, 20, 4),
(93, 20, 5),
(94, 20, 8),
(95, 20, 3),
(96, 20, 4),
(97, 20, 6),
(98, 20, 6),
(99, 20, 3),
(100, 20, 6),
(1, 21, 4),
(2, 21, 5),
(3, 21, 2),
(4, 21, 7),
(5, 21, 1),
(6, 21, 1),
(7, 21, 1),
(8, 21, 5),
(9, 21, 8),
(10, 21, 3),
(11, 21, 4),
(12, 21, 5),
(13, 21, 5),
(14, 21, 4),
(15, 21, 1),
(16, 21, 5),
(17, 21, 8),
(18, 21, 7),
(19, 21, 8),
(20, 21, 9),
(21, 21, 7),
(22, 21, 5),
(23, 21, 5),
(24, 21, 5),
(25, 21, 5),
(26, 21, 4),
(27, 21, 2),
(28, 21, 4),
(29, 21, 8),
(30, 21, 5),
(31, 21, 8),
(32, 21, 3),
(33, 21, 4),
(34, 21, 7),
(35, 21, 5),
(36, 21, 5),
(37, 21, 6),
(38, 21, 1),
(39, 21, 1),
(40, 21, 7),
(41, 21, 1),
(42, 21, 3),
(43, 21, 4),
(44, 21, 2),
(45, 21, 3),
(46, 21, 6),
(47, 21, 7),
(48, 21, 9),
(49, 21, 6),
(50, 21, 9),
(51, 21, 6),
(52, 21, 4),
(53, 21, 5),
(54, 21, 5),
(55, 21, 2),
(56, 21, 3),
(57, 21, 2),
(58, 21, 3),
(59, 21, 4),
(60, 21, 8),
(61, 21, 4),
(62, 21, 4),
(63, 21, 3),
(64, 21, 10),
(65, 21, 6),
(66, 21, 7),
(67, 21, 10),
(68, 21, 4),
(69, 21, 1),
(70, 21, 3),
(71, 21, 5),
(72, 21, 7),
(73, 21, 3),
(74, 21, 7),
(75, 21, 10),
(76, 21, 1),
(77, 21, 4),
(78, 21, 3),
(79, 21, 9),
(80, 21, 3),
(81, 21, 4),
(82, 21, 6),
(83, 21, 3),
(84, 21, 9),
(85, 21, 9),
(86, 21, 8),
(87, 21, 6),
(88, 21, 6),
(89, 21, 6),
(90, 21, 1),
(91, 21, 2),
(92, 21, 6),
(93, 21, 10),
(94, 21, 3),
(95, 21, 9),
(96, 21, 2),
(97, 21, 3),
(98, 21, 5),
(99, 21, 6),
(100, 21, 2),
(1, 22, 7),
(2, 22, 1),
(3, 22, 3),
(4, 22, 9),
(5, 22, 9),
(6, 22, 2),
(7, 22, 2),
(8, 22, 6),
(9, 22, 1),
(10, 22, 9),
(11, 22, 6),
(12, 22, 8),
(13, 22, 1),
(14, 22, 1),
(15, 22, 6),
(16, 22, 1),
(17, 22, 10),
(18, 22, 9),
(19, 22, 6),
(20, 22, 1),
(21, 22, 1),
(22, 22, 1),
(23, 22, 3),
(24, 22, 7),
(25, 22, 3),
(26, 22, 4),
(27, 22, 1),
(28, 22, 6),
(29, 22, 3),
(30, 22, 1),
(31, 22, 9),
(32, 22, 2),
(33, 22, 7),
(34, 22, 5),
(35, 22, 7),
(36, 22, 9),
(37, 22, 2),
(38, 22, 3),
(39, 22, 2),
(40, 22, 7),
(41, 22, 6),
(42, 22, 5),
(43, 22, 4),
(44, 22, 9),
(45, 22, 7),
(46, 22, 9),
(47, 22, 7),
(48, 22, 6),
(49, 22, 10),
(50, 22, 10),
(51, 22, 10),
(52, 22, 6),
(53, 22, 10),
(54, 22, 5),
(55, 22, 2),
(56, 22, 9),
(57, 22, 7),
(58, 22, 6),
(59, 22, 2),
(60, 22, 4),
(61, 22, 2),
(62, 22, 9),
(63, 22, 5),
(64, 22, 8),
(65, 22, 2),
(66, 22, 4),
(67, 22, 6),
(68, 22, 7),
(69, 22, 3),
(70, 22, 4),
(71, 22, 6),
(72, 22, 10),
(73, 22, 8),
(74, 22, 2),
(75, 22, 2),
(76, 22, 1),
(77, 22, 9),
(78, 22, 8),
(79, 22, 10),
(80, 22, 8),
(81, 22, 1),
(82, 22, 3),
(83, 22, 3),
(84, 22, 4),
(85, 22, 3),
(86, 22, 3),
(87, 22, 6),
(88, 22, 7),
(89, 22, 4),
(90, 22, 10),
(91, 22, 8),
(92, 22, 1),
(93, 22, 3),
(94, 22, 2),
(95, 22, 7),
(96, 22, 9),
(97, 22, 10),
(98, 22, 5),
(99, 22, 4),
(100, 22, 8),
(1, 23, 10),
(2, 23, 2),
(3, 23, 10),
(4, 23, 3),
(5, 23, 10),
(6, 23, 6),
(7, 23, 7),
(8, 23, 9),
(9, 23, 10),
(10, 23, 2),
(11, 23, 1),
(12, 23, 6),
(13, 23, 3),
(14, 23, 8),
(15, 23, 9),
(16, 23, 9),
(17, 23, 4),
(18, 23, 8),
(19, 23, 1),
(20, 23, 10),
(21, 23, 8),
(22, 23, 10),
(23, 23, 2),
(24, 23, 8),
(25, 23, 5),
(26, 23, 9),
(27, 23, 7),
(28, 23, 10),
(29, 23, 3),
(30, 23, 4),
(31, 23, 5),
(32, 23, 10),
(33, 23, 5),
(34, 23, 3),
(35, 23, 2),
(36, 23, 7),
(37, 23, 1),
(38, 23, 9),
(39, 23, 3),
(40, 23, 1),
(41, 23, 10),
(42, 23, 10),
(43, 23, 5),
(44, 23, 5),
(45, 23, 3),
(46, 23, 10),
(47, 23, 7),
(48, 23, 6),
(49, 23, 4),
(50, 23, 6),
(51, 23, 1),
(52, 23, 7),
(53, 23, 7),
(54, 23, 4),
(55, 23, 4),
(56, 23, 10),
(57, 23, 4),
(58, 23, 4),
(59, 23, 9),
(60, 23, 7),
(61, 23, 5),
(62, 23, 10),
(63, 23, 2),
(64, 23, 3),
(65, 23, 2),
(66, 23, 6),
(67, 23, 10),
(68, 23, 3),
(69, 23, 4),
(70, 23, 5),
(71, 23, 10),
(72, 23, 4),
(73, 23, 10),
(74, 23, 5),
(75, 23, 2),
(76, 23, 2),
(77, 23, 8),
(78, 23, 3),
(79, 23, 6),
(80, 23, 8),
(81, 23, 1),
(82, 23, 8),
(83, 23, 6),
(84, 23, 2),
(85, 23, 4),
(86, 23, 5),
(87, 23, 6),
(88, 23, 7),
(89, 23, 7),
(90, 23, 1),
(91, 23, 1),
(92, 23, 3),
(93, 23, 4),
(94, 23, 9),
(95, 23, 1),
(96, 23, 6),
(97, 23, 7),
(98, 23, 7),
(99, 23, 6),
(100, 23, 9),
(1, 24, 3),
(2, 24, 8),
(3, 24, 9),
(4, 24, 7),
(5, 24, 5),
(6, 24, 2),
(7, 24, 8),
(8, 24, 9),
(9, 24, 2),
(10, 24, 8),
(11, 24, 5),
(12, 24, 4),
(13, 24, 4),
(14, 24, 9),
(15, 24, 4),
(16, 24, 7),
(17, 24, 9),
(18, 24, 5),
(19, 24, 2),
(20, 24, 4),
(21, 24, 7),
(22, 24, 9),
(23, 24, 9),
(24, 24, 6),
(25, 24, 7),
(26, 24, 3),
(27, 24, 1),
(28, 24, 5),
(29, 24, 7),
(30, 24, 7),
(31, 24, 10),
(32, 24, 2),
(33, 24, 7),
(34, 24, 3),
(35, 24, 8),
(36, 24, 5),
(37, 24, 2),
(38, 24, 1),
(39, 24, 1),
(40, 24, 5),
(41, 24, 1),
(42, 24, 9),
(43, 24, 3),
(44, 24, 1),
(45, 24, 7),
(46, 24, 5),
(47, 24, 6),
(48, 24, 4),
(49, 24, 4),
(50, 24, 1),
(51, 24, 8),
(52, 24, 9),
(53, 24, 4),
(54, 24, 10),
(55, 24, 10),
(56, 24, 1),
(57, 24, 1),
(58, 24, 7),
(59, 24, 4),
(60, 24, 10),
(61, 24, 5),
(62, 24, 9),
(63, 24, 1),
(64, 24, 4),
(65, 24, 8),
(66, 24, 9),
(67, 24, 9),
(68, 24, 4),
(69, 24, 2),
(70, 24, 9),
(71, 24, 2),
(72, 24, 7),
(73, 24, 3),
(74, 24, 7),
(75, 24, 6),
(76, 24, 6),
(77, 24, 4),
(78, 24, 2),
(79, 24, 5),
(80, 24, 2),
(81, 24, 5),
(82, 24, 7),
(83, 24, 10),
(84, 24, 6),
(85, 24, 7),
(86, 24, 3),
(87, 24, 10),
(88, 24, 4),
(89, 24, 7),
(90, 24, 6),
(91, 24, 5),
(92, 24, 9),
(93, 24, 3),
(94, 24, 4),
(95, 24, 4),
(96, 24, 5),
(97, 24, 9),
(98, 24, 10),
(99, 24, 5),
(100, 24, 1),
(1, 25, 9),
(2, 25, 7),
(3, 25, 2),
(4, 25, 8),
(5, 25, 6),
(6, 25, 3),
(7, 25, 4),
(8, 25, 9),
(9, 25, 6),
(10, 25, 2),
(11, 25, 9),
(12, 25, 10),
(13, 25, 8),
(14, 25, 4),
(15, 25, 1),
(16, 25, 2),
(17, 25, 10),
(18, 25, 6),
(19, 25, 7),
(20, 25, 7),
(21, 25, 9),
(22, 25, 6),
(23, 25, 9),
(24, 25, 2),
(25, 25, 6),
(26, 25, 2),
(27, 25, 8),
(28, 25, 9),
(29, 25, 9),
(30, 25, 10),
(31, 25, 1),
(32, 25, 10),
(33, 25, 2),
(34, 25, 4),
(35, 25, 4),
(36, 25, 6),
(37, 25, 6),
(38, 25, 5),
(39, 25, 10),
(40, 25, 2),
(41, 25, 7),
(42, 25, 10),
(43, 25, 10),
(44, 25, 1),
(45, 25, 2),
(46, 25, 3),
(47, 25, 3),
(48, 25, 4),
(49, 25, 10),
(50, 25, 1),
(51, 25, 10),
(52, 25, 2),
(53, 25, 8),
(54, 25, 10),
(55, 25, 8),
(56, 25, 7),
(57, 25, 8),
(58, 25, 5),
(59, 25, 2),
(60, 25, 10),
(61, 25, 7),
(62, 25, 10),
(63, 25, 9),
(64, 25, 1),
(65, 25, 7),
(66, 25, 10),
(67, 25, 6),
(68, 25, 2),
(69, 25, 8),
(70, 25, 9),
(71, 25, 2),
(72, 25, 5),
(73, 25, 10),
(74, 25, 8),
(75, 25, 7),
(76, 25, 9),
(77, 25, 9),
(78, 25, 1),
(79, 25, 4),
(80, 25, 10),
(81, 25, 7),
(82, 25, 6),
(83, 25, 8),
(84, 25, 2),
(85, 25, 10),
(86, 25, 8),
(87, 25, 2),
(88, 25, 6),
(89, 25, 4),
(90, 25, 8),
(91, 25, 5),
(92, 25, 4),
(93, 25, 2),
(94, 25, 9),
(95, 25, 2),
(96, 25, 10),
(97, 25, 10),
(98, 25, 4),
(99, 25, 9),
(100, 25, 10),
(1, 26, 4),
(2, 26, 2),
(3, 26, 9),
(4, 26, 3),
(5, 26, 5),
(6, 26, 2),
(7, 26, 7),
(8, 26, 3),
(9, 26, 2),
(10, 26, 5),
(11, 26, 9),
(12, 26, 8),
(13, 26, 6),
(14, 26, 4),
(15, 26, 1),
(16, 26, 3),
(17, 26, 4),
(18, 26, 6),
(19, 26, 8),
(20, 26, 9),
(21, 26, 3),
(22, 26, 3),
(23, 26, 10),
(24, 26, 6),
(25, 26, 6),
(26, 26, 2),
(27, 26, 3),
(28, 26, 4),
(29, 26, 5),
(30, 26, 7),
(31, 26, 1),
(32, 26, 7),
(33, 26, 6),
(34, 26, 6),
(35, 26, 3),
(36, 26, 2),
(37, 26, 1),
(38, 26, 8),
(39, 26, 2),
(40, 26, 1),
(41, 26, 10),
(42, 26, 8),
(43, 26, 3),
(44, 26, 9),
(45, 26, 4),
(46, 26, 5),
(47, 26, 3),
(48, 26, 1),
(49, 26, 2),
(50, 26, 10),
(51, 26, 6),
(52, 26, 1),
(53, 26, 7),
(54, 26, 5),
(55, 26, 4),
(56, 26, 6),
(57, 26, 9),
(58, 26, 7),
(59, 26, 9),
(60, 26, 3),
(61, 26, 1),
(62, 26, 5),
(63, 26, 3),
(64, 26, 10),
(65, 26, 5),
(66, 26, 8),
(67, 26, 7),
(68, 26, 8),
(69, 26, 3),
(70, 26, 7),
(71, 26, 7),
(72, 26, 4),
(73, 26, 6),
(74, 26, 9),
(75, 26, 7),
(76, 26, 4),
(77, 26, 2),
(78, 26, 10),
(79, 26, 3),
(80, 26, 4),
(81, 26, 3),
(82, 26, 8),
(83, 26, 3),
(84, 26, 1),
(85, 26, 10),
(86, 26, 3),
(87, 26, 1),
(88, 26, 1),
(89, 26, 10),
(90, 26, 7),
(91, 26, 5),
(92, 26, 9),
(93, 26, 10),
(94, 26, 5),
(95, 26, 3),
(96, 26, 9),
(97, 26, 10),
(98, 26, 6),
(99, 26, 2),
(100, 26, 10),
(1, 27, 3),
(2, 27, 9),
(3, 27, 1),
(4, 27, 4),
(5, 27, 8),
(6, 27, 7),
(7, 27, 8),
(8, 27, 3),
(9, 27, 5),
(10, 27, 4),
(11, 27, 10),
(12, 27, 5),
(13, 27, 5),
(14, 27, 4),
(15, 27, 1),
(16, 27, 1),
(17, 27, 9),
(18, 27, 4),
(19, 27, 2),
(20, 27, 10),
(21, 27, 7),
(22, 27, 5),
(23, 27, 7),
(24, 27, 6),
(25, 27, 5),
(26, 27, 5),
(27, 27, 3),
(28, 27, 6),
(29, 27, 8),
(30, 27, 4),
(31, 27, 2),
(32, 27, 6),
(33, 27, 9),
(34, 27, 4),
(35, 27, 8),
(36, 27, 2),
(37, 27, 4),
(38, 27, 3),
(39, 27, 3),
(40, 27, 9),
(41, 27, 10),
(42, 27, 8),
(43, 27, 1),
(44, 27, 10),
(45, 27, 1),
(46, 27, 2),
(47, 27, 10),
(48, 27, 1),
(49, 27, 4),
(50, 27, 2),
(51, 27, 2),
(52, 27, 2),
(53, 27, 7),
(54, 27, 9),
(55, 27, 10),
(56, 27, 9),
(57, 27, 3),
(58, 27, 8),
(59, 27, 5),
(60, 27, 9),
(61, 27, 3),
(62, 27, 4),
(63, 27, 10),
(64, 27, 7),
(65, 27, 1),
(66, 27, 7),
(67, 27, 6),
(68, 27, 10),
(69, 27, 6),
(70, 27, 3),
(71, 27, 10),
(72, 27, 10),
(73, 27, 1),
(74, 27, 1),
(75, 27, 1),
(76, 27, 9),
(77, 27, 8),
(78, 27, 6),
(79, 27, 5),
(80, 27, 4),
(81, 27, 5),
(82, 27, 6),
(83, 27, 7),
(84, 27, 2),
(85, 27, 10),
(86, 27, 1),
(87, 27, 5),
(88, 27, 7),
(89, 27, 2),
(90, 27, 9),
(91, 27, 9),
(92, 27, 3),
(93, 27, 6),
(94, 27, 4),
(95, 27, 7),
(96, 27, 5),
(97, 27, 5),
(98, 27, 2),
(99, 27, 6),
(100, 27, 9),
(1, 28, 2),
(2, 28, 4),
(3, 28, 7),
(4, 28, 6),
(5, 28, 8),
(6, 28, 10),
(7, 28, 5),
(8, 28, 8),
(9, 28, 4),
(10, 28, 7),
(11, 28, 4),
(12, 28, 4),
(13, 28, 6),
(14, 28, 5),
(15, 28, 1),
(16, 28, 5),
(17, 28, 9),
(18, 28, 7),
(19, 28, 4),
(20, 28, 2),
(21, 28, 5),
(22, 28, 3),
(23, 28, 3),
(24, 28, 3),
(25, 28, 2),
(26, 28, 2),
(27, 28, 5),
(28, 28, 6),
(29, 28, 3),
(30, 28, 6),
(31, 28, 2),
(32, 28, 4),
(33, 28, 9),
(34, 28, 1),
(35, 28, 9),
(36, 28, 3),
(37, 28, 5),
(38, 28, 10),
(39, 28, 5),
(40, 28, 5),
(41, 28, 7),
(42, 28, 4),
(43, 28, 6),
(44, 28, 1),
(45, 28, 10),
(46, 28, 6),
(47, 28, 4),
(48, 28, 2),
(49, 28, 1),
(50, 28, 4),
(51, 28, 6),
(52, 28, 8),
(53, 28, 4),
(54, 28, 3),
(55, 28, 2),
(56, 28, 1),
(57, 28, 5),
(58, 28, 8),
(59, 28, 5),
(60, 28, 8),
(61, 28, 6),
(62, 28, 5),
(63, 28, 6),
(64, 28, 1),
(65, 28, 2),
(66, 28, 6),
(67, 28, 5),
(68, 28, 9),
(69, 28, 6),
(70, 28, 9),
(71, 28, 2),
(72, 28, 10),
(73, 28, 4),
(74, 28, 1),
(75, 28, 6),
(76, 28, 3),
(77, 28, 5),
(78, 28, 5),
(79, 28, 2),
(80, 28, 9),
(81, 28, 9),
(82, 28, 9),
(83, 28, 4),
(84, 28, 8),
(85, 28, 7),
(86, 28, 10),
(87, 28, 5),
(88, 28, 8),
(89, 28, 1),
(90, 28, 6),
(91, 28, 7),
(92, 28, 3),
(93, 28, 3),
(94, 28, 7),
(95, 28, 3),
(96, 28, 6),
(97, 28, 8),
(98, 28, 5),
(99, 28, 10),
(100, 28, 9),
(1, 29, 6),
(2, 29, 7),
(3, 29, 9),
(4, 29, 1),
(5, 29, 6),
(6, 29, 2),
(7, 29, 8),
(8, 29, 3),
(9, 29, 4),
(10, 29, 2),
(11, 29, 6),
(12, 29, 3),
(13, 29, 4),
(14, 29, 4),
(15, 29, 10),
(16, 29, 3),
(17, 29, 9),
(18, 29, 2),
(19, 29, 6),
(20, 29, 1),
(21, 29, 9),
(22, 29, 3),
(23, 29, 8),
(24, 29, 6),
(25, 29, 10),
(26, 29, 9),
(27, 29, 1),
(28, 29, 6),
(29, 29, 9),
(30, 29, 9),
(31, 29, 3),
(32, 29, 1),
(33, 29, 3),
(34, 29, 10),
(35, 29, 6),
(36, 29, 6),
(37, 29, 2),
(38, 29, 9),
(39, 29, 5),
(40, 29, 10),
(41, 29, 1),
(42, 29, 7),
(43, 29, 3),
(44, 29, 8),
(45, 29, 4),
(46, 29, 5),
(47, 29, 6),
(48, 29, 3),
(49, 29, 7),
(50, 29, 10),
(51, 29, 5),
(52, 29, 7),
(53, 29, 8),
(54, 29, 3),
(55, 29, 4),
(56, 29, 2),
(57, 29, 6),
(58, 29, 10),
(59, 29, 5),
(60, 29, 3),
(61, 29, 6),
(62, 29, 5),
(63, 29, 5),
(64, 29, 7),
(65, 29, 6),
(66, 29, 7),
(67, 29, 6),
(68, 29, 7),
(69, 29, 3),
(70, 29, 10),
(71, 29, 3),
(72, 29, 6),
(73, 29, 10),
(74, 29, 8),
(75, 29, 6),
(76, 29, 4),
(77, 29, 1),
(78, 29, 2),
(79, 29, 7),
(80, 29, 9),
(81, 29, 5),
(82, 29, 4),
(83, 29, 6),
(84, 29, 8),
(85, 29, 4),
(86, 29, 9),
(87, 29, 9),
(88, 29, 6),
(89, 29, 9),
(90, 29, 8),
(91, 29, 1),
(92, 29, 7),
(93, 29, 6),
(94, 29, 8),
(95, 29, 9),
(96, 29, 1),
(97, 29, 6),
(98, 29, 8),
(99, 29, 1),
(100, 29, 4),
(1, 30, 3),
(2, 30, 5),
(3, 30, 8),
(4, 30, 6),
(5, 30, 2),
(6, 30, 1),
(7, 30, 1),
(8, 30, 6),
(9, 30, 3),
(10, 30, 7),
(11, 30, 1),
(12, 30, 2),
(13, 30, 3),
(14, 30, 1),
(15, 30, 3),
(16, 30, 6),
(17, 30, 10),
(18, 30, 7),
(19, 30, 9),
(20, 30, 10),
(21, 30, 7),
(22, 30, 1),
(23, 30, 9),
(24, 30, 4),
(25, 30, 3),
(26, 30, 8),
(27, 30, 3),
(28, 30, 8),
(29, 30, 3),
(30, 30, 1),
(31, 30, 8),
(32, 30, 3),
(33, 30, 5),
(34, 30, 7),
(35, 30, 10),
(36, 30, 10),
(37, 30, 4),
(38, 30, 6),
(39, 30, 8),
(40, 30, 8),
(41, 30, 1),
(42, 30, 2),
(43, 30, 10),
(44, 30, 7),
(45, 30, 8),
(46, 30, 3),
(47, 30, 2),
(48, 30, 3),
(49, 30, 6),
(50, 30, 3),
(51, 30, 7),
(52, 30, 3),
(53, 30, 4),
(54, 30, 10),
(55, 30, 10),
(56, 30, 4),
(57, 30, 9),
(58, 30, 2),
(59, 30, 3),
(60, 30, 2),
(61, 30, 4),
(62, 30, 10),
(63, 30, 6),
(64, 30, 8),
(65, 30, 7),
(66, 30, 1),
(67, 30, 10),
(68, 30, 2),
(69, 30, 9),
(70, 30, 10),
(71, 30, 2),
(72, 30, 2),
(73, 30, 3),
(74, 30, 3),
(75, 30, 4),
(76, 30, 3),
(77, 30, 9),
(78, 30, 7),
(79, 30, 1),
(80, 30, 3),
(81, 30, 2),
(82, 30, 1),
(83, 30, 1),
(84, 30, 5),
(85, 30, 2),
(86, 30, 9),
(87, 30, 7),
(88, 30, 7),
(89, 30, 4),
(90, 30, 9),
(91, 30, 4),
(92, 30, 4),
(93, 30, 3),
(94, 30, 10),
(95, 30, 4),
(96, 30, 6),
(97, 30, 1),
(98, 30, 10),
(99, 30, 8),
(100, 30, 10),
(1, 31, 1),
(2, 31, 10),
(3, 31, 9),
(4, 31, 8),
(5, 31, 4),
(6, 31, 10),
(7, 31, 3),
(8, 31, 9),
(9, 31, 5),
(10, 31, 1),
(11, 31, 7),
(12, 31, 3),
(13, 31, 9),
(14, 31, 9),
(15, 31, 1),
(16, 31, 5),
(17, 31, 8),
(18, 31, 10),
(19, 31, 5),
(20, 31, 7),
(21, 31, 8),
(22, 31, 9),
(23, 31, 5),
(24, 31, 3),
(25, 31, 7),
(26, 31, 6),
(27, 31, 4),
(28, 31, 7),
(29, 31, 5),
(30, 31, 5),
(31, 31, 1),
(32, 31, 7),
(33, 31, 8),
(34, 31, 1),
(35, 31, 1),
(36, 31, 10),
(37, 31, 4),
(38, 31, 10),
(39, 31, 4),
(40, 31, 9),
(41, 31, 8),
(42, 31, 1),
(43, 31, 5),
(44, 31, 6),
(45, 31, 3),
(46, 31, 9),
(47, 31, 3),
(48, 31, 1),
(49, 31, 9),
(50, 31, 2),
(51, 31, 8),
(52, 31, 9),
(53, 31, 2),
(54, 31, 6),
(55, 31, 8),
(56, 31, 8),
(57, 31, 7),
(58, 31, 1),
(59, 31, 8),
(60, 31, 5),
(61, 31, 6),
(62, 31, 10),
(63, 31, 3),
(64, 31, 8),
(65, 31, 2),
(66, 31, 3),
(67, 31, 3),
(68, 31, 1),
(69, 31, 9),
(70, 31, 6),
(71, 31, 5),
(72, 31, 6),
(73, 31, 4),
(74, 31, 3),
(75, 31, 2),
(76, 31, 2),
(77, 31, 10),
(78, 31, 9),
(79, 31, 8),
(80, 31, 1),
(81, 31, 1),
(82, 31, 1),
(83, 31, 5),
(84, 31, 2),
(85, 31, 4),
(86, 31, 9),
(87, 31, 3),
(88, 31, 10),
(89, 31, 1),
(90, 31, 8),
(91, 31, 10),
(92, 31, 2),
(93, 31, 7),
(94, 31, 2),
(95, 31, 5),
(96, 31, 3),
(97, 31, 3),
(98, 31, 10),
(99, 31, 7),
(100, 31, 9),
(1, 32, 4),
(2, 32, 5),
(3, 32, 7),
(4, 32, 8),
(5, 32, 2),
(6, 32, 9),
(7, 32, 1),
(8, 32, 7),
(9, 32, 8),
(10, 32, 7),
(11, 32, 4),
(12, 32, 7),
(13, 32, 7),
(14, 32, 5),
(15, 32, 7),
(16, 32, 5),
(17, 32, 3),
(18, 32, 3),
(19, 32, 2),
(20, 32, 3),
(21, 32, 3),
(22, 32, 8),
(23, 32, 2),
(24, 32, 3),
(25, 32, 7),
(26, 32, 1),
(27, 32, 9),
(28, 32, 10),
(29, 32, 4),
(30, 32, 6),
(31, 32, 5),
(32, 32, 5),
(33, 32, 7),
(34, 32, 2),
(35, 32, 4),
(36, 32, 3),
(37, 32, 9),
(38, 32, 3),
(39, 32, 7),
(40, 32, 5),
(41, 32, 9),
(42, 32, 5),
(43, 32, 3),
(44, 32, 9),
(45, 32, 5),
(46, 32, 4),
(47, 32, 9),
(48, 32, 6),
(49, 32, 6),
(50, 32, 3),
(51, 32, 8),
(52, 32, 8),
(53, 32, 4),
(54, 32, 5),
(55, 32, 5),
(56, 32, 6),
(57, 32, 7),
(58, 32, 7),
(59, 32, 9),
(60, 32, 1),
(61, 32, 9),
(62, 32, 5),
(63, 32, 8),
(64, 32, 7),
(65, 32, 9),
(66, 32, 3),
(67, 32, 1),
(68, 32, 10),
(69, 32, 1),
(70, 32, 5),
(71, 32, 4),
(72, 32, 4),
(73, 32, 9),
(74, 32, 6),
(75, 32, 9),
(76, 32, 4),
(77, 32, 9),
(78, 32, 10),
(79, 32, 9),
(80, 32, 7),
(81, 32, 7),
(82, 32, 6),
(83, 32, 2),
(84, 32, 2),
(85, 32, 2),
(86, 32, 2),
(87, 32, 10),
(88, 32, 7),
(89, 32, 10),
(90, 32, 5),
(91, 32, 8),
(92, 32, 2),
(93, 32, 2),
(94, 32, 2),
(95, 32, 4),
(96, 32, 10),
(97, 32, 2),
(98, 32, 7),
(99, 32, 4),
(100, 32, 9),
(1, 33, 5),
(2, 33, 7),
(3, 33, 1),
(4, 33, 9),
(5, 33, 8),
(6, 33, 10),
(7, 33, 10),
(8, 33, 1),
(9, 33, 8),
(10, 33, 3),
(11, 33, 8),
(12, 33, 2),
(13, 33, 5),
(14, 33, 6),
(15, 33, 9),
(16, 33, 7),
(17, 33, 2),
(18, 33, 10),
(19, 33, 8),
(20, 33, 3),
(21, 33, 6),
(22, 33, 8),
(23, 33, 4),
(24, 33, 9),
(25, 33, 5),
(26, 33, 6),
(27, 33, 6),
(28, 33, 1),
(29, 33, 3),
(30, 33, 3),
(31, 33, 8),
(32, 33, 9),
(33, 33, 8),
(34, 33, 6),
(35, 33, 9),
(36, 33, 10),
(37, 33, 2),
(38, 33, 6),
(39, 33, 4),
(40, 33, 5),
(41, 33, 2),
(42, 33, 7),
(43, 33, 2),
(44, 33, 9),
(45, 33, 3),
(46, 33, 3),
(47, 33, 9),
(48, 33, 5),
(49, 33, 2),
(50, 33, 9),
(51, 33, 6),
(52, 33, 4),
(53, 33, 2),
(54, 33, 5),
(55, 33, 9),
(56, 33, 1),
(57, 33, 10),
(58, 33, 5),
(59, 33, 7),
(60, 33, 1),
(61, 33, 3),
(62, 33, 3),
(63, 33, 4),
(64, 33, 10),
(65, 33, 1),
(66, 33, 8),
(67, 33, 6),
(68, 33, 5),
(69, 33, 7),
(70, 33, 7),
(71, 33, 6),
(72, 33, 3),
(73, 33, 6),
(74, 33, 3),
(75, 33, 4),
(76, 33, 2),
(77, 33, 3),
(78, 33, 1),
(79, 33, 4),
(80, 33, 4),
(81, 33, 1),
(82, 33, 2),
(83, 33, 6),
(84, 33, 8),
(85, 33, 1),
(86, 33, 10),
(87, 33, 6),
(88, 33, 6),
(89, 33, 4),
(90, 33, 3),
(91, 33, 9),
(92, 33, 7),
(93, 33, 6),
(94, 33, 8),
(95, 33, 2),
(96, 33, 8),
(97, 33, 5),
(98, 33, 5),
(99, 33, 1),
(100, 33, 10),
(1, 34, 10),
(2, 34, 6),
(3, 34, 3),
(4, 34, 1),
(5, 34, 2),
(6, 34, 9),
(7, 34, 6),
(8, 34, 2),
(9, 34, 3),
(10, 34, 9),
(11, 34, 5),
(12, 34, 5),
(13, 34, 2),
(14, 34, 1),
(15, 34, 3),
(16, 34, 1),
(17, 34, 7),
(18, 34, 4),
(19, 34, 9),
(20, 34, 6),
(21, 34, 6),
(22, 34, 5),
(23, 34, 4),
(24, 34, 2),
(25, 34, 3),
(26, 34, 5),
(27, 34, 4),
(28, 34, 4),
(29, 34, 1),
(30, 34, 5),
(31, 34, 3),
(32, 34, 2),
(33, 34, 9),
(34, 34, 7),
(35, 34, 3),
(36, 34, 7),
(37, 34, 7),
(38, 34, 7),
(39, 34, 4),
(40, 34, 1),
(41, 34, 5),
(42, 34, 8),
(43, 34, 6),
(44, 34, 9),
(45, 34, 7),
(46, 34, 10),
(47, 34, 6),
(48, 34, 8),
(49, 34, 7),
(50, 34, 9),
(51, 34, 8),
(52, 34, 4),
(53, 34, 1),
(54, 34, 5),
(55, 34, 4),
(56, 34, 6),
(57, 34, 2),
(58, 34, 10),
(59, 34, 6),
(60, 34, 8),
(61, 34, 6),
(62, 34, 2),
(63, 34, 5),
(64, 34, 6),
(65, 34, 5),
(66, 34, 2),
(67, 34, 6),
(68, 34, 5),
(69, 34, 4),
(70, 34, 5),
(71, 34, 5),
(72, 34, 1),
(73, 34, 10),
(74, 34, 7),
(75, 34, 5),
(76, 34, 6),
(77, 34, 6),
(78, 34, 2),
(79, 34, 6),
(80, 34, 1),
(81, 34, 8),
(82, 34, 6),
(83, 34, 5),
(84, 34, 2),
(85, 34, 9),
(86, 34, 4),
(87, 34, 3),
(88, 34, 4),
(89, 34, 10),
(90, 34, 7),
(91, 34, 10),
(92, 34, 7),
(93, 34, 8),
(94, 34, 1),
(95, 34, 6),
(96, 34, 5),
(97, 34, 3),
(98, 34, 3),
(99, 34, 5),
(100, 34, 3),
(1, 35, 10),
(2, 35, 9),
(3, 35, 5),
(4, 35, 7),
(5, 35, 10),
(6, 35, 1),
(7, 35, 1),
(8, 35, 6),
(9, 35, 1),
(10, 35, 2),
(11, 35, 8),
(12, 35, 9),
(13, 35, 5),
(14, 35, 2),
(15, 35, 4),
(16, 35, 2),
(17, 35, 7),
(18, 35, 7),
(19, 35, 2),
(20, 35, 4),
(21, 35, 5),
(22, 35, 9),
(23, 35, 3),
(24, 35, 4),
(25, 35, 4),
(26, 35, 5),
(27, 35, 9),
(28, 35, 5),
(29, 35, 7),
(30, 35, 9),
(31, 35, 10),
(32, 35, 1),
(33, 35, 3),
(34, 35, 9),
(35, 35, 9),
(36, 35, 7),
(37, 35, 9),
(38, 35, 2),
(39, 35, 8),
(40, 35, 7),
(41, 35, 10),
(42, 35, 3),
(43, 35, 7),
(44, 35, 5),
(45, 35, 2),
(46, 35, 6),
(47, 35, 4),
(48, 35, 3),
(49, 35, 2),
(50, 35, 5),
(51, 35, 9),
(52, 35, 4),
(53, 35, 9),
(54, 35, 9),
(55, 35, 10),
(56, 35, 10),
(57, 35, 2),
(58, 35, 9),
(59, 35, 4),
(60, 35, 9),
(61, 35, 10),
(62, 35, 5),
(63, 35, 8),
(64, 35, 3),
(65, 35, 9),
(66, 35, 9),
(67, 35, 10),
(68, 35, 10),
(69, 35, 7),
(70, 35, 2),
(71, 35, 2),
(72, 35, 8),
(73, 35, 3),
(74, 35, 2),
(75, 35, 5),
(76, 35, 6),
(77, 35, 10),
(78, 35, 7),
(79, 35, 10),
(80, 35, 4),
(81, 35, 4),
(82, 35, 4),
(83, 35, 5),
(84, 35, 3),
(85, 35, 4),
(86, 35, 10),
(87, 35, 7),
(88, 35, 6),
(89, 35, 5),
(90, 35, 1),
(91, 35, 8),
(92, 35, 6),
(93, 35, 3),
(94, 35, 6),
(95, 35, 4),
(96, 35, 5),
(97, 35, 4),
(98, 35, 6),
(99, 35, 10),
(100, 35, 4),
(1, 36, 9),
(2, 36, 7),
(3, 36, 5),
(4, 36, 3),
(5, 36, 3),
(6, 36, 10),
(7, 36, 5),
(8, 36, 3),
(9, 36, 2),
(10, 36, 1),
(11, 36, 6),
(12, 36, 7),
(13, 36, 10),
(14, 36, 4),
(15, 36, 4),
(16, 36, 4),
(17, 36, 2),
(18, 36, 4),
(19, 36, 8),
(20, 36, 9),
(21, 36, 4),
(22, 36, 1),
(23, 36, 2),
(24, 36, 6),
(25, 36, 9),
(26, 36, 3),
(27, 36, 4),
(28, 36, 7),
(29, 36, 6),
(30, 36, 3),
(31, 36, 7),
(32, 36, 2),
(33, 36, 5),
(34, 36, 3),
(35, 36, 2),
(36, 36, 2),
(37, 36, 3),
(38, 36, 5),
(39, 36, 8),
(40, 36, 4),
(41, 36, 10),
(42, 36, 2),
(43, 36, 5),
(44, 36, 2),
(45, 36, 5),
(46, 36, 8),
(47, 36, 2),
(48, 36, 5),
(49, 36, 5),
(50, 36, 7),
(51, 36, 9),
(52, 36, 10),
(53, 36, 1),
(54, 36, 10),
(55, 36, 10),
(56, 36, 9),
(57, 36, 1),
(58, 36, 10),
(59, 36, 7),
(60, 36, 5),
(61, 36, 2),
(62, 36, 2),
(63, 36, 5),
(64, 36, 9),
(65, 36, 7),
(66, 36, 4),
(67, 36, 4),
(68, 36, 3),
(69, 36, 2),
(70, 36, 2),
(71, 36, 5),
(72, 36, 1),
(73, 36, 6),
(74, 36, 5),
(75, 36, 4),
(76, 36, 8),
(77, 36, 6),
(78, 36, 9),
(79, 36, 10),
(80, 36, 8),
(81, 36, 4),
(82, 36, 3),
(83, 36, 10),
(84, 36, 8),
(85, 36, 5),
(86, 36, 5),
(87, 36, 1),
(88, 36, 6),
(89, 36, 3),
(90, 36, 4),
(91, 36, 7),
(92, 36, 2),
(93, 36, 9),
(94, 36, 1),
(95, 36, 4),
(96, 36, 3),
(97, 36, 6),
(98, 36, 8),
(99, 36, 8),
(100, 36, 3),
(1, 37, 5),
(2, 37, 7),
(3, 37, 1),
(4, 37, 7),
(5, 37, 9),
(6, 37, 9),
(7, 37, 3),
(8, 37, 2),
(9, 37, 2),
(10, 37, 6),
(11, 37, 2),
(12, 37, 10),
(13, 37, 7),
(14, 37, 6),
(15, 37, 5),
(16, 37, 5),
(17, 37, 8),
(18, 37, 5),
(19, 37, 6),
(20, 37, 5),
(21, 37, 2),
(22, 37, 9),
(23, 37, 5),
(24, 37, 1),
(25, 37, 7),
(26, 37, 7),
(27, 37, 5),
(28, 37, 7),
(29, 37, 7),
(30, 37, 10),
(31, 37, 7),
(32, 37, 4),
(33, 37, 5),
(34, 37, 7),
(35, 37, 4),
(36, 37, 2),
(37, 37, 2),
(38, 37, 10),
(39, 37, 7),
(40, 37, 10),
(41, 37, 2),
(42, 37, 5),
(43, 37, 5),
(44, 37, 4),
(45, 37, 7),
(46, 37, 5),
(47, 37, 9),
(48, 37, 10),
(49, 37, 9),
(50, 37, 5),
(51, 37, 6),
(52, 37, 1),
(53, 37, 5),
(54, 37, 6),
(55, 37, 8),
(56, 37, 8),
(57, 37, 10),
(58, 37, 5),
(59, 37, 1),
(60, 37, 10),
(61, 37, 6),
(62, 37, 8),
(63, 37, 4),
(64, 37, 10),
(65, 37, 5),
(66, 37, 6),
(67, 37, 8),
(68, 37, 10),
(69, 37, 10),
(70, 37, 10),
(71, 37, 7),
(72, 37, 7),
(73, 37, 3),
(74, 37, 7),
(75, 37, 4),
(76, 37, 5),
(77, 37, 6),
(78, 37, 1),
(79, 37, 9),
(80, 37, 9),
(81, 37, 4),
(82, 37, 1),
(83, 37, 9),
(84, 37, 4),
(85, 37, 8),
(86, 37, 1),
(87, 37, 2),
(88, 37, 7),
(89, 37, 9),
(90, 37, 2),
(91, 37, 1),
(92, 37, 5),
(93, 37, 7),
(94, 37, 8),
(95, 37, 9),
(96, 37, 9),
(97, 37, 6),
(98, 37, 5),
(99, 37, 8),
(100, 37, 8),
(1, 38, 7),
(2, 38, 6),
(3, 38, 5),
(4, 38, 7),
(5, 38, 8),
(6, 38, 1),
(7, 38, 6),
(8, 38, 3),
(9, 38, 8),
(10, 38, 6),
(11, 38, 6),
(12, 38, 3),
(13, 38, 6),
(14, 38, 8),
(15, 38, 8),
(16, 38, 9),
(17, 38, 9),
(18, 38, 5),
(19, 38, 5),
(20, 38, 2),
(21, 38, 1),
(22, 38, 5),
(23, 38, 6),
(24, 38, 9),
(25, 38, 8),
(26, 38, 1),
(27, 38, 2),
(28, 38, 4),
(29, 38, 3),
(30, 38, 9),
(31, 38, 4),
(32, 38, 9),
(33, 38, 9),
(34, 38, 9),
(35, 38, 1),
(36, 38, 7),
(37, 38, 7),
(38, 38, 4),
(39, 38, 6),
(40, 38, 4),
(41, 38, 6),
(42, 38, 6),
(43, 38, 8),
(44, 38, 3),
(45, 38, 2),
(46, 38, 6),
(47, 38, 7),
(48, 38, 6),
(49, 38, 9),
(50, 38, 6),
(51, 38, 6),
(52, 38, 3),
(53, 38, 10),
(54, 38, 8),
(55, 38, 9),
(56, 38, 9),
(57, 38, 8),
(58, 38, 3),
(59, 38, 5),
(60, 38, 2),
(61, 38, 5),
(62, 38, 5),
(63, 38, 2),
(64, 38, 8),
(65, 38, 4),
(66, 38, 3),
(67, 38, 4),
(68, 38, 4),
(69, 38, 6),
(70, 38, 4),
(71, 38, 9),
(72, 38, 9),
(73, 38, 9),
(74, 38, 10),
(75, 38, 5),
(76, 38, 5),
(77, 38, 7),
(78, 38, 3),
(79, 38, 6),
(80, 38, 5),
(81, 38, 3),
(82, 38, 7),
(83, 38, 5),
(84, 38, 5),
(85, 38, 8),
(86, 38, 5),
(87, 38, 2),
(88, 38, 4),
(89, 38, 5),
(90, 38, 7),
(91, 38, 8),
(92, 38, 6),
(93, 38, 6),
(94, 38, 10),
(95, 38, 10),
(96, 38, 6),
(97, 38, 3),
(98, 38, 9),
(99, 38, 4),
(100, 38, 7),
(1, 39, 10),
(2, 39, 6),
(3, 39, 7),
(4, 39, 10),
(5, 39, 10),
(6, 39, 5),
(7, 39, 8),
(8, 39, 2),
(9, 39, 6),
(10, 39, 2),
(11, 39, 4),
(12, 39, 10),
(13, 39, 3),
(14, 39, 8),
(15, 39, 6),
(16, 39, 1),
(17, 39, 8),
(18, 39, 6),
(19, 39, 1),
(20, 39, 1),
(21, 39, 1),
(22, 39, 2),
(23, 39, 1),
(24, 39, 4),
(25, 39, 7),
(26, 39, 8),
(27, 39, 2),
(28, 39, 6),
(29, 39, 3),
(30, 39, 4),
(31, 39, 6),
(32, 39, 7),
(33, 39, 1),
(34, 39, 1),
(35, 39, 7),
(36, 39, 6),
(37, 39, 5),
(38, 39, 2),
(39, 39, 3),
(40, 39, 8),
(41, 39, 6),
(42, 39, 10),
(43, 39, 9),
(44, 39, 2),
(45, 39, 9),
(46, 39, 7),
(47, 39, 10),
(48, 39, 10),
(49, 39, 2),
(50, 39, 1),
(51, 39, 2),
(52, 39, 4),
(53, 39, 2),
(54, 39, 5),
(55, 39, 1),
(56, 39, 1),
(57, 39, 3),
(58, 39, 3),
(59, 39, 9),
(60, 39, 5),
(61, 39, 8),
(62, 39, 5),
(63, 39, 7),
(64, 39, 1),
(65, 39, 5),
(66, 39, 6),
(67, 39, 9),
(68, 39, 6),
(69, 39, 5),
(70, 39, 2),
(71, 39, 2),
(72, 39, 7),
(73, 39, 2),
(74, 39, 7),
(75, 39, 4),
(76, 39, 5),
(77, 39, 1),
(78, 39, 2),
(79, 39, 1),
(80, 39, 1),
(81, 39, 10),
(82, 39, 7),
(83, 39, 1),
(84, 39, 8),
(85, 39, 8),
(86, 39, 8),
(87, 39, 3),
(88, 39, 1),
(89, 39, 7),
(90, 39, 3),
(91, 39, 3),
(92, 39, 10),
(93, 39, 10),
(94, 39, 6),
(95, 39, 6),
(96, 39, 9),
(97, 39, 9),
(98, 39, 1),
(99, 39, 5),
(100, 39, 1),
(1, 40, 4),
(2, 40, 10),
(3, 40, 4),
(4, 40, 1),
(5, 40, 4),
(6, 40, 6),
(7, 40, 10),
(8, 40, 7),
(9, 40, 2),
(10, 40, 3),
(11, 40, 7),
(12, 40, 2),
(13, 40, 4),
(14, 40, 1),
(15, 40, 5),
(16, 40, 10),
(17, 40, 7),
(18, 40, 5),
(19, 40, 3),
(20, 40, 3),
(21, 40, 8),
(22, 40, 2),
(23, 40, 4),
(24, 40, 5),
(25, 40, 7),
(26, 40, 8),
(27, 40, 4),
(28, 40, 2),
(29, 40, 6),
(30, 40, 1),
(31, 40, 10),
(32, 40, 10),
(33, 40, 2),
(34, 40, 2),
(35, 40, 7),
(36, 40, 4),
(37, 40, 2),
(38, 40, 2),
(39, 40, 7),
(40, 40, 7),
(41, 40, 2),
(42, 40, 7),
(43, 40, 8),
(44, 40, 3),
(45, 40, 7),
(46, 40, 3),
(47, 40, 5),
(48, 40, 5),
(49, 40, 7),
(50, 40, 1),
(51, 40, 4),
(52, 40, 8),
(53, 40, 2),
(54, 40, 8),
(55, 40, 2),
(56, 40, 9),
(57, 40, 8),
(58, 40, 9),
(59, 40, 10),
(60, 40, 6),
(61, 40, 4),
(62, 40, 7),
(63, 40, 9),
(64, 40, 9),
(65, 40, 8),
(66, 40, 5),
(67, 40, 7),
(68, 40, 9),
(69, 40, 2),
(70, 40, 9),
(71, 40, 9),
(72, 40, 4),
(73, 40, 7),
(74, 40, 3),
(75, 40, 7),
(76, 40, 2),
(77, 40, 3),
(78, 40, 2),
(79, 40, 4),
(80, 40, 3),
(81, 40, 7),
(82, 40, 10),
(83, 40, 5),
(84, 40, 2),
(85, 40, 8),
(86, 40, 1),
(87, 40, 3),
(88, 40, 6),
(89, 40, 2),
(90, 40, 7),
(91, 40, 9),
(92, 40, 10),
(93, 40, 6),
(94, 40, 10),
(95, 40, 6),
(96, 40, 3),
(97, 40, 8),
(98, 40, 7),
(99, 40, 1),
(100, 40, 7),
(1, 41, 10),
(2, 41, 8),
(3, 41, 7),
(4, 41, 5),
(5, 41, 6),
(6, 41, 7),
(7, 41, 9),
(8, 41, 8),
(9, 41, 1),
(10, 41, 5),
(11, 41, 8),
(12, 41, 6),
(13, 41, 2),
(14, 41, 4),
(15, 41, 9),
(16, 41, 7),
(17, 41, 2),
(18, 41, 8),
(19, 41, 5),
(20, 41, 2),
(21, 41, 5),
(22, 41, 8),
(23, 41, 5),
(24, 41, 6),
(25, 41, 1),
(26, 41, 9),
(27, 41, 10),
(28, 41, 7),
(29, 41, 8),
(30, 41, 4),
(31, 41, 10),
(32, 41, 4),
(33, 41, 8),
(34, 41, 4),
(35, 41, 10),
(36, 41, 2),
(37, 41, 6),
(38, 41, 7),
(39, 41, 9),
(40, 41, 10),
(41, 41, 5),
(42, 41, 8),
(43, 41, 7),
(44, 41, 10),
(45, 41, 1),
(46, 41, 7),
(47, 41, 1),
(48, 41, 6),
(49, 41, 4),
(50, 41, 6),
(51, 41, 8),
(52, 41, 9),
(53, 41, 3),
(54, 41, 3),
(55, 41, 6),
(56, 41, 3),
(57, 41, 6),
(58, 41, 3),
(59, 41, 9),
(60, 41, 7),
(61, 41, 9),
(62, 41, 7),
(63, 41, 1),
(64, 41, 10),
(65, 41, 6),
(66, 41, 7),
(67, 41, 4),
(68, 41, 2),
(69, 41, 2),
(70, 41, 10),
(71, 41, 1),
(72, 41, 3),
(73, 41, 2),
(74, 41, 3),
(75, 41, 2),
(76, 41, 4),
(77, 41, 6),
(78, 41, 4),
(79, 41, 8),
(80, 41, 5),
(81, 41, 4),
(82, 41, 9),
(83, 41, 10),
(84, 41, 3),
(85, 41, 5),
(86, 41, 4),
(87, 41, 3),
(88, 41, 6),
(89, 41, 4),
(90, 41, 8),
(91, 41, 3),
(92, 41, 7),
(93, 41, 10),
(94, 41, 7),
(95, 41, 10),
(96, 41, 10),
(97, 41, 1),
(98, 41, 6),
(99, 41, 7),
(100, 41, 2),
(1, 42, 1),
(2, 42, 6),
(3, 42, 5),
(4, 42, 3),
(5, 42, 2),
(6, 42, 1),
(7, 42, 8),
(8, 42, 4),
(9, 42, 8),
(10, 42, 6),
(11, 42, 8),
(12, 42, 2),
(13, 42, 5),
(14, 42, 4),
(15, 42, 1),
(16, 42, 5),
(17, 42, 8),
(18, 42, 6),
(19, 42, 7),
(20, 42, 7),
(21, 42, 6),
(22, 42, 10),
(23, 42, 1),
(24, 42, 1),
(25, 42, 4),
(26, 42, 2),
(27, 42, 3),
(28, 42, 9),
(29, 42, 1),
(30, 42, 1),
(31, 42, 10),
(32, 42, 4),
(33, 42, 3),
(34, 42, 3),
(35, 42, 8),
(36, 42, 9),
(37, 42, 3),
(38, 42, 5),
(39, 42, 3),
(40, 42, 2),
(41, 42, 7),
(42, 42, 5),
(43, 42, 5),
(44, 42, 1),
(45, 42, 5),
(46, 42, 7),
(47, 42, 10),
(48, 42, 9),
(49, 42, 3),
(50, 42, 10),
(51, 42, 5),
(52, 42, 3),
(53, 42, 7),
(54, 42, 2),
(55, 42, 4),
(56, 42, 8),
(57, 42, 1),
(58, 42, 9),
(59, 42, 9),
(60, 42, 2),
(61, 42, 7),
(62, 42, 10),
(63, 42, 8),
(64, 42, 10),
(65, 42, 3),
(66, 42, 7),
(67, 42, 8),
(68, 42, 4),
(69, 42, 6),
(70, 42, 9),
(71, 42, 5),
(72, 42, 8),
(73, 42, 7),
(74, 42, 10),
(75, 42, 7),
(76, 42, 9),
(77, 42, 10),
(78, 42, 8),
(79, 42, 4),
(80, 42, 5),
(81, 42, 1),
(82, 42, 4),
(83, 42, 8),
(84, 42, 7),
(85, 42, 5),
(86, 42, 8),
(87, 42, 2),
(88, 42, 2),
(89, 42, 3),
(90, 42, 9),
(91, 42, 5),
(92, 42, 10),
(93, 42, 3),
(94, 42, 9),
(95, 42, 8),
(96, 42, 3),
(97, 42, 2),
(98, 42, 3),
(99, 42, 10),
(100, 42, 8),
(1, 43, 7),
(2, 43, 2),
(3, 43, 3),
(4, 43, 2),
(5, 43, 5),
(6, 43, 9),
(7, 43, 2),
(8, 43, 5),
(9, 43, 8),
(10, 43, 9),
(11, 43, 6),
(12, 43, 10),
(13, 43, 6),
(14, 43, 4),
(15, 43, 7),
(16, 43, 7),
(17, 43, 7),
(18, 43, 9),
(19, 43, 2),
(20, 43, 4),
(21, 43, 6),
(22, 43, 10),
(23, 43, 2),
(24, 43, 9),
(25, 43, 10),
(26, 43, 8),
(27, 43, 6),
(28, 43, 7),
(29, 43, 2),
(30, 43, 6),
(31, 43, 4),
(32, 43, 5),
(33, 43, 1),
(34, 43, 5),
(35, 43, 6),
(36, 43, 10),
(37, 43, 2),
(38, 43, 4),
(39, 43, 1),
(40, 43, 5),
(41, 43, 8),
(42, 43, 1),
(43, 43, 8),
(44, 43, 8),
(45, 43, 5),
(46, 43, 5),
(47, 43, 10),
(48, 43, 10),
(49, 43, 1),
(50, 43, 7),
(51, 43, 7),
(52, 43, 3),
(53, 43, 3),
(54, 43, 6),
(55, 43, 3),
(56, 43, 7),
(57, 43, 6),
(58, 43, 8),
(59, 43, 1),
(60, 43, 4),
(61, 43, 8),
(62, 43, 9),
(63, 43, 8),
(64, 43, 6),
(65, 43, 8),
(66, 43, 6),
(67, 43, 8),
(68, 43, 7),
(69, 43, 4),
(70, 43, 3),
(71, 43, 9),
(72, 43, 10),
(73, 43, 9),
(74, 43, 7),
(75, 43, 3),
(76, 43, 4),
(77, 43, 8),
(78, 43, 2),
(79, 43, 6),
(80, 43, 10),
(81, 43, 6),
(82, 43, 6),
(83, 43, 3),
(84, 43, 2),
(85, 43, 7),
(86, 43, 5),
(87, 43, 2),
(88, 43, 3),
(89, 43, 9),
(90, 43, 4),
(91, 43, 3),
(92, 43, 2),
(93, 43, 1),
(94, 43, 8),
(95, 43, 4),
(96, 43, 2),
(97, 43, 9),
(98, 43, 9),
(99, 43, 9),
(100, 43, 4),
(1, 44, 4),
(2, 44, 1),
(3, 44, 4),
(4, 44, 5),
(5, 44, 9),
(6, 44, 6),
(7, 44, 6),
(8, 44, 7),
(9, 44, 6),
(10, 44, 5),
(11, 44, 7),
(12, 44, 6),
(13, 44, 8),
(14, 44, 3),
(15, 44, 9),
(16, 44, 3),
(17, 44, 7),
(18, 44, 8),
(19, 44, 1),
(20, 44, 9),
(21, 44, 7),
(22, 44, 7),
(23, 44, 2),
(24, 44, 2),
(25, 44, 1),
(26, 44, 5),
(27, 44, 8),
(28, 44, 10),
(29, 44, 10),
(30, 44, 1),
(31, 44, 5),
(32, 44, 7),
(33, 44, 3),
(34, 44, 10),
(35, 44, 4),
(36, 44, 1),
(37, 44, 7),
(38, 44, 1),
(39, 44, 8),
(40, 44, 1),
(41, 44, 7),
(42, 44, 1),
(43, 44, 1),
(44, 44, 2),
(45, 44, 7),
(46, 44, 10),
(47, 44, 2),
(48, 44, 7),
(49, 44, 8),
(50, 44, 7),
(51, 44, 8),
(52, 44, 3),
(53, 44, 5),
(54, 44, 3),
(55, 44, 8),
(56, 44, 7),
(57, 44, 4),
(58, 44, 2),
(59, 44, 6),
(60, 44, 10),
(61, 44, 7),
(62, 44, 8),
(63, 44, 9),
(64, 44, 9),
(65, 44, 3),
(66, 44, 9),
(67, 44, 8),
(68, 44, 5),
(69, 44, 8),
(70, 44, 3),
(71, 44, 3),
(72, 44, 4),
(73, 44, 10),
(74, 44, 2),
(75, 44, 1),
(76, 44, 8),
(77, 44, 8),
(78, 44, 5),
(79, 44, 3),
(80, 44, 8),
(81, 44, 7),
(82, 44, 8),
(83, 44, 2),
(84, 44, 7),
(85, 44, 1),
(86, 44, 10),
(87, 44, 10),
(88, 44, 5),
(89, 44, 3),
(90, 44, 7),
(91, 44, 1),
(92, 44, 2),
(93, 44, 9),
(94, 44, 10),
(95, 44, 5),
(96, 44, 6),
(97, 44, 7),
(98, 44, 6),
(99, 44, 7),
(100, 44, 10),
(1, 45, 10),
(2, 45, 5),
(3, 45, 8),
(4, 45, 2),
(5, 45, 1),
(6, 45, 10),
(7, 45, 8),
(8, 45, 5),
(9, 45, 1),
(10, 45, 2),
(11, 45, 2),
(12, 45, 6),
(13, 45, 8),
(14, 45, 10),
(15, 45, 8),
(16, 45, 1),
(17, 45, 5),
(18, 45, 5),
(19, 45, 8),
(20, 45, 3),
(21, 45, 3),
(22, 45, 5),
(23, 45, 10),
(24, 45, 8),
(25, 45, 5),
(26, 45, 5),
(27, 45, 8),
(28, 45, 3),
(29, 45, 9),
(30, 45, 4),
(31, 45, 8),
(32, 45, 8),
(33, 45, 6),
(34, 45, 8),
(35, 45, 3),
(36, 45, 7),
(37, 45, 7),
(38, 45, 9),
(39, 45, 1),
(40, 45, 2),
(41, 45, 8),
(42, 45, 3),
(43, 45, 4),
(44, 45, 6),
(45, 45, 8),
(46, 45, 6),
(47, 45, 3),
(48, 45, 5),
(49, 45, 9),
(50, 45, 1),
(51, 45, 6),
(52, 45, 3),
(53, 45, 4),
(54, 45, 10),
(55, 45, 5),
(56, 45, 9),
(57, 45, 4),
(58, 45, 5),
(59, 45, 7),
(60, 45, 5),
(61, 45, 4),
(62, 45, 3),
(63, 45, 2),
(64, 45, 10),
(65, 45, 9),
(66, 45, 1),
(67, 45, 7),
(68, 45, 2),
(69, 45, 8),
(70, 45, 5),
(71, 45, 7),
(72, 45, 6),
(73, 45, 7),
(74, 45, 1),
(75, 45, 8),
(76, 45, 8),
(77, 45, 10),
(78, 45, 5),
(79, 45, 4),
(80, 45, 2),
(81, 45, 7),
(82, 45, 1),
(83, 45, 8),
(84, 45, 9),
(85, 45, 4),
(86, 45, 3),
(87, 45, 5),
(88, 45, 4),
(89, 45, 2),
(90, 45, 5),
(91, 45, 5),
(92, 45, 4),
(93, 45, 10),
(94, 45, 6),
(95, 45, 8),
(96, 45, 8),
(97, 45, 2),
(98, 45, 8),
(99, 45, 3),
(100, 45, 7),
(1, 46, 10),
(2, 46, 1),
(3, 46, 2),
(4, 46, 1),
(5, 46, 5),
(6, 46, 2),
(7, 46, 8),
(8, 46, 7),
(9, 46, 4),
(10, 46, 1),
(11, 46, 5),
(12, 46, 10),
(13, 46, 1),
(14, 46, 6),
(15, 46, 6),
(16, 46, 4),
(17, 46, 1),
(18, 46, 5),
(19, 46, 5),
(20, 46, 2),
(21, 46, 10),
(22, 46, 7),
(23, 46, 8),
(24, 46, 10),
(25, 46, 3),
(26, 46, 8),
(27, 46, 7),
(28, 46, 9),
(29, 46, 8),
(30, 46, 5),
(31, 46, 4),
(32, 46, 7),
(33, 46, 3),
(34, 46, 4),
(35, 46, 5),
(36, 46, 8),
(37, 46, 4),
(38, 46, 7),
(39, 46, 8),
(40, 46, 7),
(41, 46, 5),
(42, 46, 3),
(43, 46, 10),
(44, 46, 7),
(45, 46, 3),
(46, 46, 7),
(47, 46, 4),
(48, 46, 9),
(49, 46, 8),
(50, 46, 2),
(51, 46, 10),
(52, 46, 10),
(53, 46, 7),
(54, 46, 8),
(55, 46, 1),
(56, 46, 7),
(57, 46, 5),
(58, 46, 7),
(59, 46, 6),
(60, 46, 2),
(61, 46, 3),
(62, 46, 3),
(63, 46, 10),
(64, 46, 7),
(65, 46, 10),
(66, 46, 9),
(67, 46, 10),
(68, 46, 3),
(69, 46, 2),
(70, 46, 3),
(71, 46, 5),
(72, 46, 9),
(73, 46, 5),
(74, 46, 4),
(75, 46, 2),
(76, 46, 2),
(77, 46, 6),
(78, 46, 7),
(79, 46, 4),
(80, 46, 5),
(81, 46, 6),
(82, 46, 5),
(83, 46, 1),
(84, 46, 7),
(85, 46, 9),
(86, 46, 10),
(87, 46, 6),
(88, 46, 1),
(89, 46, 8),
(90, 46, 2),
(91, 46, 4),
(92, 46, 2),
(93, 46, 2),
(94, 46, 6),
(95, 46, 4),
(96, 46, 1),
(97, 46, 10),
(98, 46, 7),
(99, 46, 1),
(100, 46, 3),
(1, 47, 9),
(2, 47, 1),
(3, 47, 9),
(4, 47, 10),
(5, 47, 5),
(6, 47, 1),
(7, 47, 5),
(8, 47, 9),
(9, 47, 8),
(10, 47, 8),
(11, 47, 9),
(12, 47, 5),
(13, 47, 2),
(14, 47, 7),
(15, 47, 1),
(16, 47, 1),
(17, 47, 3),
(18, 47, 10),
(19, 47, 4),
(20, 47, 1),
(21, 47, 7),
(22, 47, 10),
(23, 47, 2),
(24, 47, 2),
(25, 47, 5),
(26, 47, 6),
(27, 47, 2),
(28, 47, 4),
(29, 47, 4),
(30, 47, 7),
(31, 47, 9),
(32, 47, 9),
(33, 47, 4),
(34, 47, 7),
(35, 47, 2),
(36, 47, 1),
(37, 47, 8),
(38, 47, 2),
(39, 47, 6),
(40, 47, 6),
(41, 47, 4),
(42, 47, 1),
(43, 47, 7),
(44, 47, 1),
(45, 47, 7),
(46, 47, 4),
(47, 47, 7),
(48, 47, 1),
(49, 47, 10),
(50, 47, 4),
(51, 47, 3),
(52, 47, 10),
(53, 47, 1),
(54, 47, 4),
(55, 47, 4),
(56, 47, 9),
(57, 47, 1),
(58, 47, 10),
(59, 47, 3),
(60, 47, 1),
(61, 47, 9),
(62, 47, 6),
(63, 47, 7),
(64, 47, 1),
(65, 47, 7),
(66, 47, 7),
(67, 47, 8),
(68, 47, 5),
(69, 47, 10),
(70, 47, 2),
(71, 47, 8),
(72, 47, 2),
(73, 47, 3),
(74, 47, 8),
(75, 47, 7),
(76, 47, 1),
(77, 47, 10),
(78, 47, 5),
(79, 47, 8),
(80, 47, 6),
(81, 47, 6),
(82, 47, 2),
(83, 47, 4),
(84, 47, 9),
(85, 47, 2),
(86, 47, 9),
(87, 47, 1),
(88, 47, 9),
(89, 47, 5),
(90, 47, 8),
(91, 47, 2),
(92, 47, 6),
(93, 47, 7),
(94, 47, 5),
(95, 47, 7),
(96, 47, 7),
(97, 47, 9),
(98, 47, 5),
(99, 47, 8),
(100, 47, 2),
(1, 48, 8),
(2, 48, 7),
(3, 48, 1),
(4, 48, 7),
(5, 48, 3),
(6, 48, 2),
(7, 48, 3),
(8, 48, 1),
(9, 48, 7),
(10, 48, 8),
(11, 48, 10),
(12, 48, 6),
(13, 48, 10),
(14, 48, 9),
(15, 48, 10),
(16, 48, 1),
(17, 48, 3),
(18, 48, 1),
(19, 48, 3),
(20, 48, 8),
(21, 48, 10),
(22, 48, 7),
(23, 48, 7),
(24, 48, 3),
(25, 48, 2),
(26, 48, 9),
(27, 48, 5),
(28, 48, 2),
(29, 48, 9),
(30, 48, 5),
(31, 48, 8),
(32, 48, 10),
(33, 48, 8),
(34, 48, 6),
(35, 48, 2),
(36, 48, 3),
(37, 48, 5),
(38, 48, 1),
(39, 48, 7),
(40, 48, 4),
(41, 48, 1),
(42, 48, 10),
(43, 48, 9),
(44, 48, 3),
(45, 48, 1),
(46, 48, 1),
(47, 48, 5),
(48, 48, 6),
(49, 48, 1),
(50, 48, 9),
(51, 48, 3),
(52, 48, 3),
(53, 48, 8),
(54, 48, 9),
(55, 48, 7),
(56, 48, 8),
(57, 48, 3),
(58, 48, 2),
(59, 48, 1),
(60, 48, 1),
(61, 48, 9),
(62, 48, 10),
(63, 48, 4),
(64, 48, 3),
(65, 48, 2),
(66, 48, 9),
(67, 48, 7),
(68, 48, 1),
(69, 48, 7),
(70, 48, 7),
(71, 48, 4),
(72, 48, 3),
(73, 48, 3),
(74, 48, 8),
(75, 48, 10),
(76, 48, 2),
(77, 48, 1),
(78, 48, 5),
(79, 48, 8),
(80, 48, 8),
(81, 48, 8),
(82, 48, 5),
(83, 48, 10),
(84, 48, 8),
(85, 48, 7),
(86, 48, 1),
(87, 48, 4),
(88, 48, 2),
(89, 48, 4),
(90, 48, 7),
(91, 48, 7),
(92, 48, 1),
(93, 48, 8),
(94, 48, 10),
(95, 48, 2),
(96, 48, 2),
(97, 48, 10),
(98, 48, 1),
(99, 48, 3),
(100, 48, 8),
(1, 49, 3),
(2, 49, 7),
(3, 49, 10),
(4, 49, 3),
(5, 49, 6),
(6, 49, 10),
(7, 49, 5),
(8, 49, 1),
(9, 49, 8),
(10, 49, 9),
(11, 49, 9),
(12, 49, 2),
(13, 49, 7),
(14, 49, 3),
(15, 49, 5),
(16, 49, 6),
(17, 49, 2),
(18, 49, 4),
(19, 49, 7),
(20, 49, 8),
(21, 49, 4),
(22, 49, 7),
(23, 49, 9),
(24, 49, 7),
(25, 49, 1),
(26, 49, 10),
(27, 49, 1),
(28, 49, 3),
(29, 49, 5),
(30, 49, 1),
(31, 49, 8),
(32, 49, 5),
(33, 49, 3),
(34, 49, 9),
(35, 49, 5),
(36, 49, 5),
(37, 49, 6),
(38, 49, 3),
(39, 49, 10),
(40, 49, 10),
(41, 49, 5),
(42, 49, 1),
(43, 49, 3),
(44, 49, 8),
(45, 49, 5),
(46, 49, 3),
(47, 49, 9),
(48, 49, 2),
(49, 49, 1),
(50, 49, 9),
(51, 49, 3),
(52, 49, 9),
(53, 49, 3),
(54, 49, 5),
(55, 49, 4),
(56, 49, 9),
(57, 49, 7),
(58, 49, 4),
(59, 49, 5),
(60, 49, 8),
(61, 49, 4),
(62, 49, 9),
(63, 49, 3),
(64, 49, 1),
(65, 49, 1),
(66, 49, 3),
(67, 49, 2),
(68, 49, 9),
(69, 49, 1),
(70, 49, 5),
(71, 49, 1),
(72, 49, 10),
(73, 49, 4),
(74, 49, 2),
(75, 49, 6),
(76, 49, 5),
(77, 49, 6),
(78, 49, 4),
(79, 49, 4),
(80, 49, 7),
(81, 49, 4),
(82, 49, 2),
(83, 49, 3),
(84, 49, 1),
(85, 49, 4),
(86, 49, 9),
(87, 49, 3),
(88, 49, 6),
(89, 49, 8),
(90, 49, 9),
(91, 49, 7),
(92, 49, 4),
(93, 49, 3),
(94, 49, 10),
(95, 49, 5),
(96, 49, 10),
(97, 49, 8),
(98, 49, 10),
(99, 49, 7),
(100, 49, 6),
(1, 50, 6),
(2, 50, 9),
(3, 50, 8),
(4, 50, 5),
(5, 50, 10),
(6, 50, 1),
(7, 50, 9),
(8, 50, 3),
(9, 50, 2),
(10, 50, 1),
(11, 50, 1),
(12, 50, 1),
(13, 50, 9),
(14, 50, 9),
(15, 50, 4),
(16, 50, 10),
(17, 50, 5),
(18, 50, 10),
(19, 50, 1),
(20, 50, 6),
(21, 50, 5),
(22, 50, 6),
(23, 50, 8),
(24, 50, 6),
(25, 50, 7),
(26, 50, 5),
(27, 50, 5),
(28, 50, 10),
(29, 50, 3),
(30, 50, 7),
(31, 50, 9),
(32, 50, 10),
(33, 50, 7),
(34, 50, 9),
(35, 50, 8),
(36, 50, 5),
(37, 50, 8),
(38, 50, 3),
(39, 50, 6),
(40, 50, 7),
(41, 50, 9),
(42, 50, 9),
(43, 50, 1),
(44, 50, 3),
(45, 50, 8),
(46, 50, 3),
(47, 50, 6),
(48, 50, 10),
(49, 50, 2),
(50, 50, 6),
(51, 50, 10),
(52, 50, 2),
(53, 50, 4),
(54, 50, 3),
(55, 50, 7),
(56, 50, 4),
(57, 50, 4),
(58, 50, 7),
(59, 50, 5),
(60, 50, 8),
(61, 50, 6),
(62, 50, 4),
(63, 50, 10),
(64, 50, 6),
(65, 50, 7),
(66, 50, 4),
(67, 50, 4),
(68, 50, 3),
(69, 50, 8),
(70, 50, 2),
(71, 50, 9),
(72, 50, 5),
(73, 50, 5),
(74, 50, 6),
(75, 50, 6),
(76, 50, 3),
(77, 50, 3),
(78, 50, 3),
(79, 50, 8),
(80, 50, 6),
(81, 50, 5),
(82, 50, 8),
(83, 50, 4),
(84, 50, 3),
(85, 50, 7),
(86, 50, 4),
(87, 50, 3),
(88, 50, 9),
(89, 50, 8),
(90, 50, 8),
(91, 50, 4),
(92, 50, 1),
(93, 50, 2),
(94, 50, 9),
(95, 50, 4),
(96, 50, 9),
(97, 50, 9),
(98, 50, 1),
(99, 50, 8),
(100, 50, 4),
(1, 51, 4),
(2, 51, 5),
(3, 51, 9),
(4, 51, 7),
(5, 51, 2),
(6, 51, 7),
(7, 51, 9),
(8, 51, 9),
(9, 51, 1),
(10, 51, 10),
(11, 51, 3),
(12, 51, 9),
(13, 51, 1),
(14, 51, 4),
(15, 51, 3),
(16, 51, 8),
(17, 51, 9),
(18, 51, 1),
(19, 51, 2),
(20, 51, 4),
(21, 51, 3),
(22, 51, 8),
(23, 51, 2),
(24, 51, 6),
(25, 51, 1),
(26, 51, 2),
(27, 51, 4),
(28, 51, 4),
(29, 51, 6),
(30, 51, 4),
(31, 51, 5),
(32, 51, 2),
(33, 51, 5),
(34, 51, 10),
(35, 51, 1),
(36, 51, 7),
(37, 51, 4),
(38, 51, 4),
(39, 51, 10),
(40, 51, 4),
(41, 51, 2),
(42, 51, 4),
(43, 51, 1),
(44, 51, 5),
(45, 51, 7),
(46, 51, 6),
(47, 51, 6),
(48, 51, 7),
(49, 51, 4),
(50, 51, 5),
(51, 51, 5),
(52, 51, 9),
(53, 51, 6),
(54, 51, 8),
(55, 51, 4),
(56, 51, 10),
(57, 51, 8),
(58, 51, 3),
(59, 51, 8),
(60, 51, 10),
(61, 51, 8),
(62, 51, 4),
(63, 51, 1),
(64, 51, 10),
(65, 51, 8),
(66, 51, 5),
(67, 51, 6),
(68, 51, 10),
(69, 51, 9),
(70, 51, 6),
(71, 51, 5),
(72, 51, 2),
(73, 51, 3),
(74, 51, 6),
(75, 51, 3),
(76, 51, 8),
(77, 51, 6),
(78, 51, 10),
(79, 51, 4),
(80, 51, 5),
(81, 51, 10),
(82, 51, 10),
(83, 51, 1),
(84, 51, 10),
(85, 51, 1),
(86, 51, 1),
(87, 51, 6),
(88, 51, 2),
(89, 51, 9),
(90, 51, 1),
(91, 51, 10),
(92, 51, 10),
(93, 51, 1),
(94, 51, 9),
(95, 51, 6),
(96, 51, 1),
(97, 51, 10),
(98, 51, 7),
(99, 51, 9),
(100, 51, 5),
(1, 52, 6),
(2, 52, 1),
(3, 52, 7),
(4, 52, 4),
(5, 52, 2),
(6, 52, 7),
(7, 52, 7),
(8, 52, 2),
(9, 52, 5),
(10, 52, 6),
(11, 52, 5),
(12, 52, 6),
(13, 52, 6),
(14, 52, 10),
(15, 52, 7),
(16, 52, 9),
(17, 52, 6),
(18, 52, 5),
(19, 52, 3),
(20, 52, 9),
(21, 52, 10),
(22, 52, 7),
(23, 52, 7),
(24, 52, 4),
(25, 52, 4),
(26, 52, 5),
(27, 52, 8),
(28, 52, 6),
(29, 52, 9),
(30, 52, 9),
(31, 52, 3),
(32, 52, 4),
(33, 52, 10),
(34, 52, 2),
(35, 52, 4),
(36, 52, 9),
(37, 52, 10),
(38, 52, 2),
(39, 52, 5),
(40, 52, 2),
(41, 52, 2),
(42, 52, 2),
(43, 52, 4),
(44, 52, 1),
(45, 52, 5),
(46, 52, 2),
(47, 52, 8),
(48, 52, 8),
(49, 52, 10),
(50, 52, 4),
(51, 52, 2),
(52, 52, 3),
(53, 52, 8),
(54, 52, 2),
(55, 52, 8),
(56, 52, 9),
(57, 52, 5),
(58, 52, 7),
(59, 52, 2),
(60, 52, 5),
(61, 52, 7),
(62, 52, 7),
(63, 52, 10),
(64, 52, 6),
(65, 52, 1),
(66, 52, 2),
(67, 52, 4),
(68, 52, 8),
(69, 52, 3),
(70, 52, 5),
(71, 52, 6),
(72, 52, 3),
(73, 52, 2),
(74, 52, 3),
(75, 52, 10),
(76, 52, 9),
(77, 52, 9),
(78, 52, 8),
(79, 52, 8),
(80, 52, 5),
(81, 52, 9),
(82, 52, 9),
(83, 52, 9),
(84, 52, 2),
(85, 52, 8),
(86, 52, 8),
(87, 52, 10),
(88, 52, 8),
(89, 52, 2),
(90, 52, 1),
(91, 52, 4),
(92, 52, 7),
(93, 52, 10),
(94, 52, 7),
(95, 52, 8),
(96, 52, 4),
(97, 52, 10),
(98, 52, 8),
(99, 52, 4),
(100, 52, 6),
(1, 53, 8),
(2, 53, 4),
(3, 53, 5),
(4, 53, 8),
(5, 53, 7),
(6, 53, 5),
(7, 53, 1),
(8, 53, 1),
(9, 53, 3),
(10, 53, 5),
(11, 53, 6),
(12, 53, 4),
(13, 53, 1),
(14, 53, 2),
(15, 53, 6),
(16, 53, 10),
(17, 53, 7),
(18, 53, 1),
(19, 53, 3),
(20, 53, 4),
(21, 53, 6),
(22, 53, 6),
(23, 53, 5),
(24, 53, 10),
(25, 53, 8),
(26, 53, 7),
(27, 53, 7),
(28, 53, 10),
(29, 53, 7),
(30, 53, 3),
(31, 53, 3),
(32, 53, 5),
(33, 53, 4),
(34, 53, 5),
(35, 53, 8),
(36, 53, 5),
(37, 53, 1),
(38, 53, 6),
(39, 53, 2),
(40, 53, 1),
(41, 53, 6),
(42, 53, 9),
(43, 53, 2),
(44, 53, 7),
(45, 53, 2),
(46, 53, 5),
(47, 53, 2),
(48, 53, 10),
(49, 53, 2),
(50, 53, 7),
(51, 53, 1),
(52, 53, 4),
(53, 53, 7),
(54, 53, 6),
(55, 53, 2),
(56, 53, 7),
(57, 53, 3),
(58, 53, 4),
(59, 53, 3),
(60, 53, 3),
(61, 53, 10),
(62, 53, 4),
(63, 53, 8),
(64, 53, 9),
(65, 53, 8),
(66, 53, 8),
(67, 53, 10),
(68, 53, 2),
(69, 53, 1),
(70, 53, 4),
(71, 53, 1),
(72, 53, 10),
(73, 53, 1),
(74, 53, 9),
(75, 53, 9),
(76, 53, 3),
(77, 53, 10),
(78, 53, 5),
(79, 53, 4),
(80, 53, 7),
(81, 53, 2),
(82, 53, 10),
(83, 53, 1),
(84, 53, 8),
(85, 53, 2),
(86, 53, 10),
(87, 53, 2),
(88, 53, 3),
(89, 53, 3),
(90, 53, 3),
(91, 53, 5),
(92, 53, 4),
(93, 53, 7),
(94, 53, 9),
(95, 53, 9),
(96, 53, 1),
(97, 53, 4),
(98, 53, 3),
(99, 53, 3),
(100, 53, 5),
(1, 54, 4),
(2, 54, 3),
(3, 54, 7),
(4, 54, 10),
(5, 54, 8),
(6, 54, 2),
(7, 54, 6),
(8, 54, 8),
(9, 54, 9),
(10, 54, 6),
(11, 54, 5),
(12, 54, 9),
(13, 54, 1),
(14, 54, 1),
(15, 54, 2),
(16, 54, 1),
(17, 54, 1),
(18, 54, 1),
(19, 54, 6),
(20, 54, 3),
(21, 54, 7),
(22, 54, 9),
(23, 54, 1),
(24, 54, 4),
(25, 54, 10),
(26, 54, 3),
(27, 54, 5),
(28, 54, 9),
(29, 54, 1),
(30, 54, 5),
(31, 54, 9),
(32, 54, 4),
(33, 54, 1),
(34, 54, 1),
(35, 54, 8),
(36, 54, 5),
(37, 54, 3),
(38, 54, 10),
(39, 54, 8),
(40, 54, 8),
(41, 54, 9),
(42, 54, 10),
(43, 54, 4),
(44, 54, 1),
(45, 54, 10),
(46, 54, 9),
(47, 54, 1),
(48, 54, 10),
(49, 54, 9),
(50, 54, 6),
(51, 54, 8),
(52, 54, 10),
(53, 54, 2),
(54, 54, 5),
(55, 54, 2),
(56, 54, 3),
(57, 54, 9),
(58, 54, 9),
(59, 54, 3),
(60, 54, 1),
(61, 54, 9),
(62, 54, 8),
(63, 54, 2),
(64, 54, 3),
(65, 54, 7),
(66, 54, 7),
(67, 54, 2),
(68, 54, 5),
(69, 54, 7),
(70, 54, 5),
(71, 54, 4),
(72, 54, 4),
(73, 54, 3),
(74, 54, 5),
(75, 54, 5),
(76, 54, 6),
(77, 54, 9),
(78, 54, 5),
(79, 54, 2),
(80, 54, 6),
(81, 54, 4),
(82, 54, 3),
(83, 54, 5),
(84, 54, 8),
(85, 54, 7),
(86, 54, 8),
(87, 54, 4),
(88, 54, 10),
(89, 54, 5),
(90, 54, 10),
(91, 54, 5),
(92, 54, 2),
(93, 54, 1),
(94, 54, 4),
(95, 54, 4),
(96, 54, 9),
(97, 54, 9),
(98, 54, 4),
(99, 54, 9),
(100, 54, 1),
(1, 55, 5),
(2, 55, 5),
(3, 55, 7),
(4, 55, 10),
(5, 55, 6),
(6, 55, 1),
(7, 55, 7),
(8, 55, 9),
(9, 55, 7),
(10, 55, 9),
(11, 55, 9),
(12, 55, 10),
(13, 55, 3),
(14, 55, 8),
(15, 55, 10),
(16, 55, 1),
(17, 55, 2),
(18, 55, 9),
(19, 55, 4),
(20, 55, 10),
(21, 55, 9),
(22, 55, 4),
(23, 55, 6),
(24, 55, 7),
(25, 55, 3),
(26, 55, 5),
(27, 55, 5),
(28, 55, 7),
(29, 55, 8),
(30, 55, 7),
(31, 55, 5),
(32, 55, 8),
(33, 55, 8),
(34, 55, 8),
(35, 55, 3),
(36, 55, 1),
(37, 55, 5),
(38, 55, 9),
(39, 55, 10),
(40, 55, 3),
(41, 55, 1),
(42, 55, 5),
(43, 55, 9),
(44, 55, 2),
(45, 55, 5),
(46, 55, 10),
(47, 55, 4),
(48, 55, 6),
(49, 55, 6),
(50, 55, 3),
(51, 55, 1),
(52, 55, 7),
(53, 55, 5),
(54, 55, 3),
(55, 55, 5),
(56, 55, 1),
(57, 55, 2),
(58, 55, 7),
(59, 55, 5),
(60, 55, 7),
(61, 55, 10),
(62, 55, 4),
(63, 55, 5),
(64, 55, 4),
(65, 55, 6),
(66, 55, 6),
(67, 55, 4),
(68, 55, 9),
(69, 55, 8),
(70, 55, 2),
(71, 55, 1),
(72, 55, 4),
(73, 55, 7),
(74, 55, 5),
(75, 55, 3),
(76, 55, 4),
(77, 55, 9),
(78, 55, 6),
(79, 55, 7),
(80, 55, 10),
(81, 55, 9),
(82, 55, 3),
(83, 55, 1),
(84, 55, 2),
(85, 55, 3),
(86, 55, 2),
(87, 55, 3),
(88, 55, 1),
(89, 55, 1),
(90, 55, 9),
(91, 55, 6),
(92, 55, 1),
(93, 55, 7),
(94, 55, 1),
(95, 55, 10),
(96, 55, 7),
(97, 55, 1),
(98, 55, 5),
(99, 55, 4),
(100, 55, 1),
(1, 56, 2),
(2, 56, 1),
(3, 56, 2),
(4, 56, 5),
(5, 56, 4),
(6, 56, 3),
(7, 56, 5),
(8, 56, 4),
(9, 56, 6),
(10, 56, 5),
(11, 56, 3),
(12, 56, 10),
(13, 56, 3),
(14, 56, 2),
(15, 56, 7),
(16, 56, 2),
(17, 56, 10),
(18, 56, 10),
(19, 56, 4),
(20, 56, 1),
(21, 56, 6),
(22, 56, 5),
(23, 56, 2),
(24, 56, 4),
(25, 56, 6),
(26, 56, 8),
(27, 56, 1),
(28, 56, 10),
(29, 56, 9),
(30, 56, 9),
(31, 56, 5),
(32, 56, 10),
(33, 56, 8),
(34, 56, 10),
(35, 56, 6),
(36, 56, 6),
(37, 56, 2),
(38, 56, 9),
(39, 56, 5),
(40, 56, 6),
(41, 56, 3),
(42, 56, 10),
(43, 56, 7),
(44, 56, 4),
(45, 56, 10),
(46, 56, 3),
(47, 56, 9),
(48, 56, 6),
(49, 56, 3),
(50, 56, 1),
(51, 56, 7),
(52, 56, 8),
(53, 56, 4),
(54, 56, 7),
(55, 56, 1),
(56, 56, 9),
(57, 56, 4),
(58, 56, 5),
(59, 56, 7),
(60, 56, 1),
(61, 56, 3),
(62, 56, 4),
(63, 56, 8),
(64, 56, 6),
(65, 56, 2),
(66, 56, 1),
(67, 56, 2),
(68, 56, 5),
(69, 56, 9),
(70, 56, 3),
(71, 56, 8),
(72, 56, 5),
(73, 56, 6),
(74, 56, 7),
(75, 56, 6),
(76, 56, 7),
(77, 56, 4),
(78, 56, 5),
(79, 56, 9),
(80, 56, 4),
(81, 56, 1),
(82, 56, 5),
(83, 56, 2),
(84, 56, 5),
(85, 56, 9),
(86, 56, 6),
(87, 56, 7),
(88, 56, 10),
(89, 56, 10),
(90, 56, 7),
(91, 56, 1),
(92, 56, 7),
(93, 56, 5),
(94, 56, 5),
(95, 56, 3),
(96, 56, 7),
(97, 56, 1),
(98, 56, 1),
(99, 56, 3),
(100, 56, 8),
(1, 57, 6),
(2, 57, 7),
(3, 57, 8),
(4, 57, 4),
(5, 57, 4),
(6, 57, 4),
(7, 57, 5),
(8, 57, 9),
(9, 57, 2),
(10, 57, 9),
(11, 57, 4),
(12, 57, 9),
(13, 57, 2),
(14, 57, 7),
(15, 57, 8),
(16, 57, 6),
(17, 57, 2),
(18, 57, 1),
(19, 57, 6),
(20, 57, 1),
(21, 57, 8),
(22, 57, 10),
(23, 57, 2),
(24, 57, 5),
(25, 57, 4),
(26, 57, 3),
(27, 57, 9),
(28, 57, 7),
(29, 57, 6),
(30, 57, 6),
(31, 57, 10),
(32, 57, 7),
(33, 57, 3),
(34, 57, 7),
(35, 57, 7),
(36, 57, 4),
(37, 57, 6),
(38, 57, 6),
(39, 57, 6),
(40, 57, 8),
(41, 57, 8),
(42, 57, 1),
(43, 57, 2),
(44, 57, 9),
(45, 57, 5),
(46, 57, 9),
(47, 57, 9),
(48, 57, 7),
(49, 57, 6),
(50, 57, 8),
(51, 57, 3),
(52, 57, 2),
(53, 57, 6),
(54, 57, 5),
(55, 57, 6),
(56, 57, 9),
(57, 57, 2),
(58, 57, 2),
(59, 57, 9),
(60, 57, 2),
(61, 57, 7),
(62, 57, 3),
(63, 57, 2),
(64, 57, 10),
(65, 57, 2),
(66, 57, 10),
(67, 57, 10),
(68, 57, 9),
(69, 57, 4),
(70, 57, 2),
(71, 57, 1),
(72, 57, 5),
(73, 57, 3),
(74, 57, 10),
(75, 57, 5),
(76, 57, 2),
(77, 57, 3),
(78, 57, 8),
(79, 57, 4),
(80, 57, 1),
(81, 57, 2),
(82, 57, 2),
(83, 57, 4),
(84, 57, 10),
(85, 57, 4),
(86, 57, 1),
(87, 57, 8),
(88, 57, 3),
(89, 57, 3),
(90, 57, 2),
(91, 57, 6),
(92, 57, 3),
(93, 57, 10),
(94, 57, 4),
(95, 57, 8),
(96, 57, 7),
(97, 57, 5),
(98, 57, 5),
(99, 57, 8),
(100, 57, 6),
(1, 58, 2),
(2, 58, 5),
(3, 58, 5),
(4, 58, 6),
(5, 58, 9),
(6, 58, 1),
(7, 58, 2),
(8, 58, 2),
(9, 58, 3),
(10, 58, 1),
(11, 58, 2),
(12, 58, 3),
(13, 58, 8),
(14, 58, 9),
(15, 58, 9),
(16, 58, 5),
(17, 58, 7),
(18, 58, 5),
(19, 58, 9),
(20, 58, 7),
(21, 58, 5),
(22, 58, 6),
(23, 58, 3),
(24, 58, 1),
(25, 58, 7),
(26, 58, 7),
(27, 58, 1),
(28, 58, 1),
(29, 58, 7),
(30, 58, 3),
(31, 58, 6),
(32, 58, 3),
(33, 58, 3),
(34, 58, 2),
(35, 58, 8),
(36, 58, 7),
(37, 58, 3),
(38, 58, 1),
(39, 58, 1),
(40, 58, 3),
(41, 58, 8),
(42, 58, 3),
(43, 58, 1),
(44, 58, 1),
(45, 58, 7),
(46, 58, 4),
(47, 58, 4),
(48, 58, 8),
(49, 58, 5),
(50, 58, 1),
(51, 58, 1),
(52, 58, 4),
(53, 58, 4),
(54, 58, 10),
(55, 58, 10),
(56, 58, 10),
(57, 58, 1),
(58, 58, 4),
(59, 58, 2),
(60, 58, 5),
(61, 58, 4),
(62, 58, 5),
(63, 58, 3),
(64, 58, 2),
(65, 58, 2),
(66, 58, 8),
(67, 58, 5),
(68, 58, 8),
(69, 58, 3),
(70, 58, 4),
(71, 58, 1),
(72, 58, 3),
(73, 58, 9),
(74, 58, 8),
(75, 58, 4),
(76, 58, 3),
(77, 58, 5),
(78, 58, 10),
(79, 58, 9),
(80, 58, 5),
(81, 58, 4),
(82, 58, 10),
(83, 58, 1),
(84, 58, 6),
(85, 58, 9),
(86, 58, 10),
(87, 58, 2),
(88, 58, 3),
(89, 58, 4),
(90, 58, 6),
(91, 58, 5),
(92, 58, 3),
(93, 58, 10),
(94, 58, 10),
(95, 58, 2),
(96, 58, 8),
(97, 58, 6),
(98, 58, 9),
(99, 58, 5),
(100, 58, 10),
(1, 59, 8),
(2, 59, 10),
(3, 59, 8),
(4, 59, 2),
(5, 59, 5),
(6, 59, 9),
(7, 59, 9),
(8, 59, 9),
(9, 59, 6),
(10, 59, 3),
(11, 59, 9),
(12, 59, 5),
(13, 59, 6),
(14, 59, 5),
(15, 59, 1),
(16, 59, 7),
(17, 59, 10),
(18, 59, 9),
(19, 59, 10),
(20, 59, 9),
(21, 59, 6),
(22, 59, 5),
(23, 59, 1),
(24, 59, 6),
(25, 59, 4),
(26, 59, 2),
(27, 59, 8),
(28, 59, 6),
(29, 59, 10),
(30, 59, 9),
(31, 59, 7),
(32, 59, 4),
(33, 59, 9),
(34, 59, 9),
(35, 59, 6),
(36, 59, 9),
(37, 59, 5),
(38, 59, 4),
(39, 59, 8),
(40, 59, 1),
(41, 59, 6),
(42, 59, 2),
(43, 59, 6),
(44, 59, 5),
(45, 59, 9),
(46, 59, 3),
(47, 59, 6),
(48, 59, 1),
(49, 59, 10),
(50, 59, 10),
(51, 59, 4),
(52, 59, 5),
(53, 59, 4),
(54, 59, 1),
(55, 59, 9),
(56, 59, 8),
(57, 59, 8),
(58, 59, 8),
(59, 59, 6),
(60, 59, 1),
(61, 59, 5),
(62, 59, 8),
(63, 59, 4),
(64, 59, 8),
(65, 59, 2),
(66, 59, 10),
(67, 59, 4),
(68, 59, 5),
(69, 59, 3),
(70, 59, 8),
(71, 59, 1),
(72, 59, 9),
(73, 59, 6),
(74, 59, 2),
(75, 59, 2),
(76, 59, 10),
(77, 59, 7),
(78, 59, 5),
(79, 59, 4),
(80, 59, 6),
(81, 59, 9),
(82, 59, 4),
(83, 59, 6),
(84, 59, 5),
(85, 59, 1),
(86, 59, 6),
(87, 59, 8),
(88, 59, 10),
(89, 59, 2),
(90, 59, 2),
(91, 59, 10),
(92, 59, 10),
(93, 59, 10),
(94, 59, 8),
(95, 59, 5),
(96, 59, 8),
(97, 59, 9),
(98, 59, 3),
(99, 59, 2),
(100, 59, 1),
(1, 60, 1),
(2, 60, 1),
(3, 60, 1),
(4, 60, 9),
(5, 60, 4),
(6, 60, 7),
(7, 60, 6),
(8, 60, 9),
(9, 60, 6),
(10, 60, 2),
(11, 60, 7),
(12, 60, 8),
(13, 60, 9),
(14, 60, 1),
(15, 60, 9),
(16, 60, 4),
(17, 60, 10),
(18, 60, 2),
(19, 60, 7),
(20, 60, 3),
(21, 60, 8),
(22, 60, 8),
(23, 60, 9),
(24, 60, 1),
(25, 60, 8),
(26, 60, 4),
(27, 60, 2),
(28, 60, 4),
(29, 60, 1),
(30, 60, 6),
(31, 60, 9),
(32, 60, 2),
(33, 60, 9),
(34, 60, 10),
(35, 60, 1),
(36, 60, 4),
(37, 60, 2),
(38, 60, 5),
(39, 60, 8),
(40, 60, 3),
(41, 60, 6),
(42, 60, 9),
(43, 60, 8),
(44, 60, 5),
(45, 60, 2),
(46, 60, 5),
(47, 60, 7),
(48, 60, 10),
(49, 60, 2),
(50, 60, 3),
(51, 60, 7),
(52, 60, 4),
(53, 60, 3),
(54, 60, 2),
(55, 60, 2),
(56, 60, 9),
(57, 60, 9),
(58, 60, 8),
(59, 60, 9),
(60, 60, 6),
(61, 60, 7),
(62, 60, 1),
(63, 60, 1),
(64, 60, 6),
(65, 60, 7),
(66, 60, 8),
(67, 60, 4),
(68, 60, 8),
(69, 60, 9),
(70, 60, 2),
(71, 60, 9),
(72, 60, 7),
(73, 60, 5),
(74, 60, 1),
(75, 60, 1),
(76, 60, 5),
(77, 60, 8),
(78, 60, 10),
(79, 60, 9),
(80, 60, 5),
(81, 60, 4),
(82, 60, 5),
(83, 60, 4),
(84, 60, 5),
(85, 60, 3),
(86, 60, 4),
(87, 60, 4),
(88, 60, 8),
(89, 60, 3),
(90, 60, 2),
(91, 60, 3),
(92, 60, 1),
(93, 60, 4),
(94, 60, 1),
(95, 60, 4),
(96, 60, 4),
(97, 60, 6),
(98, 60, 7),
(99, 60, 4),
(100, 60, 1),
(1, 61, 9),
(2, 61, 1),
(3, 61, 10),
(4, 61, 4),
(5, 61, 2),
(6, 61, 8),
(7, 61, 3),
(8, 61, 6),
(9, 61, 7),
(10, 61, 5),
(11, 61, 4),
(12, 61, 10),
(13, 61, 2),
(14, 61, 6),
(15, 61, 8),
(16, 61, 7),
(17, 61, 9),
(18, 61, 6),
(19, 61, 9),
(20, 61, 10),
(21, 61, 1),
(22, 61, 4),
(23, 61, 10),
(24, 61, 8),
(25, 61, 9),
(26, 61, 8),
(27, 61, 1),
(28, 61, 8),
(29, 61, 4),
(30, 61, 5),
(31, 61, 2),
(32, 61, 8),
(33, 61, 4),
(34, 61, 5),
(35, 61, 9),
(36, 61, 5),
(37, 61, 10),
(38, 61, 10),
(39, 61, 4),
(40, 61, 8),
(41, 61, 4),
(42, 61, 6),
(43, 61, 8),
(44, 61, 10),
(45, 61, 5),
(46, 61, 10),
(47, 61, 5),
(48, 61, 8),
(49, 61, 5),
(50, 61, 9),
(51, 61, 3),
(52, 61, 10),
(53, 61, 2),
(54, 61, 9),
(55, 61, 7),
(56, 61, 5),
(57, 61, 3),
(58, 61, 6),
(59, 61, 6),
(60, 61, 10),
(61, 61, 6),
(62, 61, 9),
(63, 61, 5),
(64, 61, 4),
(65, 61, 10),
(66, 61, 10),
(67, 61, 1),
(68, 61, 1),
(69, 61, 10),
(70, 61, 4),
(71, 61, 7),
(72, 61, 9),
(73, 61, 5),
(74, 61, 9),
(75, 61, 3),
(76, 61, 6),
(77, 61, 10),
(78, 61, 5),
(79, 61, 5),
(80, 61, 7),
(81, 61, 8),
(82, 61, 1),
(83, 61, 2),
(84, 61, 3),
(85, 61, 1),
(86, 61, 1),
(87, 61, 3),
(88, 61, 4),
(89, 61, 2),
(90, 61, 2),
(91, 61, 3),
(92, 61, 7),
(93, 61, 9),
(94, 61, 9),
(95, 61, 8),
(96, 61, 9),
(97, 61, 10),
(98, 61, 10),
(99, 61, 9),
(100, 61, 4),
(1, 62, 2),
(2, 62, 1),
(3, 62, 6),
(4, 62, 6),
(5, 62, 3),
(6, 62, 6),
(7, 62, 9),
(8, 62, 3),
(9, 62, 5),
(10, 62, 10),
(11, 62, 2),
(12, 62, 4),
(13, 62, 7),
(14, 62, 1),
(15, 62, 8),
(16, 62, 9),
(17, 62, 3),
(18, 62, 2),
(19, 62, 10),
(20, 62, 4),
(21, 62, 1),
(22, 62, 6),
(23, 62, 5),
(24, 62, 2),
(25, 62, 4),
(26, 62, 2),
(27, 62, 8),
(28, 62, 2),
(29, 62, 1),
(30, 62, 3),
(31, 62, 2),
(32, 62, 5),
(33, 62, 7),
(34, 62, 5),
(35, 62, 6),
(36, 62, 10),
(37, 62, 3),
(38, 62, 8),
(39, 62, 10),
(40, 62, 1),
(41, 62, 9),
(42, 62, 1),
(43, 62, 6),
(44, 62, 7),
(45, 62, 4),
(46, 62, 5),
(47, 62, 9),
(48, 62, 8),
(49, 62, 5),
(50, 62, 3),
(51, 62, 5),
(52, 62, 10),
(53, 62, 8),
(54, 62, 2),
(55, 62, 7),
(56, 62, 7),
(57, 62, 10),
(58, 62, 4),
(59, 62, 3),
(60, 62, 10),
(61, 62, 5),
(62, 62, 10),
(63, 62, 2),
(64, 62, 8),
(65, 62, 1),
(66, 62, 8),
(67, 62, 5),
(68, 62, 2),
(69, 62, 1),
(70, 62, 9),
(71, 62, 2),
(72, 62, 6),
(73, 62, 6),
(74, 62, 3),
(75, 62, 4),
(76, 62, 4),
(77, 62, 4),
(78, 62, 1),
(79, 62, 6),
(80, 62, 5),
(81, 62, 9),
(82, 62, 2),
(83, 62, 8),
(84, 62, 8),
(85, 62, 9),
(86, 62, 5),
(87, 62, 6),
(88, 62, 2),
(89, 62, 4),
(90, 62, 5),
(91, 62, 6),
(92, 62, 2),
(93, 62, 4),
(94, 62, 9),
(95, 62, 1),
(96, 62, 2),
(97, 62, 2),
(98, 62, 7),
(99, 62, 6),
(100, 62, 5),
(1, 63, 2),
(2, 63, 7),
(3, 63, 10),
(4, 63, 6),
(5, 63, 1),
(6, 63, 5),
(7, 63, 7),
(8, 63, 7),
(9, 63, 5),
(10, 63, 8),
(11, 63, 6),
(12, 63, 9),
(13, 63, 1),
(14, 63, 5),
(15, 63, 2),
(16, 63, 1),
(17, 63, 8),
(18, 63, 9),
(19, 63, 10),
(20, 63, 6),
(21, 63, 8),
(22, 63, 8),
(23, 63, 9),
(24, 63, 4),
(25, 63, 3),
(26, 63, 6),
(27, 63, 2),
(28, 63, 6),
(29, 63, 5),
(30, 63, 2),
(31, 63, 10),
(32, 63, 3),
(33, 63, 9),
(34, 63, 7),
(35, 63, 3),
(36, 63, 3),
(37, 63, 6),
(38, 63, 4),
(39, 63, 6),
(40, 63, 8),
(41, 63, 4),
(42, 63, 3),
(43, 63, 10),
(44, 63, 9),
(45, 63, 2),
(46, 63, 3),
(47, 63, 7),
(48, 63, 10),
(49, 63, 7),
(50, 63, 9),
(51, 63, 3),
(52, 63, 1),
(53, 63, 10),
(54, 63, 2),
(55, 63, 4),
(56, 63, 5),
(57, 63, 2),
(58, 63, 4),
(59, 63, 8),
(60, 63, 5),
(61, 63, 9),
(62, 63, 8),
(63, 63, 9),
(64, 63, 1),
(65, 63, 1),
(66, 63, 9),
(67, 63, 9),
(68, 63, 5),
(69, 63, 9),
(70, 63, 7),
(71, 63, 5),
(72, 63, 5),
(73, 63, 5),
(74, 63, 3),
(75, 63, 10),
(76, 63, 4),
(77, 63, 10),
(78, 63, 6),
(79, 63, 5),
(80, 63, 2),
(81, 63, 4),
(82, 63, 2),
(83, 63, 5),
(84, 63, 2),
(85, 63, 9),
(86, 63, 1),
(87, 63, 9),
(88, 63, 8),
(89, 63, 3),
(90, 63, 4),
(91, 63, 1),
(92, 63, 9),
(93, 63, 9),
(94, 63, 6),
(95, 63, 8),
(96, 63, 4),
(97, 63, 6),
(98, 63, 9),
(99, 63, 2),
(100, 63, 2),
(1, 64, 2),
(2, 64, 3),
(3, 64, 10),
(4, 64, 7),
(5, 64, 10),
(6, 64, 6),
(7, 64, 1),
(8, 64, 10),
(9, 64, 5),
(10, 64, 8),
(11, 64, 6),
(12, 64, 10),
(13, 64, 8),
(14, 64, 1),
(15, 64, 3),
(16, 64, 5),
(17, 64, 2),
(18, 64, 3),
(19, 64, 8),
(20, 64, 10),
(21, 64, 1),
(22, 64, 5),
(23, 64, 8),
(24, 64, 4),
(25, 64, 9),
(26, 64, 2),
(27, 64, 7),
(28, 64, 7),
(29, 64, 1),
(30, 64, 2),
(31, 64, 8),
(32, 64, 9),
(33, 64, 8),
(34, 64, 6),
(35, 64, 9),
(36, 64, 2),
(37, 64, 10),
(38, 64, 3),
(39, 64, 10),
(40, 64, 3),
(41, 64, 2),
(42, 64, 9),
(43, 64, 3),
(44, 64, 6),
(45, 64, 3),
(46, 64, 6),
(47, 64, 8),
(48, 64, 1),
(49, 64, 9),
(50, 64, 3),
(51, 64, 10),
(52, 64, 7),
(53, 64, 7),
(54, 64, 5),
(55, 64, 7),
(56, 64, 9),
(57, 64, 9),
(58, 64, 5),
(59, 64, 1),
(60, 64, 9),
(61, 64, 10),
(62, 64, 8),
(63, 64, 2),
(64, 64, 6),
(65, 64, 4),
(66, 64, 8),
(67, 64, 6),
(68, 64, 2),
(69, 64, 8),
(70, 64, 7),
(71, 64, 3),
(72, 64, 3),
(73, 64, 10),
(74, 64, 9),
(75, 64, 6),
(76, 64, 2),
(77, 64, 7),
(78, 64, 2),
(79, 64, 4),
(80, 64, 1),
(81, 64, 7),
(82, 64, 2),
(83, 64, 3),
(84, 64, 10),
(85, 64, 2),
(86, 64, 4),
(87, 64, 3),
(88, 64, 2),
(89, 64, 7),
(90, 64, 7),
(91, 64, 4),
(92, 64, 10),
(93, 64, 7),
(94, 64, 5),
(95, 64, 3),
(96, 64, 6),
(97, 64, 4),
(98, 64, 7),
(99, 64, 7),
(100, 64, 1),
(1, 65, 7),
(2, 65, 3),
(3, 65, 9),
(4, 65, 3),
(5, 65, 3),
(6, 65, 4),
(7, 65, 1),
(8, 65, 9),
(9, 65, 8),
(10, 65, 3),
(11, 65, 6),
(12, 65, 7),
(13, 65, 5),
(14, 65, 10),
(15, 65, 6),
(16, 65, 9),
(17, 65, 6),
(18, 65, 5),
(19, 65, 6),
(20, 65, 10),
(21, 65, 6),
(22, 65, 3),
(23, 65, 9),
(24, 65, 7),
(25, 65, 2),
(26, 65, 10),
(27, 65, 10),
(28, 65, 6),
(29, 65, 3),
(30, 65, 2),
(31, 65, 3),
(32, 65, 5),
(33, 65, 2),
(34, 65, 4),
(35, 65, 3),
(36, 65, 8),
(37, 65, 4),
(38, 65, 4),
(39, 65, 4),
(40, 65, 2),
(41, 65, 7),
(42, 65, 4),
(43, 65, 5),
(44, 65, 8),
(45, 65, 4),
(46, 65, 2),
(47, 65, 1),
(48, 65, 4),
(49, 65, 7),
(50, 65, 1),
(51, 65, 3),
(52, 65, 9),
(53, 65, 2),
(54, 65, 4),
(55, 65, 7),
(56, 65, 8),
(57, 65, 8),
(58, 65, 8),
(59, 65, 6),
(60, 65, 9),
(61, 65, 3),
(62, 65, 2),
(63, 65, 10),
(64, 65, 4),
(65, 65, 9),
(66, 65, 7),
(67, 65, 3),
(68, 65, 5),
(69, 65, 8),
(70, 65, 2),
(71, 65, 2),
(72, 65, 2),
(73, 65, 1),
(74, 65, 4),
(75, 65, 6),
(76, 65, 10),
(77, 65, 8),
(78, 65, 2),
(79, 65, 6),
(80, 65, 2),
(81, 65, 9),
(82, 65, 3),
(83, 65, 3),
(84, 65, 8),
(85, 65, 10),
(86, 65, 6),
(87, 65, 9),
(88, 65, 4),
(89, 65, 8),
(90, 65, 6),
(91, 65, 4),
(92, 65, 3),
(93, 65, 2),
(94, 65, 2),
(95, 65, 1),
(96, 65, 6),
(97, 65, 7),
(98, 65, 2),
(99, 65, 2),
(100, 65, 7),
(1, 66, 2),
(2, 66, 7),
(3, 66, 7),
(4, 66, 6),
(5, 66, 4),
(6, 66, 4),
(7, 66, 7),
(8, 66, 7),
(9, 66, 3),
(10, 66, 5),
(11, 66, 3),
(12, 66, 10),
(13, 66, 6),
(14, 66, 8),
(15, 66, 6),
(16, 66, 6),
(17, 66, 8),
(18, 66, 10),
(19, 66, 4),
(20, 66, 7),
(21, 66, 1),
(22, 66, 6),
(23, 66, 9),
(24, 66, 5),
(25, 66, 8),
(26, 66, 5),
(27, 66, 6),
(28, 66, 7),
(29, 66, 4),
(30, 66, 3),
(31, 66, 1),
(32, 66, 9),
(33, 66, 6),
(34, 66, 4),
(35, 66, 7),
(36, 66, 1),
(37, 66, 5),
(38, 66, 6),
(39, 66, 1),
(40, 66, 7),
(41, 66, 1),
(42, 66, 4),
(43, 66, 3),
(44, 66, 5),
(45, 66, 5),
(46, 66, 10),
(47, 66, 5),
(48, 66, 7),
(49, 66, 5),
(50, 66, 3),
(51, 66, 1),
(52, 66, 8),
(53, 66, 7),
(54, 66, 5),
(55, 66, 1),
(56, 66, 3),
(57, 66, 3),
(58, 66, 6),
(59, 66, 4),
(60, 66, 6),
(61, 66, 2),
(62, 66, 4),
(63, 66, 6),
(64, 66, 1),
(65, 66, 8),
(66, 66, 7),
(67, 66, 6),
(68, 66, 2),
(69, 66, 5),
(70, 66, 6),
(71, 66, 1),
(72, 66, 6),
(73, 66, 1),
(74, 66, 4),
(75, 66, 4),
(76, 66, 3),
(77, 66, 6),
(78, 66, 4),
(79, 66, 6),
(80, 66, 6),
(81, 66, 7),
(82, 66, 7),
(83, 66, 1),
(84, 66, 9),
(85, 66, 3),
(86, 66, 6),
(87, 66, 7),
(88, 66, 4),
(89, 66, 1),
(90, 66, 1),
(91, 66, 2),
(92, 66, 8),
(93, 66, 8),
(94, 66, 5),
(95, 66, 1),
(96, 66, 8),
(97, 66, 6),
(98, 66, 7),
(99, 66, 1),
(100, 66, 9),
(1, 67, 2),
(2, 67, 1),
(3, 67, 10),
(4, 67, 1),
(5, 67, 9),
(6, 67, 6),
(7, 67, 10),
(8, 67, 3),
(9, 67, 6),
(10, 67, 4),
(11, 67, 9),
(12, 67, 2),
(13, 67, 4),
(14, 67, 10),
(15, 67, 3),
(16, 67, 10),
(17, 67, 9),
(18, 67, 10),
(19, 67, 8),
(20, 67, 1),
(21, 67, 5),
(22, 67, 3),
(23, 67, 3),
(24, 67, 9),
(25, 67, 10),
(26, 67, 1),
(27, 67, 8),
(28, 67, 6),
(29, 67, 5),
(30, 67, 8),
(31, 67, 7),
(32, 67, 5),
(33, 67, 3),
(34, 67, 7),
(35, 67, 3),
(36, 67, 1),
(37, 67, 1),
(38, 67, 10),
(39, 67, 10),
(40, 67, 4),
(41, 67, 4),
(42, 67, 8),
(43, 67, 9),
(44, 67, 8),
(45, 67, 2),
(46, 67, 9),
(47, 67, 5),
(48, 67, 7),
(49, 67, 9),
(50, 67, 10),
(51, 67, 9),
(52, 67, 4),
(53, 67, 9),
(54, 67, 3),
(55, 67, 8),
(56, 67, 4),
(57, 67, 7),
(58, 67, 8),
(59, 67, 1),
(60, 67, 10),
(61, 67, 3),
(62, 67, 9),
(63, 67, 8),
(64, 67, 1),
(65, 67, 2),
(66, 67, 10),
(67, 67, 8),
(68, 67, 7),
(69, 67, 7),
(70, 67, 1),
(71, 67, 7),
(72, 67, 4),
(73, 67, 9),
(74, 67, 7),
(75, 67, 1),
(76, 67, 2),
(77, 67, 5),
(78, 67, 6),
(79, 67, 6),
(80, 67, 8),
(81, 67, 3),
(82, 67, 3),
(83, 67, 7),
(84, 67, 2),
(85, 67, 9),
(86, 67, 3),
(87, 67, 3),
(88, 67, 2),
(89, 67, 9),
(90, 67, 7),
(91, 67, 9),
(92, 67, 3),
(93, 67, 4),
(94, 67, 10),
(95, 67, 6),
(96, 67, 7),
(97, 67, 6),
(98, 67, 7),
(99, 67, 1),
(100, 67, 7),
(1, 68, 6),
(2, 68, 8),
(3, 68, 1),
(4, 68, 10),
(5, 68, 3),
(6, 68, 6),
(7, 68, 4),
(8, 68, 7),
(9, 68, 10),
(10, 68, 8),
(11, 68, 7),
(12, 68, 1),
(13, 68, 10),
(14, 68, 9),
(15, 68, 2),
(16, 68, 9),
(17, 68, 5),
(18, 68, 9),
(19, 68, 6),
(20, 68, 4),
(21, 68, 8),
(22, 68, 7),
(23, 68, 9),
(24, 68, 7),
(25, 68, 9),
(26, 68, 9),
(27, 68, 4),
(28, 68, 4),
(29, 68, 3),
(30, 68, 2),
(31, 68, 5),
(32, 68, 6),
(33, 68, 1),
(34, 68, 1),
(35, 68, 6),
(36, 68, 9),
(37, 68, 4),
(38, 68, 6),
(39, 68, 4),
(40, 68, 9),
(41, 68, 4),
(42, 68, 1),
(43, 68, 4),
(44, 68, 5),
(45, 68, 10),
(46, 68, 3),
(47, 68, 6),
(48, 68, 6),
(49, 68, 6),
(50, 68, 1),
(51, 68, 2),
(52, 68, 2),
(53, 68, 6),
(54, 68, 3),
(55, 68, 5),
(56, 68, 7),
(57, 68, 10),
(58, 68, 6),
(59, 68, 5),
(60, 68, 6),
(61, 68, 7),
(62, 68, 7),
(63, 68, 3),
(64, 68, 2),
(65, 68, 5),
(66, 68, 5),
(67, 68, 8),
(68, 68, 1),
(69, 68, 9),
(70, 68, 4),
(71, 68, 10),
(72, 68, 6),
(73, 68, 10),
(74, 68, 3),
(75, 68, 3),
(76, 68, 1),
(77, 68, 2),
(78, 68, 1),
(79, 68, 8),
(80, 68, 6),
(81, 68, 4),
(82, 68, 8),
(83, 68, 8),
(84, 68, 9),
(85, 68, 10),
(86, 68, 9),
(87, 68, 3),
(88, 68, 2),
(89, 68, 4),
(90, 68, 7),
(91, 68, 1),
(92, 68, 6),
(93, 68, 10),
(94, 68, 1),
(95, 68, 1),
(96, 68, 10),
(97, 68, 1),
(98, 68, 4),
(99, 68, 8),
(100, 68, 9),
(1, 69, 3),
(2, 69, 4),
(3, 69, 10),
(4, 69, 1),
(5, 69, 6),
(6, 69, 4),
(7, 69, 10),
(8, 69, 5),
(9, 69, 10),
(10, 69, 5),
(11, 69, 7),
(12, 69, 4),
(13, 69, 1),
(14, 69, 6),
(15, 69, 6),
(16, 69, 3),
(17, 69, 4),
(18, 69, 7),
(19, 69, 3),
(20, 69, 1),
(21, 69, 2),
(22, 69, 5),
(23, 69, 9),
(24, 69, 7),
(25, 69, 10),
(26, 69, 9),
(27, 69, 5),
(28, 69, 5),
(29, 69, 2),
(30, 69, 2),
(31, 69, 6),
(32, 69, 10),
(33, 69, 1),
(34, 69, 5),
(35, 69, 1),
(36, 69, 10),
(37, 69, 8),
(38, 69, 10),
(39, 69, 7),
(40, 69, 10),
(41, 69, 2),
(42, 69, 8),
(43, 69, 2),
(44, 69, 10),
(45, 69, 2),
(46, 69, 6),
(47, 69, 8),
(48, 69, 2),
(49, 69, 9),
(50, 69, 9),
(51, 69, 4),
(52, 69, 3),
(53, 69, 9),
(54, 69, 5),
(55, 69, 2),
(56, 69, 6),
(57, 69, 7),
(58, 69, 3),
(59, 69, 10),
(60, 69, 3),
(61, 69, 8),
(62, 69, 7),
(63, 69, 9),
(64, 69, 1),
(65, 69, 2),
(66, 69, 2),
(67, 69, 5),
(68, 69, 6),
(69, 69, 8),
(70, 69, 6),
(71, 69, 5),
(72, 69, 7),
(73, 69, 7),
(74, 69, 2),
(75, 69, 4),
(76, 69, 10),
(77, 69, 7),
(78, 69, 9),
(79, 69, 2),
(80, 69, 2),
(81, 69, 6),
(82, 69, 7),
(83, 69, 1),
(84, 69, 3),
(85, 69, 10),
(86, 69, 5),
(87, 69, 8),
(88, 69, 8),
(89, 69, 8),
(90, 69, 3),
(91, 69, 8),
(92, 69, 7),
(93, 69, 3),
(94, 69, 10),
(95, 69, 3),
(96, 69, 8),
(97, 69, 8),
(98, 69, 1),
(99, 69, 5),
(100, 69, 1),
(1, 70, 10),
(2, 70, 4),
(3, 70, 9),
(4, 70, 10),
(5, 70, 8),
(6, 70, 5),
(7, 70, 6),
(8, 70, 6),
(9, 70, 4),
(10, 70, 3),
(11, 70, 5),
(12, 70, 5),
(13, 70, 3),
(14, 70, 8),
(15, 70, 6),
(16, 70, 5),
(17, 70, 8),
(18, 70, 6),
(19, 70, 3),
(20, 70, 7),
(21, 70, 1),
(22, 70, 10),
(23, 70, 9),
(24, 70, 1),
(25, 70, 2),
(26, 70, 3),
(27, 70, 10),
(28, 70, 1),
(29, 70, 3),
(30, 70, 2),
(31, 70, 7),
(32, 70, 10),
(33, 70, 5),
(34, 70, 5),
(35, 70, 1),
(36, 70, 4),
(37, 70, 6),
(38, 70, 9),
(39, 70, 4),
(40, 70, 10),
(41, 70, 5),
(42, 70, 6),
(43, 70, 5),
(44, 70, 4),
(45, 70, 2),
(46, 70, 2),
(47, 70, 9),
(48, 70, 1),
(49, 70, 7),
(50, 70, 8),
(51, 70, 1),
(52, 70, 6),
(53, 70, 4),
(54, 70, 7),
(55, 70, 5),
(56, 70, 2),
(57, 70, 3),
(58, 70, 2),
(59, 70, 2),
(60, 70, 5),
(61, 70, 3),
(62, 70, 3),
(63, 70, 5),
(64, 70, 10),
(65, 70, 8),
(66, 70, 9),
(67, 70, 8),
(68, 70, 1),
(69, 70, 2),
(70, 70, 4),
(71, 70, 2),
(72, 70, 8),
(73, 70, 1),
(74, 70, 10),
(75, 70, 3),
(76, 70, 2),
(77, 70, 9),
(78, 70, 7),
(79, 70, 4),
(80, 70, 8),
(81, 70, 2),
(82, 70, 10),
(83, 70, 7),
(84, 70, 1),
(85, 70, 2),
(86, 70, 2),
(87, 70, 3),
(88, 70, 8),
(89, 70, 7),
(90, 70, 9),
(91, 70, 7),
(92, 70, 10),
(93, 70, 6),
(94, 70, 7),
(95, 70, 7),
(96, 70, 4),
(97, 70, 1),
(98, 70, 5),
(99, 70, 2),
(100, 70, 3),
(1, 71, 2),
(2, 71, 8),
(3, 71, 8),
(4, 71, 9),
(5, 71, 3),
(6, 71, 10),
(7, 71, 8),
(8, 71, 2),
(9, 71, 6),
(10, 71, 10),
(11, 71, 8),
(12, 71, 8),
(13, 71, 3),
(14, 71, 4),
(15, 71, 1),
(16, 71, 7),
(17, 71, 10),
(18, 71, 7),
(19, 71, 9),
(20, 71, 1),
(21, 71, 2),
(22, 71, 10),
(23, 71, 6),
(24, 71, 8),
(25, 71, 4),
(26, 71, 1),
(27, 71, 1),
(28, 71, 9),
(29, 71, 8),
(30, 71, 5),
(31, 71, 6),
(32, 71, 4),
(33, 71, 7),
(34, 71, 9),
(35, 71, 2),
(36, 71, 8),
(37, 71, 4),
(38, 71, 5),
(39, 71, 2),
(40, 71, 3),
(41, 71, 4),
(42, 71, 9),
(43, 71, 7),
(44, 71, 9),
(45, 71, 9),
(46, 71, 10),
(47, 71, 10),
(48, 71, 5),
(49, 71, 6),
(50, 71, 1),
(51, 71, 8),
(52, 71, 7),
(53, 71, 4),
(54, 71, 4),
(55, 71, 10),
(56, 71, 4),
(57, 71, 8),
(58, 71, 9),
(59, 71, 10),
(60, 71, 6),
(61, 71, 8),
(62, 71, 4),
(63, 71, 2),
(64, 71, 9),
(65, 71, 4),
(66, 71, 8),
(67, 71, 4),
(68, 71, 1),
(69, 71, 7),
(70, 71, 10),
(71, 71, 5),
(72, 71, 5),
(73, 71, 4),
(74, 71, 7),
(75, 71, 3),
(76, 71, 5),
(77, 71, 5),
(78, 71, 5),
(79, 71, 5),
(80, 71, 4),
(81, 71, 9),
(82, 71, 6),
(83, 71, 5),
(84, 71, 10),
(85, 71, 4),
(86, 71, 1),
(87, 71, 5),
(88, 71, 6),
(89, 71, 1),
(90, 71, 3),
(91, 71, 1),
(92, 71, 4),
(93, 71, 8),
(94, 71, 5),
(95, 71, 4),
(96, 71, 4),
(97, 71, 10),
(98, 71, 8),
(99, 71, 2),
(100, 71, 8),
(1, 72, 6),
(2, 72, 8),
(3, 72, 9),
(4, 72, 7),
(5, 72, 2),
(6, 72, 3),
(7, 72, 6),
(8, 72, 7),
(9, 72, 3),
(10, 72, 4),
(11, 72, 2),
(12, 72, 3),
(13, 72, 9),
(14, 72, 9),
(15, 72, 4),
(16, 72, 4),
(17, 72, 4),
(18, 72, 4),
(19, 72, 3),
(20, 72, 3),
(21, 72, 9),
(22, 72, 3),
(23, 72, 7),
(24, 72, 5),
(25, 72, 6),
(26, 72, 1),
(27, 72, 6),
(28, 72, 8),
(29, 72, 2),
(30, 72, 7),
(31, 72, 3),
(32, 72, 1),
(33, 72, 9),
(34, 72, 2),
(35, 72, 7),
(36, 72, 8),
(37, 72, 2),
(38, 72, 2),
(39, 72, 9),
(40, 72, 5),
(41, 72, 1),
(42, 72, 7),
(43, 72, 3),
(44, 72, 3),
(45, 72, 10),
(46, 72, 1),
(47, 72, 4),
(48, 72, 8),
(49, 72, 5),
(50, 72, 4),
(51, 72, 5),
(52, 72, 6),
(53, 72, 10),
(54, 72, 9),
(55, 72, 7),
(56, 72, 6),
(57, 72, 7),
(58, 72, 7),
(59, 72, 7),
(60, 72, 1),
(61, 72, 8),
(62, 72, 10),
(63, 72, 6),
(64, 72, 6),
(65, 72, 5),
(66, 72, 5),
(67, 72, 9),
(68, 72, 9),
(69, 72, 7),
(70, 72, 1),
(71, 72, 3),
(72, 72, 8),
(73, 72, 7),
(74, 72, 2),
(75, 72, 9),
(76, 72, 3),
(77, 72, 4),
(78, 72, 5),
(79, 72, 1),
(80, 72, 2),
(81, 72, 4),
(82, 72, 8),
(83, 72, 1),
(84, 72, 3),
(85, 72, 4),
(86, 72, 4),
(87, 72, 4),
(88, 72, 3),
(89, 72, 2),
(90, 72, 10),
(91, 72, 3),
(92, 72, 9),
(93, 72, 5),
(94, 72, 10),
(95, 72, 8),
(96, 72, 3),
(97, 72, 2),
(98, 72, 10),
(99, 72, 2),
(100, 72, 8),
(1, 73, 4),
(2, 73, 9),
(3, 73, 6),
(4, 73, 6),
(5, 73, 7),
(6, 73, 8),
(7, 73, 6),
(8, 73, 7),
(9, 73, 9),
(10, 73, 4),
(11, 73, 9),
(12, 73, 5),
(13, 73, 1),
(14, 73, 5),
(15, 73, 6),
(16, 73, 6),
(17, 73, 9),
(18, 73, 1),
(19, 73, 2),
(20, 73, 10),
(21, 73, 8),
(22, 73, 2),
(23, 73, 6),
(24, 73, 8),
(25, 73, 10),
(26, 73, 3),
(27, 73, 2),
(28, 73, 4),
(29, 73, 7),
(30, 73, 6),
(31, 73, 10),
(32, 73, 7),
(33, 73, 2),
(34, 73, 5),
(35, 73, 6),
(36, 73, 3),
(37, 73, 1),
(38, 73, 3),
(39, 73, 10),
(40, 73, 7),
(41, 73, 9),
(42, 73, 7),
(43, 73, 8),
(44, 73, 6),
(45, 73, 5),
(46, 73, 3),
(47, 73, 8),
(48, 73, 10),
(49, 73, 8),
(50, 73, 4),
(51, 73, 9),
(52, 73, 7),
(53, 73, 4),
(54, 73, 7),
(55, 73, 7),
(56, 73, 5),
(57, 73, 8),
(58, 73, 8),
(59, 73, 4),
(60, 73, 9),
(61, 73, 5),
(62, 73, 3),
(63, 73, 9),
(64, 73, 8),
(65, 73, 3),
(66, 73, 3),
(67, 73, 10),
(68, 73, 3),
(69, 73, 8),
(70, 73, 2),
(71, 73, 9),
(72, 73, 9),
(73, 73, 10),
(74, 73, 4),
(75, 73, 7),
(76, 73, 1),
(77, 73, 6),
(78, 73, 2),
(79, 73, 8),
(80, 73, 10),
(81, 73, 2),
(82, 73, 3),
(83, 73, 2),
(84, 73, 1),
(85, 73, 4),
(86, 73, 1),
(87, 73, 8),
(88, 73, 4),
(89, 73, 5),
(90, 73, 1),
(91, 73, 3),
(92, 73, 8),
(93, 73, 10),
(94, 73, 2),
(95, 73, 2),
(96, 73, 1),
(97, 73, 5),
(98, 73, 3),
(99, 73, 7),
(100, 73, 7),
(1, 74, 8),
(2, 74, 7),
(3, 74, 9),
(4, 74, 3),
(5, 74, 10),
(6, 74, 9),
(7, 74, 10),
(8, 74, 7),
(9, 74, 9),
(10, 74, 9),
(11, 74, 1),
(12, 74, 2),
(13, 74, 8),
(14, 74, 2),
(15, 74, 9),
(16, 74, 7),
(17, 74, 2),
(18, 74, 4),
(19, 74, 2),
(20, 74, 8),
(21, 74, 7),
(22, 74, 9),
(23, 74, 3),
(24, 74, 6),
(25, 74, 2),
(26, 74, 6),
(27, 74, 5),
(28, 74, 4),
(29, 74, 2),
(30, 74, 1),
(31, 74, 8),
(32, 74, 7),
(33, 74, 5),
(34, 74, 4),
(35, 74, 8),
(36, 74, 3),
(37, 74, 3),
(38, 74, 9),
(39, 74, 9),
(40, 74, 1),
(41, 74, 1),
(42, 74, 10),
(43, 74, 10),
(44, 74, 5),
(45, 74, 5),
(46, 74, 6),
(47, 74, 3),
(48, 74, 4),
(49, 74, 4),
(50, 74, 6),
(51, 74, 9),
(52, 74, 8),
(53, 74, 4),
(54, 74, 5),
(55, 74, 9),
(56, 74, 2),
(57, 74, 1),
(58, 74, 8),
(59, 74, 5),
(60, 74, 4),
(61, 74, 8),
(62, 74, 8),
(63, 74, 1),
(64, 74, 1),
(65, 74, 4),
(66, 74, 9),
(67, 74, 10),
(68, 74, 3),
(69, 74, 9),
(70, 74, 6),
(71, 74, 4),
(72, 74, 10),
(73, 74, 7),
(74, 74, 2),
(75, 74, 10),
(76, 74, 7),
(77, 74, 4),
(78, 74, 5),
(79, 74, 6),
(80, 74, 1),
(81, 74, 8),
(82, 74, 10),
(83, 74, 1),
(84, 74, 1),
(85, 74, 10),
(86, 74, 2),
(87, 74, 10),
(88, 74, 10),
(89, 74, 8),
(90, 74, 3),
(91, 74, 1),
(92, 74, 10),
(93, 74, 2),
(94, 74, 3),
(95, 74, 4),
(96, 74, 4),
(97, 74, 6),
(98, 74, 8),
(99, 74, 3),
(100, 74, 5),
(1, 75, 7),
(2, 75, 9),
(3, 75, 9),
(4, 75, 6),
(5, 75, 6),
(6, 75, 7),
(7, 75, 3),
(8, 75, 3),
(9, 75, 2),
(10, 75, 3),
(11, 75, 2),
(12, 75, 4),
(13, 75, 9),
(14, 75, 2),
(15, 75, 5),
(16, 75, 2),
(17, 75, 6),
(18, 75, 3),
(19, 75, 3),
(20, 75, 4),
(21, 75, 1),
(22, 75, 5),
(23, 75, 3),
(24, 75, 9),
(25, 75, 10),
(26, 75, 7),
(27, 75, 1),
(28, 75, 9),
(29, 75, 1),
(30, 75, 2),
(31, 75, 3),
(32, 75, 3),
(33, 75, 10),
(34, 75, 7),
(35, 75, 1),
(36, 75, 4),
(37, 75, 8),
(38, 75, 7),
(39, 75, 1),
(40, 75, 8),
(41, 75, 2),
(42, 75, 3),
(43, 75, 10),
(44, 75, 7),
(45, 75, 7),
(46, 75, 4),
(47, 75, 1),
(48, 75, 7),
(49, 75, 2),
(50, 75, 1),
(51, 75, 6),
(52, 75, 9),
(53, 75, 6),
(54, 75, 5),
(55, 75, 5),
(56, 75, 2),
(57, 75, 5),
(58, 75, 8),
(59, 75, 9),
(60, 75, 9),
(61, 75, 10),
(62, 75, 4),
(63, 75, 9),
(64, 75, 6),
(65, 75, 4),
(66, 75, 1),
(67, 75, 3),
(68, 75, 10),
(69, 75, 7),
(70, 75, 2),
(71, 75, 1),
(72, 75, 6),
(73, 75, 10),
(74, 75, 5),
(75, 75, 1),
(76, 75, 5),
(77, 75, 5),
(78, 75, 7),
(79, 75, 6),
(80, 75, 5),
(81, 75, 3),
(82, 75, 7),
(83, 75, 2),
(84, 75, 4),
(85, 75, 9),
(86, 75, 7),
(87, 75, 7),
(88, 75, 4),
(89, 75, 10),
(90, 75, 5),
(91, 75, 5),
(92, 75, 3),
(93, 75, 4),
(94, 75, 9),
(95, 75, 1),
(96, 75, 1),
(97, 75, 5),
(98, 75, 9),
(99, 75, 7),
(100, 75, 10),
(1, 76, 4),
(2, 76, 9),
(3, 76, 5),
(4, 76, 9),
(5, 76, 8),
(6, 76, 6),
(7, 76, 4),
(8, 76, 10),
(9, 76, 6),
(10, 76, 10),
(11, 76, 10),
(12, 76, 5),
(13, 76, 7),
(14, 76, 1),
(15, 76, 5),
(16, 76, 9),
(17, 76, 10),
(18, 76, 2),
(19, 76, 6),
(20, 76, 4),
(21, 76, 10),
(22, 76, 10),
(23, 76, 2),
(24, 76, 5),
(25, 76, 9),
(26, 76, 7),
(27, 76, 8),
(28, 76, 3),
(29, 76, 8),
(30, 76, 2),
(31, 76, 8),
(32, 76, 5),
(33, 76, 2),
(34, 76, 10),
(35, 76, 4),
(36, 76, 8),
(37, 76, 10),
(38, 76, 1),
(39, 76, 9),
(40, 76, 8),
(41, 76, 4),
(42, 76, 10),
(43, 76, 9),
(44, 76, 1),
(45, 76, 9),
(46, 76, 2),
(47, 76, 6),
(48, 76, 7),
(49, 76, 1),
(50, 76, 5),
(51, 76, 9),
(52, 76, 10),
(53, 76, 2),
(54, 76, 1),
(55, 76, 6),
(56, 76, 5),
(57, 76, 3),
(58, 76, 1),
(59, 76, 6),
(60, 76, 2),
(61, 76, 1),
(62, 76, 8),
(63, 76, 4),
(64, 76, 9),
(65, 76, 2),
(66, 76, 3),
(67, 76, 9),
(68, 76, 7),
(69, 76, 4),
(70, 76, 4),
(71, 76, 3),
(72, 76, 1),
(73, 76, 1),
(74, 76, 1),
(75, 76, 7),
(76, 76, 3),
(77, 76, 8),
(78, 76, 3),
(79, 76, 6),
(80, 76, 3),
(81, 76, 8),
(82, 76, 9),
(83, 76, 2),
(84, 76, 7),
(85, 76, 3),
(86, 76, 10),
(87, 76, 10),
(88, 76, 7),
(89, 76, 10),
(90, 76, 2),
(91, 76, 8),
(92, 76, 3),
(93, 76, 5),
(94, 76, 5),
(95, 76, 1),
(96, 76, 8),
(97, 76, 1),
(98, 76, 6),
(99, 76, 3),
(100, 76, 9),
(1, 77, 3),
(2, 77, 9),
(3, 77, 3),
(4, 77, 5),
(5, 77, 2),
(6, 77, 6),
(7, 77, 9),
(8, 77, 8),
(9, 77, 10),
(10, 77, 2),
(11, 77, 8),
(12, 77, 8),
(13, 77, 7),
(14, 77, 3),
(15, 77, 9),
(16, 77, 4),
(17, 77, 6),
(18, 77, 3),
(19, 77, 5),
(20, 77, 1),
(21, 77, 5),
(22, 77, 2),
(23, 77, 2),
(24, 77, 1),
(25, 77, 4),
(26, 77, 7),
(27, 77, 1),
(28, 77, 6),
(29, 77, 2),
(30, 77, 6),
(31, 77, 1),
(32, 77, 8),
(33, 77, 9),
(34, 77, 3),
(35, 77, 5),
(36, 77, 9),
(37, 77, 1),
(38, 77, 4),
(39, 77, 10),
(40, 77, 4),
(41, 77, 6),
(42, 77, 5),
(43, 77, 4),
(44, 77, 2),
(45, 77, 2),
(46, 77, 8),
(47, 77, 10),
(48, 77, 3),
(49, 77, 3),
(50, 77, 6),
(51, 77, 2),
(52, 77, 2),
(53, 77, 7),
(54, 77, 2),
(55, 77, 10),
(56, 77, 9),
(57, 77, 4),
(58, 77, 6),
(59, 77, 5),
(60, 77, 9),
(61, 77, 6),
(62, 77, 10),
(63, 77, 5),
(64, 77, 6),
(65, 77, 8),
(66, 77, 6),
(67, 77, 6),
(68, 77, 10),
(69, 77, 2),
(70, 77, 9),
(71, 77, 5),
(72, 77, 9),
(73, 77, 1),
(74, 77, 7),
(75, 77, 10),
(76, 77, 1),
(77, 77, 3),
(78, 77, 1),
(79, 77, 7),
(80, 77, 10),
(81, 77, 4),
(82, 77, 9),
(83, 77, 7),
(84, 77, 3),
(85, 77, 3),
(86, 77, 10),
(87, 77, 8),
(88, 77, 8),
(89, 77, 2),
(90, 77, 1),
(91, 77, 2),
(92, 77, 4),
(93, 77, 3),
(94, 77, 4),
(95, 77, 2),
(96, 77, 2),
(97, 77, 6),
(98, 77, 9),
(99, 77, 8),
(100, 77, 10),
(1, 78, 8),
(2, 78, 1),
(3, 78, 1),
(4, 78, 8),
(5, 78, 3),
(6, 78, 1),
(7, 78, 4),
(8, 78, 8),
(9, 78, 10),
(10, 78, 4),
(11, 78, 3),
(12, 78, 6),
(13, 78, 2),
(14, 78, 10),
(15, 78, 2),
(16, 78, 8),
(17, 78, 2),
(18, 78, 4),
(19, 78, 1),
(20, 78, 1),
(21, 78, 8),
(22, 78, 1),
(23, 78, 5),
(24, 78, 9),
(25, 78, 6),
(26, 78, 2),
(27, 78, 9),
(28, 78, 6),
(29, 78, 10),
(30, 78, 6),
(31, 78, 10),
(32, 78, 10),
(33, 78, 6),
(34, 78, 10),
(35, 78, 1),
(36, 78, 3),
(37, 78, 3),
(38, 78, 5),
(39, 78, 7),
(40, 78, 5),
(41, 78, 5),
(42, 78, 2),
(43, 78, 9),
(44, 78, 4),
(45, 78, 6),
(46, 78, 3),
(47, 78, 3),
(48, 78, 5),
(49, 78, 2),
(50, 78, 8),
(51, 78, 10),
(52, 78, 3),
(53, 78, 5),
(54, 78, 8),
(55, 78, 9),
(56, 78, 5),
(57, 78, 7),
(58, 78, 2),
(59, 78, 4),
(60, 78, 4),
(61, 78, 5),
(62, 78, 9),
(63, 78, 10),
(64, 78, 9),
(65, 78, 2),
(66, 78, 2),
(67, 78, 2),
(68, 78, 10),
(69, 78, 5),
(70, 78, 2),
(71, 78, 8),
(72, 78, 5),
(73, 78, 8),
(74, 78, 5),
(75, 78, 3),
(76, 78, 5),
(77, 78, 6),
(78, 78, 3),
(79, 78, 5),
(80, 78, 1),
(81, 78, 3),
(82, 78, 9),
(83, 78, 6),
(84, 78, 7),
(85, 78, 5),
(86, 78, 10),
(87, 78, 7),
(88, 78, 9),
(89, 78, 4),
(90, 78, 2),
(91, 78, 3),
(92, 78, 9),
(93, 78, 7),
(94, 78, 9),
(95, 78, 2),
(96, 78, 8),
(97, 78, 8),
(98, 78, 2),
(99, 78, 10),
(100, 78, 5),
(1, 79, 1),
(2, 79, 8),
(3, 79, 3),
(4, 79, 1),
(5, 79, 5),
(6, 79, 1),
(7, 79, 2),
(8, 79, 3),
(9, 79, 8),
(10, 79, 2),
(11, 79, 8),
(12, 79, 3),
(13, 79, 6),
(14, 79, 7),
(15, 79, 4),
(16, 79, 7),
(17, 79, 3),
(18, 79, 9),
(19, 79, 9),
(20, 79, 2),
(21, 79, 3),
(22, 79, 10),
(23, 79, 8),
(24, 79, 7),
(25, 79, 4),
(26, 79, 7),
(27, 79, 10),
(28, 79, 9),
(29, 79, 6),
(30, 79, 10),
(31, 79, 6),
(32, 79, 2),
(33, 79, 6),
(34, 79, 6),
(35, 79, 8),
(36, 79, 5),
(37, 79, 4),
(38, 79, 9),
(39, 79, 5),
(40, 79, 6),
(41, 79, 9),
(42, 79, 2),
(43, 79, 7),
(44, 79, 7),
(45, 79, 7),
(46, 79, 9),
(47, 79, 7),
(48, 79, 4),
(49, 79, 2),
(50, 79, 3),
(51, 79, 7),
(52, 79, 6),
(53, 79, 3),
(54, 79, 3),
(55, 79, 3),
(56, 79, 7),
(57, 79, 9),
(58, 79, 5),
(59, 79, 10),
(60, 79, 3),
(61, 79, 10),
(62, 79, 4),
(63, 79, 4),
(64, 79, 9),
(65, 79, 5),
(66, 79, 10),
(67, 79, 4),
(68, 79, 5),
(69, 79, 7),
(70, 79, 3),
(71, 79, 4),
(72, 79, 10),
(73, 79, 10),
(74, 79, 4),
(75, 79, 10),
(76, 79, 4),
(77, 79, 4),
(78, 79, 1),
(79, 79, 5),
(80, 79, 9),
(81, 79, 10),
(82, 79, 7),
(83, 79, 10),
(84, 79, 8),
(85, 79, 6),
(86, 79, 8),
(87, 79, 7),
(88, 79, 6),
(89, 79, 1),
(90, 79, 9),
(91, 79, 2),
(92, 79, 9),
(93, 79, 10),
(94, 79, 3),
(95, 79, 4),
(96, 79, 9),
(97, 79, 8),
(98, 79, 8),
(99, 79, 3),
(100, 79, 5),
(1, 80, 2),
(2, 80, 4),
(3, 80, 3),
(4, 80, 4),
(5, 80, 5),
(6, 80, 4),
(7, 80, 7),
(8, 80, 3),
(9, 80, 8),
(10, 80, 7),
(11, 80, 5),
(12, 80, 3),
(13, 80, 9),
(14, 80, 8),
(15, 80, 6),
(16, 80, 5),
(17, 80, 1),
(18, 80, 6),
(19, 80, 8),
(20, 80, 8),
(21, 80, 3),
(22, 80, 6),
(23, 80, 3),
(24, 80, 1),
(25, 80, 4),
(26, 80, 4),
(27, 80, 8),
(28, 80, 1),
(29, 80, 10),
(30, 80, 9),
(31, 80, 10),
(32, 80, 2),
(33, 80, 2),
(34, 80, 9),
(35, 80, 10),
(36, 80, 6),
(37, 80, 8),
(38, 80, 7),
(39, 80, 6),
(40, 80, 1),
(41, 80, 4),
(42, 80, 10),
(43, 80, 3),
(44, 80, 10),
(45, 80, 4),
(46, 80, 7),
(47, 80, 1),
(48, 80, 8),
(49, 80, 8),
(50, 80, 4),
(51, 80, 6),
(52, 80, 2),
(53, 80, 2),
(54, 80, 7),
(55, 80, 6),
(56, 80, 3),
(57, 80, 4),
(58, 80, 6),
(59, 80, 9),
(60, 80, 10),
(61, 80, 2),
(62, 80, 6),
(63, 80, 4),
(64, 80, 6),
(65, 80, 8),
(66, 80, 4),
(67, 80, 10),
(68, 80, 8),
(69, 80, 2),
(70, 80, 9),
(71, 80, 3),
(72, 80, 5),
(73, 80, 10),
(74, 80, 9),
(75, 80, 3),
(76, 80, 5),
(77, 80, 4),
(78, 80, 5),
(79, 80, 1),
(80, 80, 3),
(81, 80, 2),
(82, 80, 4),
(83, 80, 7),
(84, 80, 10),
(85, 80, 6),
(86, 80, 9),
(87, 80, 5),
(88, 80, 6),
(89, 80, 1),
(90, 80, 10),
(91, 80, 4),
(92, 80, 5),
(93, 80, 2),
(94, 80, 4),
(95, 80, 2),
(96, 80, 2),
(97, 80, 6),
(98, 80, 1),
(99, 80, 1),
(100, 80, 5),
(1, 81, 5),
(2, 81, 6),
(3, 81, 5),
(4, 81, 3),
(5, 81, 7),
(6, 81, 6),
(7, 81, 7),
(8, 81, 6),
(9, 81, 1),
(10, 81, 10),
(11, 81, 1),
(12, 81, 8),
(13, 81, 5),
(14, 81, 5),
(15, 81, 4),
(16, 81, 1),
(17, 81, 10),
(18, 81, 4),
(19, 81, 9),
(20, 81, 6),
(21, 81, 1),
(22, 81, 4),
(23, 81, 3),
(24, 81, 10),
(25, 81, 7),
(26, 81, 3),
(27, 81, 6),
(28, 81, 7),
(29, 81, 2),
(30, 81, 9),
(31, 81, 6),
(32, 81, 2),
(33, 81, 1),
(34, 81, 2),
(35, 81, 5),
(36, 81, 8),
(37, 81, 1),
(38, 81, 7),
(39, 81, 5),
(40, 81, 2),
(41, 81, 7),
(42, 81, 8),
(43, 81, 4),
(44, 81, 5),
(45, 81, 10),
(46, 81, 4),
(47, 81, 9),
(48, 81, 1),
(49, 81, 7),
(50, 81, 4),
(51, 81, 7),
(52, 81, 4),
(53, 81, 5),
(54, 81, 2),
(55, 81, 3),
(56, 81, 2),
(57, 81, 8),
(58, 81, 10),
(59, 81, 3),
(60, 81, 9),
(61, 81, 6),
(62, 81, 8),
(63, 81, 9),
(64, 81, 9),
(65, 81, 8),
(66, 81, 2),
(67, 81, 2),
(68, 81, 1),
(69, 81, 10),
(70, 81, 3),
(71, 81, 4),
(72, 81, 4),
(73, 81, 9),
(74, 81, 7),
(75, 81, 6),
(76, 81, 6),
(77, 81, 5),
(78, 81, 9),
(79, 81, 6),
(80, 81, 10),
(81, 81, 1),
(82, 81, 8),
(83, 81, 7),
(84, 81, 6),
(85, 81, 1),
(86, 81, 9),
(87, 81, 9),
(88, 81, 2),
(89, 81, 10),
(90, 81, 10),
(91, 81, 4),
(92, 81, 4),
(93, 81, 10),
(94, 81, 9),
(95, 81, 1),
(96, 81, 3),
(97, 81, 3),
(98, 81, 5),
(99, 81, 8),
(100, 81, 2),
(1, 82, 9),
(2, 82, 2),
(3, 82, 2),
(4, 82, 1),
(5, 82, 3),
(6, 82, 6),
(7, 82, 7),
(8, 82, 10),
(9, 82, 3),
(10, 82, 7),
(11, 82, 9),
(12, 82, 10),
(13, 82, 8),
(14, 82, 8),
(15, 82, 4),
(16, 82, 2),
(17, 82, 5),
(18, 82, 7),
(19, 82, 1),
(20, 82, 6),
(21, 82, 8),
(22, 82, 1),
(23, 82, 5),
(24, 82, 2),
(25, 82, 3),
(26, 82, 10),
(27, 82, 1),
(28, 82, 4),
(29, 82, 9),
(30, 82, 6),
(31, 82, 3),
(32, 82, 3),
(33, 82, 6),
(34, 82, 7),
(35, 82, 2),
(36, 82, 6),
(37, 82, 7),
(38, 82, 2),
(39, 82, 10),
(40, 82, 3),
(41, 82, 1),
(42, 82, 6),
(43, 82, 9),
(44, 82, 6),
(45, 82, 1),
(46, 82, 8),
(47, 82, 3),
(48, 82, 6),
(49, 82, 8),
(50, 82, 2),
(51, 82, 6),
(52, 82, 1),
(53, 82, 9),
(54, 82, 8),
(55, 82, 2),
(56, 82, 5),
(57, 82, 6),
(58, 82, 10),
(59, 82, 2),
(60, 82, 5),
(61, 82, 3),
(62, 82, 8),
(63, 82, 5),
(64, 82, 2),
(65, 82, 6),
(66, 82, 7),
(67, 82, 5),
(68, 82, 1),
(69, 82, 6),
(70, 82, 7),
(71, 82, 8),
(72, 82, 9),
(73, 82, 8),
(74, 82, 1),
(75, 82, 4),
(76, 82, 4),
(77, 82, 2),
(78, 82, 5),
(79, 82, 6),
(80, 82, 1),
(81, 82, 10),
(82, 82, 4),
(83, 82, 10),
(84, 82, 9),
(85, 82, 3),
(86, 82, 4),
(87, 82, 6),
(88, 82, 9),
(89, 82, 6),
(90, 82, 9),
(91, 82, 5),
(92, 82, 5),
(93, 82, 8),
(94, 82, 2),
(95, 82, 3),
(96, 82, 9),
(97, 82, 1),
(98, 82, 2),
(99, 82, 9),
(100, 82, 6),
(1, 83, 2),
(2, 83, 10),
(3, 83, 8),
(4, 83, 10),
(5, 83, 3),
(6, 83, 9),
(7, 83, 3),
(8, 83, 8),
(9, 83, 9),
(10, 83, 10),
(11, 83, 7),
(12, 83, 9),
(13, 83, 9),
(14, 83, 2),
(15, 83, 1),
(16, 83, 8),
(17, 83, 9),
(18, 83, 2),
(19, 83, 7),
(20, 83, 1),
(21, 83, 3),
(22, 83, 4),
(23, 83, 8),
(24, 83, 10),
(25, 83, 7),
(26, 83, 2),
(27, 83, 8),
(28, 83, 2),
(29, 83, 1),
(30, 83, 9),
(31, 83, 5),
(32, 83, 8),
(33, 83, 5),
(34, 83, 2),
(35, 83, 5),
(36, 83, 3),
(37, 83, 10),
(38, 83, 7),
(39, 83, 3),
(40, 83, 10),
(41, 83, 7),
(42, 83, 7),
(43, 83, 3),
(44, 83, 5),
(45, 83, 6),
(46, 83, 3),
(47, 83, 4),
(48, 83, 4),
(49, 83, 3),
(50, 83, 6),
(51, 83, 5),
(52, 83, 5),
(53, 83, 10),
(54, 83, 3),
(55, 83, 9),
(56, 83, 4),
(57, 83, 1),
(58, 83, 9),
(59, 83, 3),
(60, 83, 8),
(61, 83, 6),
(62, 83, 6),
(63, 83, 8),
(64, 83, 10),
(65, 83, 2),
(66, 83, 5),
(67, 83, 10),
(68, 83, 1),
(69, 83, 4),
(70, 83, 10),
(71, 83, 10),
(72, 83, 6),
(73, 83, 8),
(74, 83, 4),
(75, 83, 6),
(76, 83, 6),
(77, 83, 10),
(78, 83, 9),
(79, 83, 7),
(80, 83, 3),
(81, 83, 5),
(82, 83, 9),
(83, 83, 6),
(84, 83, 1),
(85, 83, 7),
(86, 83, 4),
(87, 83, 10),
(88, 83, 5),
(89, 83, 9),
(90, 83, 3),
(91, 83, 9),
(92, 83, 9),
(93, 83, 6),
(94, 83, 7),
(95, 83, 3),
(96, 83, 4),
(97, 83, 3),
(98, 83, 5),
(99, 83, 7),
(100, 83, 1),
(1, 84, 4),
(2, 84, 3),
(3, 84, 2),
(4, 84, 5),
(5, 84, 9),
(6, 84, 3),
(7, 84, 1),
(8, 84, 6),
(9, 84, 9),
(10, 84, 7),
(11, 84, 3),
(12, 84, 4),
(13, 84, 8),
(14, 84, 2),
(15, 84, 6),
(16, 84, 5),
(17, 84, 3),
(18, 84, 5),
(19, 84, 7),
(20, 84, 4),
(21, 84, 10),
(22, 84, 1),
(23, 84, 6),
(24, 84, 10),
(25, 84, 9),
(26, 84, 10),
(27, 84, 4),
(28, 84, 9),
(29, 84, 5),
(30, 84, 4),
(31, 84, 3),
(32, 84, 5),
(33, 84, 6),
(34, 84, 2),
(35, 84, 10),
(36, 84, 5),
(37, 84, 5),
(38, 84, 4),
(39, 84, 10),
(40, 84, 3),
(41, 84, 1),
(42, 84, 8),
(43, 84, 10),
(44, 84, 8),
(45, 84, 8),
(46, 84, 9),
(47, 84, 5),
(48, 84, 10),
(49, 84, 10),
(50, 84, 6),
(51, 84, 6),
(52, 84, 2),
(53, 84, 10),
(54, 84, 8),
(55, 84, 9),
(56, 84, 10),
(57, 84, 4),
(58, 84, 2),
(59, 84, 8),
(60, 84, 6),
(61, 84, 3),
(62, 84, 10),
(63, 84, 7),
(64, 84, 3),
(65, 84, 6),
(66, 84, 5),
(67, 84, 2),
(68, 84, 4),
(69, 84, 6),
(70, 84, 3),
(71, 84, 5),
(72, 84, 5),
(73, 84, 6),
(74, 84, 4),
(75, 84, 4),
(76, 84, 1),
(77, 84, 3),
(78, 84, 7),
(79, 84, 10),
(80, 84, 8),
(81, 84, 4),
(82, 84, 6),
(83, 84, 10),
(84, 84, 2),
(85, 84, 3),
(86, 84, 6),
(87, 84, 1),
(88, 84, 7),
(89, 84, 1),
(90, 84, 8),
(91, 84, 3),
(92, 84, 6),
(93, 84, 1),
(94, 84, 2),
(95, 84, 9),
(96, 84, 10),
(97, 84, 8),
(98, 84, 3),
(99, 84, 7),
(100, 84, 2),
(1, 85, 7),
(2, 85, 10),
(3, 85, 7),
(4, 85, 4),
(5, 85, 7),
(6, 85, 9),
(7, 85, 7),
(8, 85, 2),
(9, 85, 8),
(10, 85, 2),
(11, 85, 3),
(12, 85, 10),
(13, 85, 2),
(14, 85, 3),
(15, 85, 6),
(16, 85, 10),
(17, 85, 7),
(18, 85, 4),
(19, 85, 5),
(20, 85, 9),
(21, 85, 3),
(22, 85, 4),
(23, 85, 4),
(24, 85, 6),
(25, 85, 1),
(26, 85, 2),
(27, 85, 6),
(28, 85, 4),
(29, 85, 2),
(30, 85, 1),
(31, 85, 9),
(32, 85, 3),
(33, 85, 4),
(34, 85, 4),
(35, 85, 6),
(36, 85, 7),
(37, 85, 3),
(38, 85, 5),
(39, 85, 6),
(40, 85, 4),
(41, 85, 7),
(42, 85, 10),
(43, 85, 3),
(44, 85, 2),
(45, 85, 8),
(46, 85, 7),
(47, 85, 5),
(48, 85, 7),
(49, 85, 3),
(50, 85, 9),
(51, 85, 2),
(52, 85, 2),
(53, 85, 1),
(54, 85, 4),
(55, 85, 3),
(56, 85, 5),
(57, 85, 1),
(58, 85, 10),
(59, 85, 5),
(60, 85, 5),
(61, 85, 10),
(62, 85, 5),
(63, 85, 3),
(64, 85, 7),
(65, 85, 5),
(66, 85, 8),
(67, 85, 9),
(68, 85, 1),
(69, 85, 8),
(70, 85, 8),
(71, 85, 7),
(72, 85, 8),
(73, 85, 8),
(74, 85, 2),
(75, 85, 7),
(76, 85, 1),
(77, 85, 9),
(78, 85, 5),
(79, 85, 1),
(80, 85, 5),
(81, 85, 4),
(82, 85, 6),
(83, 85, 7),
(84, 85, 3),
(85, 85, 6),
(86, 85, 5),
(87, 85, 8),
(88, 85, 4),
(89, 85, 2),
(90, 85, 3),
(91, 85, 8),
(92, 85, 6),
(93, 85, 3),
(94, 85, 3),
(95, 85, 10),
(96, 85, 1),
(97, 85, 2),
(98, 85, 4),
(99, 85, 7),
(100, 85, 2),
(1, 86, 7),
(2, 86, 6),
(3, 86, 8),
(4, 86, 7),
(5, 86, 2),
(6, 86, 5),
(7, 86, 2),
(8, 86, 8),
(9, 86, 1),
(10, 86, 2),
(11, 86, 8),
(12, 86, 7),
(13, 86, 1),
(14, 86, 7),
(15, 86, 10),
(16, 86, 1),
(17, 86, 8),
(18, 86, 3),
(19, 86, 3),
(20, 86, 4),
(21, 86, 4),
(22, 86, 6),
(23, 86, 3),
(24, 86, 8),
(25, 86, 3),
(26, 86, 8),
(27, 86, 7),
(28, 86, 1),
(29, 86, 6),
(30, 86, 7),
(31, 86, 5),
(32, 86, 5),
(33, 86, 5),
(34, 86, 8),
(35, 86, 1),
(36, 86, 9),
(37, 86, 3),
(38, 86, 8),
(39, 86, 7),
(40, 86, 9),
(41, 86, 3),
(42, 86, 4),
(43, 86, 2),
(44, 86, 8),
(45, 86, 3),
(46, 86, 1),
(47, 86, 4),
(48, 86, 8),
(49, 86, 5),
(50, 86, 4),
(51, 86, 2),
(52, 86, 9),
(53, 86, 4),
(54, 86, 10),
(55, 86, 1),
(56, 86, 4),
(57, 86, 6),
(58, 86, 9),
(59, 86, 5),
(60, 86, 3),
(61, 86, 1),
(62, 86, 7),
(63, 86, 8),
(64, 86, 1),
(65, 86, 6),
(66, 86, 5),
(67, 86, 7),
(68, 86, 10),
(69, 86, 4),
(70, 86, 9),
(71, 86, 4),
(72, 86, 5),
(73, 86, 9),
(74, 86, 7),
(75, 86, 9),
(76, 86, 8),
(77, 86, 5),
(78, 86, 7),
(79, 86, 8),
(80, 86, 9),
(81, 86, 1),
(82, 86, 6),
(83, 86, 3),
(84, 86, 3),
(85, 86, 7),
(86, 86, 8),
(87, 86, 2),
(88, 86, 9),
(89, 86, 10),
(90, 86, 1),
(91, 86, 2),
(92, 86, 1),
(93, 86, 3),
(94, 86, 4),
(95, 86, 7),
(96, 86, 6),
(97, 86, 1),
(98, 86, 8),
(99, 86, 10),
(100, 86, 10),
(1, 87, 8),
(2, 87, 7),
(3, 87, 4),
(4, 87, 5),
(5, 87, 4),
(6, 87, 3),
(7, 87, 6),
(8, 87, 10),
(9, 87, 7),
(10, 87, 5),
(11, 87, 2),
(12, 87, 10),
(13, 87, 9),
(14, 87, 6),
(15, 87, 3),
(16, 87, 5),
(17, 87, 10),
(18, 87, 7),
(19, 87, 9),
(20, 87, 10),
(21, 87, 9),
(22, 87, 5),
(23, 87, 1),
(24, 87, 6),
(25, 87, 6),
(26, 87, 3),
(27, 87, 6),
(28, 87, 5),
(29, 87, 2),
(30, 87, 4),
(31, 87, 6),
(32, 87, 1),
(33, 87, 3),
(34, 87, 9),
(35, 87, 2),
(36, 87, 5),
(37, 87, 9),
(38, 87, 3),
(39, 87, 1),
(40, 87, 1),
(41, 87, 2),
(42, 87, 1),
(43, 87, 10),
(44, 87, 3),
(45, 87, 2),
(46, 87, 4),
(47, 87, 4),
(48, 87, 5),
(49, 87, 10),
(50, 87, 10),
(51, 87, 8),
(52, 87, 5),
(53, 87, 2),
(54, 87, 9),
(55, 87, 9),
(56, 87, 3),
(57, 87, 5),
(58, 87, 1),
(59, 87, 3),
(60, 87, 10),
(61, 87, 5),
(62, 87, 6),
(63, 87, 2),
(64, 87, 6),
(65, 87, 7),
(66, 87, 5),
(67, 87, 10),
(68, 87, 3),
(69, 87, 5),
(70, 87, 2),
(71, 87, 8),
(72, 87, 9),
(73, 87, 8),
(74, 87, 5),
(75, 87, 4),
(76, 87, 7),
(77, 87, 7),
(78, 87, 1),
(79, 87, 1),
(80, 87, 6),
(81, 87, 7),
(82, 87, 2),
(83, 87, 9),
(84, 87, 6),
(85, 87, 9),
(86, 87, 5),
(87, 87, 1),
(88, 87, 9),
(89, 87, 6),
(90, 87, 9),
(91, 87, 4),
(92, 87, 7),
(93, 87, 9),
(94, 87, 10),
(95, 87, 8),
(96, 87, 2),
(97, 87, 10),
(98, 87, 5),
(99, 87, 7),
(100, 87, 9),
(1, 88, 2),
(2, 88, 7),
(3, 88, 8),
(4, 88, 8),
(5, 88, 6),
(6, 88, 4),
(7, 88, 4),
(8, 88, 4),
(9, 88, 7),
(10, 88, 7),
(11, 88, 1),
(12, 88, 8),
(13, 88, 10),
(14, 88, 2),
(15, 88, 10),
(16, 88, 6),
(17, 88, 6),
(18, 88, 3),
(19, 88, 4),
(20, 88, 6),
(21, 88, 4),
(22, 88, 4),
(23, 88, 7),
(24, 88, 7),
(25, 88, 7),
(26, 88, 2),
(27, 88, 9),
(28, 88, 7),
(29, 88, 10),
(30, 88, 5),
(31, 88, 1),
(32, 88, 7),
(33, 88, 1),
(34, 88, 6),
(35, 88, 9),
(36, 88, 8),
(37, 88, 5),
(38, 88, 5),
(39, 88, 5),
(40, 88, 1),
(41, 88, 7),
(42, 88, 1),
(43, 88, 9),
(44, 88, 9),
(45, 88, 5),
(46, 88, 1),
(47, 88, 7),
(48, 88, 8),
(49, 88, 8),
(50, 88, 2),
(51, 88, 9),
(52, 88, 10),
(53, 88, 4),
(54, 88, 1),
(55, 88, 9),
(56, 88, 1),
(57, 88, 8),
(58, 88, 8),
(59, 88, 1),
(60, 88, 3),
(61, 88, 1),
(62, 88, 8),
(63, 88, 5),
(64, 88, 5),
(65, 88, 2),
(66, 88, 7),
(67, 88, 3),
(68, 88, 1),
(69, 88, 9),
(70, 88, 6),
(71, 88, 9),
(72, 88, 4),
(73, 88, 5),
(74, 88, 6),
(75, 88, 3),
(76, 88, 2),
(77, 88, 6),
(78, 88, 5),
(79, 88, 8),
(80, 88, 5),
(81, 88, 2),
(82, 88, 8),
(83, 88, 6),
(84, 88, 8),
(85, 88, 10),
(86, 88, 2),
(87, 88, 1),
(88, 88, 2),
(89, 88, 1),
(90, 88, 10),
(91, 88, 6),
(92, 88, 4),
(93, 88, 5),
(94, 88, 8),
(95, 88, 3),
(96, 88, 9),
(97, 88, 3),
(98, 88, 8),
(99, 88, 9),
(100, 88, 3),
(1, 89, 1),
(2, 89, 4),
(3, 89, 7),
(4, 89, 8),
(5, 89, 8),
(6, 89, 6),
(7, 89, 3),
(8, 89, 3),
(9, 89, 4),
(10, 89, 8),
(11, 89, 8),
(12, 89, 2),
(13, 89, 3),
(14, 89, 4),
(15, 89, 9),
(16, 89, 2),
(17, 89, 6),
(18, 89, 7),
(19, 89, 6),
(20, 89, 9),
(21, 89, 10),
(22, 89, 10),
(23, 89, 7),
(24, 89, 8),
(25, 89, 3),
(26, 89, 6),
(27, 89, 2),
(28, 89, 3),
(29, 89, 6),
(30, 89, 7),
(31, 89, 4),
(32, 89, 4),
(33, 89, 5),
(34, 89, 9),
(35, 89, 7),
(36, 89, 6),
(37, 89, 1),
(38, 89, 3),
(39, 89, 2),
(40, 89, 10),
(41, 89, 4),
(42, 89, 9),
(43, 89, 7),
(44, 89, 8),
(45, 89, 10),
(46, 89, 7),
(47, 89, 7),
(48, 89, 3),
(49, 89, 5),
(50, 89, 6),
(51, 89, 2),
(52, 89, 2),
(53, 89, 5),
(54, 89, 10),
(55, 89, 1),
(56, 89, 3),
(57, 89, 8),
(58, 89, 1),
(59, 89, 1),
(60, 89, 6),
(61, 89, 4),
(62, 89, 9),
(63, 89, 1),
(64, 89, 3),
(65, 89, 5),
(66, 89, 8),
(67, 89, 7),
(68, 89, 4),
(69, 89, 7),
(70, 89, 7),
(71, 89, 7),
(72, 89, 10),
(73, 89, 5),
(74, 89, 7),
(75, 89, 7),
(76, 89, 4),
(77, 89, 4),
(78, 89, 7),
(79, 89, 10),
(80, 89, 9),
(81, 89, 1),
(82, 89, 2),
(83, 89, 2),
(84, 89, 10),
(85, 89, 2),
(86, 89, 9),
(87, 89, 10),
(88, 89, 6),
(89, 89, 9),
(90, 89, 3),
(91, 89, 1),
(92, 89, 7),
(93, 89, 4),
(94, 89, 7),
(95, 89, 8),
(96, 89, 1),
(97, 89, 1),
(98, 89, 1),
(99, 89, 10),
(100, 89, 4),
(1, 90, 3),
(2, 90, 1),
(3, 90, 1),
(4, 90, 4),
(5, 90, 6),
(6, 90, 3),
(7, 90, 2),
(8, 90, 7),
(9, 90, 7),
(10, 90, 4),
(11, 90, 9),
(12, 90, 6),
(13, 90, 9),
(14, 90, 2),
(15, 90, 5),
(16, 90, 8),
(17, 90, 8),
(18, 90, 9),
(19, 90, 7),
(20, 90, 6),
(21, 90, 10),
(22, 90, 6),
(23, 90, 2),
(24, 90, 4),
(25, 90, 6),
(26, 90, 3),
(27, 90, 9),
(28, 90, 3),
(29, 90, 4),
(30, 90, 3),
(31, 90, 8),
(32, 90, 2),
(33, 90, 5),
(34, 90, 5),
(35, 90, 7),
(36, 90, 10),
(37, 90, 1),
(38, 90, 7),
(39, 90, 4),
(40, 90, 1),
(41, 90, 8),
(42, 90, 4),
(43, 90, 1),
(44, 90, 7),
(45, 90, 10),
(46, 90, 1),
(47, 90, 1),
(48, 90, 8),
(49, 90, 1),
(50, 90, 2),
(51, 90, 8),
(52, 90, 2),
(53, 90, 5),
(54, 90, 4),
(55, 90, 9),
(56, 90, 4),
(57, 90, 1),
(58, 90, 9),
(59, 90, 6),
(60, 90, 1),
(61, 90, 3),
(62, 90, 7),
(63, 90, 1),
(64, 90, 4),
(65, 90, 1),
(66, 90, 1),
(67, 90, 3),
(68, 90, 4),
(69, 90, 10),
(70, 90, 2),
(71, 90, 7),
(72, 90, 8),
(73, 90, 7),
(74, 90, 6),
(75, 90, 10),
(76, 90, 6),
(77, 90, 6),
(78, 90, 6),
(79, 90, 7),
(80, 90, 1),
(81, 90, 6),
(82, 90, 4),
(83, 90, 10),
(84, 90, 9),
(85, 90, 2),
(86, 90, 10),
(87, 90, 3),
(88, 90, 2),
(89, 90, 4),
(90, 90, 2),
(91, 90, 7),
(92, 90, 10),
(93, 90, 6),
(94, 90, 8),
(95, 90, 4),
(96, 90, 7),
(97, 90, 9),
(98, 90, 2),
(99, 90, 6),
(100, 90, 9),
(1, 91, 3),
(2, 91, 3),
(3, 91, 1),
(4, 91, 5),
(5, 91, 1),
(6, 91, 9),
(7, 91, 6),
(8, 91, 2),
(9, 91, 1),
(10, 91, 6),
(11, 91, 7),
(12, 91, 2),
(13, 91, 2),
(14, 91, 3),
(15, 91, 2),
(16, 91, 8),
(17, 91, 5),
(18, 91, 9),
(19, 91, 6),
(20, 91, 1),
(21, 91, 1),
(22, 91, 2),
(23, 91, 9),
(24, 91, 5),
(25, 91, 4),
(26, 91, 9),
(27, 91, 8),
(28, 91, 2),
(29, 91, 2),
(30, 91, 7),
(31, 91, 5),
(32, 91, 6),
(33, 91, 10),
(34, 91, 8),
(35, 91, 10),
(36, 91, 2),
(37, 91, 4),
(38, 91, 1),
(39, 91, 9),
(40, 91, 8),
(41, 91, 2),
(42, 91, 4),
(43, 91, 9),
(44, 91, 2),
(45, 91, 2),
(46, 91, 8),
(47, 91, 3),
(48, 91, 7),
(49, 91, 6),
(50, 91, 10),
(51, 91, 3),
(52, 91, 8),
(53, 91, 1),
(54, 91, 4),
(55, 91, 6),
(56, 91, 6),
(57, 91, 4),
(58, 91, 3),
(59, 91, 4),
(60, 91, 6),
(61, 91, 7),
(62, 91, 2),
(63, 91, 1),
(64, 91, 6),
(65, 91, 6),
(66, 91, 8),
(67, 91, 6),
(68, 91, 1),
(69, 91, 1),
(70, 91, 8),
(71, 91, 6),
(72, 91, 7),
(73, 91, 2),
(74, 91, 5),
(75, 91, 6),
(76, 91, 3),
(77, 91, 4),
(78, 91, 10),
(79, 91, 2),
(80, 91, 7),
(81, 91, 7),
(82, 91, 6),
(83, 91, 4),
(84, 91, 3),
(85, 91, 6),
(86, 91, 9),
(87, 91, 9),
(88, 91, 5),
(89, 91, 8),
(90, 91, 10),
(91, 91, 3),
(92, 91, 4),
(93, 91, 6),
(94, 91, 3),
(95, 91, 10),
(96, 91, 10),
(97, 91, 8),
(98, 91, 2),
(99, 91, 9),
(100, 91, 5),
(1, 92, 4),
(2, 92, 2),
(3, 92, 5),
(4, 92, 2),
(5, 92, 1),
(6, 92, 3),
(7, 92, 8),
(8, 92, 8),
(9, 92, 10),
(10, 92, 10),
(11, 92, 7),
(12, 92, 9),
(13, 92, 10),
(14, 92, 2),
(15, 92, 4),
(16, 92, 2),
(17, 92, 6),
(18, 92, 1),
(19, 92, 9),
(20, 92, 10),
(21, 92, 3),
(22, 92, 8),
(23, 92, 1),
(24, 92, 2),
(25, 92, 4),
(26, 92, 9),
(27, 92, 4),
(28, 92, 6),
(29, 92, 6),
(30, 92, 8),
(31, 92, 3),
(32, 92, 5),
(33, 92, 7),
(34, 92, 7),
(35, 92, 2),
(36, 92, 10),
(37, 92, 8),
(38, 92, 3),
(39, 92, 3),
(40, 92, 8),
(41, 92, 3),
(42, 92, 9),
(43, 92, 2),
(44, 92, 6),
(45, 92, 2),
(46, 92, 9),
(47, 92, 10),
(48, 92, 5),
(49, 92, 10),
(50, 92, 9),
(51, 92, 6),
(52, 92, 3),
(53, 92, 9),
(54, 92, 6),
(55, 92, 6),
(56, 92, 4),
(57, 92, 6),
(58, 92, 7),
(59, 92, 1),
(60, 92, 3),
(61, 92, 9),
(62, 92, 5),
(63, 92, 4),
(64, 92, 8),
(65, 92, 7),
(66, 92, 8),
(67, 92, 6),
(68, 92, 7),
(69, 92, 7),
(70, 92, 9),
(71, 92, 1),
(72, 92, 1),
(73, 92, 9),
(74, 92, 10),
(75, 92, 1),
(76, 92, 10),
(77, 92, 9),
(78, 92, 1),
(79, 92, 6),
(80, 92, 7),
(81, 92, 9),
(82, 92, 2),
(83, 92, 8),
(84, 92, 8),
(85, 92, 5),
(86, 92, 5),
(87, 92, 9),
(88, 92, 8),
(89, 92, 1),
(90, 92, 6),
(91, 92, 1),
(92, 92, 5),
(93, 92, 10),
(94, 92, 9),
(95, 92, 5),
(96, 92, 5),
(97, 92, 5),
(98, 92, 7),
(99, 92, 2),
(100, 92, 7),
(1, 93, 8),
(2, 93, 8),
(3, 93, 9),
(4, 93, 4),
(5, 93, 8),
(6, 93, 2),
(7, 93, 6),
(8, 93, 10),
(9, 93, 4),
(10, 93, 10),
(11, 93, 8),
(12, 93, 1),
(13, 93, 1),
(14, 93, 6),
(15, 93, 8),
(16, 93, 9),
(17, 93, 9),
(18, 93, 10),
(19, 93, 8),
(20, 93, 4),
(21, 93, 3),
(22, 93, 8),
(23, 93, 8),
(24, 93, 10),
(25, 93, 8),
(26, 93, 7),
(27, 93, 5),
(28, 93, 9),
(29, 93, 3),
(30, 93, 9),
(31, 93, 1),
(32, 93, 3),
(33, 93, 2),
(34, 93, 6),
(35, 93, 8),
(36, 93, 2),
(37, 93, 7),
(38, 93, 8),
(39, 93, 6),
(40, 93, 3),
(41, 93, 4),
(42, 93, 3),
(43, 93, 8),
(44, 93, 7),
(45, 93, 2),
(46, 93, 1),
(47, 93, 5),
(48, 93, 2),
(49, 93, 8),
(50, 93, 2),
(51, 93, 9),
(52, 93, 4),
(53, 93, 10),
(54, 93, 7),
(55, 93, 8),
(56, 93, 3),
(57, 93, 4),
(58, 93, 10),
(59, 93, 4),
(60, 93, 10),
(61, 93, 4),
(62, 93, 5),
(63, 93, 10),
(64, 93, 3),
(65, 93, 2),
(66, 93, 9),
(67, 93, 7),
(68, 93, 9),
(69, 93, 5),
(70, 93, 5),
(71, 93, 9),
(72, 93, 9),
(73, 93, 5),
(74, 93, 7),
(75, 93, 7),
(76, 93, 7),
(77, 93, 3),
(78, 93, 1),
(79, 93, 3),
(80, 93, 5),
(81, 93, 1),
(82, 93, 6),
(83, 93, 4),
(84, 93, 2),
(85, 93, 8),
(86, 93, 1),
(87, 93, 10),
(88, 93, 9),
(89, 93, 9),
(90, 93, 9),
(91, 93, 6),
(92, 93, 2),
(93, 93, 1),
(94, 93, 4),
(95, 93, 9),
(96, 93, 2),
(97, 93, 3),
(98, 93, 9),
(99, 93, 8),
(100, 93, 5),
(1, 94, 1),
(2, 94, 2),
(3, 94, 4),
(4, 94, 10),
(5, 94, 4),
(6, 94, 8),
(7, 94, 1),
(8, 94, 6),
(9, 94, 4),
(10, 94, 9),
(11, 94, 9),
(12, 94, 3),
(13, 94, 4),
(14, 94, 10),
(15, 94, 1),
(16, 94, 8),
(17, 94, 7),
(18, 94, 4),
(19, 94, 1),
(20, 94, 6),
(21, 94, 2),
(22, 94, 1),
(23, 94, 9),
(24, 94, 10),
(25, 94, 2),
(26, 94, 4),
(27, 94, 8),
(28, 94, 2),
(29, 94, 4),
(30, 94, 8),
(31, 94, 3),
(32, 94, 3),
(33, 94, 9),
(34, 94, 7),
(35, 94, 9),
(36, 94, 3),
(37, 94, 9),
(38, 94, 7),
(39, 94, 10),
(40, 94, 2),
(41, 94, 5),
(42, 94, 1),
(43, 94, 7),
(44, 94, 7),
(45, 94, 6),
(46, 94, 9),
(47, 94, 3),
(48, 94, 5),
(49, 94, 3),
(50, 94, 6),
(51, 94, 9),
(52, 94, 1),
(53, 94, 7),
(54, 94, 7),
(55, 94, 3),
(56, 94, 1),
(57, 94, 2),
(58, 94, 9),
(59, 94, 8),
(60, 94, 8),
(61, 94, 6),
(62, 94, 8),
(63, 94, 4),
(64, 94, 7),
(65, 94, 5),
(66, 94, 7),
(67, 94, 1),
(68, 94, 6),
(69, 94, 9),
(70, 94, 6),
(71, 94, 2),
(72, 94, 1),
(73, 94, 7),
(74, 94, 9),
(75, 94, 7),
(76, 94, 5),
(77, 94, 5),
(78, 94, 3),
(79, 94, 5),
(80, 94, 9),
(81, 94, 1),
(82, 94, 2),
(83, 94, 2),
(84, 94, 3),
(85, 94, 10),
(86, 94, 3),
(87, 94, 8),
(88, 94, 8),
(89, 94, 2),
(90, 94, 10),
(91, 94, 4),
(92, 94, 3),
(93, 94, 10),
(94, 94, 7),
(95, 94, 3),
(96, 94, 7),
(97, 94, 4),
(98, 94, 8),
(99, 94, 6),
(100, 94, 3),
(1, 95, 4),
(2, 95, 9),
(3, 95, 4),
(4, 95, 10),
(5, 95, 1),
(6, 95, 9),
(7, 95, 9),
(8, 95, 3),
(9, 95, 2),
(10, 95, 2),
(11, 95, 4),
(12, 95, 8),
(13, 95, 4),
(14, 95, 4),
(15, 95, 2),
(16, 95, 3),
(17, 95, 8),
(18, 95, 1),
(19, 95, 3),
(20, 95, 5),
(21, 95, 7),
(22, 95, 8),
(23, 95, 10),
(24, 95, 9),
(25, 95, 10),
(26, 95, 9),
(27, 95, 3),
(28, 95, 7),
(29, 95, 5),
(30, 95, 2),
(31, 95, 2),
(32, 95, 8),
(33, 95, 1),
(34, 95, 9),
(35, 95, 3),
(36, 95, 8),
(37, 95, 1),
(38, 95, 9),
(39, 95, 7),
(40, 95, 4),
(41, 95, 3),
(42, 95, 5),
(43, 95, 7),
(44, 95, 9),
(45, 95, 6),
(46, 95, 7),
(47, 95, 10),
(48, 95, 10),
(49, 95, 3),
(50, 95, 2),
(51, 95, 7),
(52, 95, 9),
(53, 95, 3),
(54, 95, 7),
(55, 95, 6),
(56, 95, 6),
(57, 95, 5),
(58, 95, 9),
(59, 95, 7),
(60, 95, 9),
(61, 95, 1),
(62, 95, 9),
(63, 95, 9),
(64, 95, 7),
(65, 95, 1),
(66, 95, 8),
(67, 95, 10),
(68, 95, 9),
(69, 95, 5),
(70, 95, 5),
(71, 95, 7),
(72, 95, 6),
(73, 95, 3),
(74, 95, 1),
(75, 95, 2),
(76, 95, 3),
(77, 95, 6),
(78, 95, 5),
(79, 95, 7),
(80, 95, 1),
(81, 95, 1),
(82, 95, 9),
(83, 95, 2),
(84, 95, 8),
(85, 95, 3),
(86, 95, 4),
(87, 95, 10),
(88, 95, 2),
(89, 95, 3),
(90, 95, 1),
(91, 95, 1),
(92, 95, 7),
(93, 95, 6),
(94, 95, 8),
(95, 95, 9),
(96, 95, 6),
(97, 95, 7),
(98, 95, 1),
(99, 95, 5),
(100, 95, 10),
(1, 96, 3),
(2, 96, 3),
(3, 96, 9),
(4, 96, 6),
(5, 96, 6),
(6, 96, 6),
(7, 96, 8),
(8, 96, 10),
(9, 96, 3),
(10, 96, 8),
(11, 96, 6),
(12, 96, 3),
(13, 96, 4),
(14, 96, 10),
(15, 96, 9),
(16, 96, 2),
(17, 96, 8),
(18, 96, 7),
(19, 96, 3),
(20, 96, 8),
(21, 96, 5),
(22, 96, 10),
(23, 96, 10),
(24, 96, 9),
(25, 96, 5),
(26, 96, 7),
(27, 96, 2),
(28, 96, 6),
(29, 96, 10),
(30, 96, 8),
(31, 96, 6),
(32, 96, 2),
(33, 96, 7),
(34, 96, 3),
(35, 96, 6),
(36, 96, 8),
(37, 96, 2),
(38, 96, 4),
(39, 96, 1),
(40, 96, 4),
(41, 96, 10),
(42, 96, 1),
(43, 96, 2),
(44, 96, 8),
(45, 96, 4),
(46, 96, 7),
(47, 96, 4),
(48, 96, 8),
(49, 96, 9),
(50, 96, 1),
(51, 96, 5),
(52, 96, 6),
(53, 96, 6),
(54, 96, 1),
(55, 96, 2),
(56, 96, 5),
(57, 96, 8),
(58, 96, 7),
(59, 96, 3),
(60, 96, 7),
(61, 96, 4),
(62, 96, 1),
(63, 96, 9),
(64, 96, 5),
(65, 96, 10),
(66, 96, 4),
(67, 96, 3),
(68, 96, 4),
(69, 96, 2),
(70, 96, 3),
(71, 96, 7),
(72, 96, 9),
(73, 96, 9),
(74, 96, 8),
(75, 96, 2),
(76, 96, 1),
(77, 96, 1),
(78, 96, 2),
(79, 96, 8),
(80, 96, 7),
(81, 96, 2),
(82, 96, 2),
(83, 96, 9),
(84, 96, 8),
(85, 96, 8),
(86, 96, 10),
(87, 96, 4),
(88, 96, 2),
(89, 96, 10),
(90, 96, 5),
(91, 96, 1),
(92, 96, 7),
(93, 96, 4),
(94, 96, 8),
(95, 96, 9),
(96, 96, 2),
(97, 96, 8),
(98, 96, 8),
(99, 96, 4),
(100, 96, 9),
(1, 97, 4),
(2, 97, 2),
(3, 97, 8),
(4, 97, 7),
(5, 97, 3),
(6, 97, 3),
(7, 97, 10),
(8, 97, 8),
(9, 97, 6),
(10, 97, 9),
(11, 97, 3),
(12, 97, 2),
(13, 97, 5),
(14, 97, 1),
(15, 97, 7),
(16, 97, 5),
(17, 97, 3),
(18, 97, 6),
(19, 97, 8),
(20, 97, 2),
(21, 97, 1),
(22, 97, 1),
(23, 97, 10),
(24, 97, 7),
(25, 97, 3),
(26, 97, 6),
(27, 97, 7),
(28, 97, 8),
(29, 97, 1),
(30, 97, 7),
(31, 97, 9),
(32, 97, 8),
(33, 97, 10),
(34, 97, 10),
(35, 97, 6),
(36, 97, 4),
(37, 97, 3),
(38, 97, 9),
(39, 97, 8),
(40, 97, 5),
(41, 97, 9),
(42, 97, 4),
(43, 97, 8),
(44, 97, 4),
(45, 97, 3),
(46, 97, 3),
(47, 97, 10),
(48, 97, 2),
(49, 97, 7),
(50, 97, 4),
(51, 97, 10),
(52, 97, 10),
(53, 97, 8),
(54, 97, 8),
(55, 97, 2),
(56, 97, 2),
(57, 97, 10),
(58, 97, 10),
(59, 97, 5),
(60, 97, 10),
(61, 97, 6),
(62, 97, 4),
(63, 97, 5),
(64, 97, 7),
(65, 97, 9),
(66, 97, 4),
(67, 97, 3),
(68, 97, 7),
(69, 97, 3),
(70, 97, 7),
(71, 97, 2),
(72, 97, 9),
(73, 97, 4),
(74, 97, 4),
(75, 97, 5),
(76, 97, 8),
(77, 97, 4),
(78, 97, 3),
(79, 97, 1),
(80, 97, 5),
(81, 97, 7),
(82, 97, 9),
(83, 97, 4),
(84, 97, 7),
(85, 97, 8),
(86, 97, 3),
(87, 97, 8),
(88, 97, 2),
(89, 97, 1),
(90, 97, 5),
(91, 97, 9),
(92, 97, 2),
(93, 97, 4),
(94, 97, 4),
(95, 97, 10),
(96, 97, 10),
(97, 97, 7),
(98, 97, 6),
(99, 97, 2),
(100, 97, 1),
(1, 98, 2),
(2, 98, 7),
(3, 98, 2),
(4, 98, 8),
(5, 98, 1),
(6, 98, 9),
(7, 98, 8),
(8, 98, 3),
(9, 98, 5),
(10, 98, 5),
(11, 98, 3),
(12, 98, 5),
(13, 98, 3),
(14, 98, 8),
(15, 98, 7),
(16, 98, 9),
(17, 98, 8),
(18, 98, 9),
(19, 98, 3),
(20, 98, 3),
(21, 98, 9),
(22, 98, 1),
(23, 98, 8),
(24, 98, 4),
(25, 98, 6),
(26, 98, 4),
(27, 98, 3),
(28, 98, 3),
(29, 98, 6),
(30, 98, 3),
(31, 98, 10),
(32, 98, 9),
(33, 98, 5),
(34, 98, 1),
(35, 98, 8),
(36, 98, 10),
(37, 98, 10),
(38, 98, 5),
(39, 98, 5),
(40, 98, 8),
(41, 98, 9),
(42, 98, 5),
(43, 98, 8),
(44, 98, 2),
(45, 98, 4),
(46, 98, 1),
(47, 98, 8),
(48, 98, 1),
(49, 98, 1),
(50, 98, 1),
(51, 98, 3),
(52, 98, 8),
(53, 98, 10),
(54, 98, 9),
(55, 98, 8),
(56, 98, 7),
(57, 98, 7),
(58, 98, 9),
(59, 98, 1),
(60, 98, 10),
(61, 98, 2),
(62, 98, 8),
(63, 98, 7),
(64, 98, 2),
(65, 98, 4),
(66, 98, 4),
(67, 98, 5),
(68, 98, 9),
(69, 98, 1),
(70, 98, 10),
(71, 98, 2),
(72, 98, 2),
(73, 98, 9),
(74, 98, 3),
(75, 98, 1),
(76, 98, 10),
(77, 98, 2),
(78, 98, 5),
(79, 98, 4),
(80, 98, 4),
(81, 98, 5),
(82, 98, 9),
(83, 98, 1),
(84, 98, 2),
(85, 98, 3),
(86, 98, 3),
(87, 98, 6),
(88, 98, 9),
(89, 98, 2),
(90, 98, 10),
(91, 98, 6),
(92, 98, 7),
(93, 98, 1),
(94, 98, 1),
(95, 98, 5),
(96, 98, 9),
(97, 98, 10),
(98, 98, 4),
(99, 98, 8),
(100, 98, 7),
(1, 99, 5),
(2, 99, 9),
(3, 99, 9),
(4, 99, 6),
(5, 99, 2),
(6, 99, 9),
(7, 99, 3),
(8, 99, 6),
(9, 99, 2),
(10, 99, 9),
(11, 99, 4),
(12, 99, 5),
(13, 99, 1),
(14, 99, 4),
(15, 99, 3),
(16, 99, 8),
(17, 99, 6),
(18, 99, 7),
(19, 99, 8),
(20, 99, 8),
(21, 99, 7),
(22, 99, 10),
(23, 99, 2),
(24, 99, 2),
(25, 99, 5),
(26, 99, 3),
(27, 99, 10),
(28, 99, 5),
(29, 99, 7),
(30, 99, 5),
(31, 99, 8),
(32, 99, 8),
(33, 99, 10),
(34, 99, 9),
(35, 99, 1),
(36, 99, 2),
(37, 99, 4),
(38, 99, 1),
(39, 99, 6),
(40, 99, 8),
(41, 99, 4),
(42, 99, 10),
(43, 99, 7),
(44, 99, 6),
(45, 99, 5),
(46, 99, 7),
(47, 99, 2),
(48, 99, 2),
(49, 99, 4),
(50, 99, 2),
(51, 99, 2),
(52, 99, 10),
(53, 99, 2),
(54, 99, 8),
(55, 99, 8),
(56, 99, 6),
(57, 99, 10),
(58, 99, 8),
(59, 99, 4),
(60, 99, 5),
(61, 99, 8),
(62, 99, 2),
(63, 99, 5),
(64, 99, 7),
(65, 99, 5),
(66, 99, 6),
(67, 99, 5),
(68, 99, 1),
(69, 99, 2),
(70, 99, 6),
(71, 99, 2),
(72, 99, 7),
(73, 99, 10),
(74, 99, 9),
(75, 99, 3),
(76, 99, 7),
(77, 99, 5),
(78, 99, 8),
(79, 99, 6),
(80, 99, 9),
(81, 99, 6),
(82, 99, 5),
(83, 99, 5),
(84, 99, 1),
(85, 99, 7),
(86, 99, 5),
(87, 99, 5),
(88, 99, 4),
(89, 99, 3),
(90, 99, 10),
(91, 99, 10),
(92, 99, 8),
(93, 99, 4),
(94, 99, 4),
(95, 99, 4),
(96, 99, 8),
(97, 99, 9),
(98, 99, 4),
(99, 99, 1),
(100, 99, 1),
(1, 100, 10),
(2, 100, 1),
(3, 100, 10),
(4, 100, 7),
(5, 100, 6),
(6, 100, 10),
(7, 100, 4),
(8, 100, 9),
(9, 100, 4),
(10, 100, 7),
(11, 100, 2),
(12, 100, 2),
(13, 100, 3),
(14, 100, 4),
(15, 100, 8),
(16, 100, 1),
(17, 100, 5),
(18, 100, 8),
(19, 100, 10),
(20, 100, 10),
(21, 100, 5),
(22, 100, 3),
(23, 100, 10),
(24, 100, 10),
(25, 100, 7),
(26, 100, 6),
(27, 100, 7),
(28, 100, 4),
(29, 100, 4),
(30, 100, 4),
(31, 100, 7),
(32, 100, 5),
(33, 100, 7),
(34, 100, 10),
(35, 100, 7),
(36, 100, 9),
(37, 100, 7),
(38, 100, 3),
(39, 100, 6),
(40, 100, 5),
(41, 100, 5),
(42, 100, 1),
(43, 100, 3),
(44, 100, 6),
(45, 100, 4),
(46, 100, 9),
(47, 100, 4),
(48, 100, 8),
(49, 100, 9),
(50, 100, 2),
(51, 100, 1),
(52, 100, 6),
(53, 100, 1),
(54, 100, 8),
(55, 100, 10),
(56, 100, 10),
(57, 100, 1),
(58, 100, 7),
(59, 100, 6),
(60, 100, 4),
(61, 100, 9),
(62, 100, 7),
(63, 100, 2),
(64, 100, 3),
(65, 100, 5),
(66, 100, 6),
(67, 100, 6),
(68, 100, 4),
(69, 100, 3),
(70, 100, 2),
(71, 100, 1),
(72, 100, 3),
(73, 100, 6),
(74, 100, 6),
(75, 100, 2),
(76, 100, 10),
(77, 100, 10),
(78, 100, 4),
(79, 100, 1),
(80, 100, 3),
(81, 100, 6),
(82, 100, 1),
(83, 100, 1),
(84, 100, 1),
(85, 100, 3),
(86, 100, 2),
(87, 100, 1),
(88, 100, 10),
(89, 100, 6),
(90, 100, 8),
(91, 100, 7),
(92, 100, 9),
(93, 100, 2),
(94, 100, 1),
(95, 100, 3),
(96, 100, 9),
(97, 100, 4),
(98, 100, 7),
(99, 100, 4),
(100, 100, 9);

